split,sample_id,fault_type,vin,cycle_index,sample_label,sequence_length
train,LFP_normal_vin_102_vin_102_discharge_1,normal,vin_102,1,0,684
train,LFP_normal_vin_102_vin_102_discharge_2,normal,vin_102,2,0,811
train,LFP_normal_vin_102_vin_102_discharge_3,normal,vin_102,3,0,651
train,LFP_normal_vin_102_vin_102_discharge_4,normal,vin_102,4,0,701
train,LFP_normal_vin_102_vin_102_discharge_5,normal,vin_102,5,0,506
train,LFP_normal_vin_102_vin_102_discharge_6,normal,vin_102,6,0,718
train,LFP_normal_vin_102_vin_102_discharge_7,normal,vin_102,7,0,506
train,LFP_normal_vin_102_vin_102_discharge_8,normal,vin_102,8,0,915
train,LFP_normal_vin_102_vin_102_discharge_9,normal,vin_102,9,0,533
train,LFP_normal_vin_102_vin_102_discharge_10,normal,vin_102,10,0,516
train,LFP_normal_vin_103_vin_103_discharge_1,normal,vin_103,1,0,549
train,LFP_normal_vin_103_vin_103_discharge_2,normal,vin_103,2,0,876
train,LFP_normal_vin_103_vin_103_discharge_3,normal,vin_103,3,0,671
train,LFP_normal_vin_103_vin_103_discharge_4,normal,vin_103,4,0,512
train,LFP_normal_vin_103_vin_103_discharge_5,normal,vin_103,5,0,604
train,LFP_normal_vin_103_vin_103_discharge_6,normal,vin_103,6,0,587
train,LFP_normal_vin_103_vin_103_discharge_7,normal,vin_103,7,0,800
train,LFP_normal_vin_103_vin_103_discharge_8,normal,vin_103,8,0,513
train,LFP_normal_vin_103_vin_103_discharge_9,normal,vin_103,9,0,594
train,LFP_normal_vin_103_vin_103_discharge_10,normal,vin_103,10,0,491
train,LFP_normal_vin_104_vin_104_discharge_1,normal,vin_104,1,0,563
train,LFP_normal_vin_104_vin_104_discharge_2,normal,vin_104,2,0,674
train,LFP_normal_vin_104_vin_104_discharge_3,normal,vin_104,3,0,590
train,LFP_normal_vin_104_vin_104_discharge_4,normal,vin_104,4,0,567
train,LFP_normal_vin_104_vin_104_discharge_5,normal,vin_104,5,0,572
train,LFP_normal_vin_104_vin_104_discharge_6,normal,vin_104,6,0,900
train,LFP_normal_vin_104_vin_104_discharge_7,normal,vin_104,7,0,1047
train,LFP_normal_vin_104_vin_104_discharge_8,normal,vin_104,8,0,568
train,LFP_normal_vin_104_vin_104_discharge_9,normal,vin_104,9,0,766
train,LFP_normal_vin_104_vin_104_discharge_10,normal,vin_104,10,0,575
train,LFP_normal_vin_105_vin_105_discharge_1,normal,vin_105,1,0,623
train,LFP_normal_vin_105_vin_105_discharge_2,normal,vin_105,2,0,891
train,LFP_normal_vin_105_vin_105_discharge_3,normal,vin_105,3,0,723
train,LFP_normal_vin_105_vin_105_discharge_4,normal,vin_105,4,0,908
train,LFP_normal_vin_105_vin_105_discharge_5,normal,vin_105,5,0,702
train,LFP_normal_vin_105_vin_105_discharge_6,normal,vin_105,6,0,508
train,LFP_normal_vin_105_vin_105_discharge_7,normal,vin_105,7,0,519
train,LFP_normal_vin_105_vin_105_discharge_8,normal,vin_105,8,0,851
train,LFP_normal_vin_105_vin_105_discharge_9,normal,vin_105,9,0,870
train,LFP_normal_vin_105_vin_105_discharge_10,normal,vin_105,10,0,946
train,LFP_normal_vin_106_vin_106_discharge_1,normal,vin_106,1,0,523
train,LFP_normal_vin_106_vin_106_discharge_2,normal,vin_106,2,0,565
train,LFP_normal_vin_106_vin_106_discharge_3,normal,vin_106,3,0,744
train,LFP_normal_vin_106_vin_106_discharge_4,normal,vin_106,4,0,544
train,LFP_normal_vin_106_vin_106_discharge_5,normal,vin_106,5,0,784
train,LFP_normal_vin_106_vin_106_discharge_6,normal,vin_106,6,0,632
train,LFP_normal_vin_106_vin_106_discharge_7,normal,vin_106,7,0,681
train,LFP_normal_vin_106_vin_106_discharge_8,normal,vin_106,8,0,614
train,LFP_normal_vin_106_vin_106_discharge_9,normal,vin_106,9,0,582
train,LFP_normal_vin_106_vin_106_discharge_10,normal,vin_106,10,0,484
train,LFP_normal_vin_107_vin_107_discharge_1,normal,vin_107,1,0,692
train,LFP_normal_vin_107_vin_107_discharge_2,normal,vin_107,2,0,763
train,LFP_normal_vin_107_vin_107_discharge_3,normal,vin_107,3,0,854
train,LFP_normal_vin_107_vin_107_discharge_4,normal,vin_107,4,0,558
train,LFP_normal_vin_107_vin_107_discharge_5,normal,vin_107,5,0,665
train,LFP_normal_vin_107_vin_107_discharge_6,normal,vin_107,6,0,622
train,LFP_normal_vin_107_vin_107_discharge_7,normal,vin_107,7,0,487
train,LFP_normal_vin_107_vin_107_discharge_8,normal,vin_107,8,0,500
train,LFP_normal_vin_107_vin_107_discharge_9,normal,vin_107,9,0,847
train,LFP_normal_vin_107_vin_107_discharge_10,normal,vin_107,10,0,540
train,LFP_normal_vin_108_vin_108_discharge_1,normal,vin_108,1,0,751
train,LFP_normal_vin_108_vin_108_discharge_2,normal,vin_108,2,0,597
train,LFP_normal_vin_108_vin_108_discharge_3,normal,vin_108,3,0,674
train,LFP_normal_vin_108_vin_108_discharge_4,normal,vin_108,4,0,718
train,LFP_normal_vin_108_vin_108_discharge_5,normal,vin_108,5,0,639
train,LFP_normal_vin_108_vin_108_discharge_6,normal,vin_108,6,0,554
train,LFP_normal_vin_108_vin_108_discharge_7,normal,vin_108,7,0,639
train,LFP_normal_vin_108_vin_108_discharge_8,normal,vin_108,8,0,638
train,LFP_normal_vin_108_vin_108_discharge_9,normal,vin_108,9,0,529
train,LFP_normal_vin_108_vin_108_discharge_10,normal,vin_108,10,0,725
train,LFP_normal_vin_109_vin_109_discharge_1,normal,vin_109,1,0,559
train,LFP_normal_vin_109_vin_109_discharge_2,normal,vin_109,2,0,867
train,LFP_normal_vin_109_vin_109_discharge_3,normal,vin_109,3,0,914
train,LFP_normal_vin_109_vin_109_discharge_4,normal,vin_109,4,0,729
train,LFP_normal_vin_109_vin_109_discharge_5,normal,vin_109,5,0,860
train,LFP_normal_vin_109_vin_109_discharge_6,normal,vin_109,6,0,688
train,LFP_normal_vin_109_vin_109_discharge_7,normal,vin_109,7,0,562
train,LFP_normal_vin_109_vin_109_discharge_8,normal,vin_109,8,0,722
train,LFP_normal_vin_109_vin_109_discharge_9,normal,vin_109,9,0,551
train,LFP_normal_vin_109_vin_109_discharge_10,normal,vin_109,10,0,584
train,LFP_normal_vin_110_vin_110_discharge_1,normal,vin_110,1,0,592
train,LFP_normal_vin_110_vin_110_discharge_2,normal,vin_110,2,0,762
train,LFP_normal_vin_110_vin_110_discharge_3,normal,vin_110,3,0,919
train,LFP_normal_vin_110_vin_110_discharge_4,normal,vin_110,4,0,586
train,LFP_normal_vin_110_vin_110_discharge_5,normal,vin_110,5,0,863
train,LFP_normal_vin_110_vin_110_discharge_6,normal,vin_110,6,0,688
train,LFP_normal_vin_110_vin_110_discharge_7,normal,vin_110,7,0,620
train,LFP_normal_vin_110_vin_110_discharge_8,normal,vin_110,8,0,781
train,LFP_normal_vin_110_vin_110_discharge_9,normal,vin_110,9,0,525
train,LFP_normal_vin_110_vin_110_discharge_10,normal,vin_110,10,0,722
train,LFP_normal_vin_112_vin_112_discharge_1,normal,vin_112,1,0,667
train,LFP_normal_vin_112_vin_112_discharge_2,normal,vin_112,2,0,795
train,LFP_normal_vin_112_vin_112_discharge_3,normal,vin_112,3,0,538
train,LFP_normal_vin_112_vin_112_discharge_4,normal,vin_112,4,0,645
train,LFP_normal_vin_112_vin_112_discharge_5,normal,vin_112,5,0,570
train,LFP_normal_vin_112_vin_112_discharge_6,normal,vin_112,6,0,646
train,LFP_normal_vin_112_vin_112_discharge_7,normal,vin_112,7,0,519
train,LFP_normal_vin_112_vin_112_discharge_8,normal,vin_112,8,0,1099
train,LFP_normal_vin_112_vin_112_discharge_9,normal,vin_112,9,0,508
train,LFP_normal_vin_112_vin_112_discharge_10,normal,vin_112,10,0,526
train,LFP_normal_vin_113_vin_113_discharge_1,normal,vin_113,1,0,571
train,LFP_normal_vin_113_vin_113_discharge_2,normal,vin_113,2,0,696
train,LFP_normal_vin_113_vin_113_discharge_3,normal,vin_113,3,0,746
train,LFP_normal_vin_113_vin_113_discharge_4,normal,vin_113,4,0,673
train,LFP_normal_vin_113_vin_113_discharge_5,normal,vin_113,5,0,768
train,LFP_normal_vin_113_vin_113_discharge_6,normal,vin_113,6,0,758
train,LFP_normal_vin_113_vin_113_discharge_7,normal,vin_113,7,0,567
train,LFP_normal_vin_113_vin_113_discharge_8,normal,vin_113,8,0,582
train,LFP_normal_vin_113_vin_113_discharge_9,normal,vin_113,9,0,781
train,LFP_normal_vin_113_vin_113_discharge_10,normal,vin_113,10,0,536
train,LFP_normal_vin_114_vin_114_discharge_1,normal,vin_114,1,0,636
train,LFP_normal_vin_114_vin_114_discharge_2,normal,vin_114,2,0,586
train,LFP_normal_vin_114_vin_114_discharge_3,normal,vin_114,3,0,1026
train,LFP_normal_vin_114_vin_114_discharge_4,normal,vin_114,4,0,636
train,LFP_normal_vin_114_vin_114_discharge_5,normal,vin_114,5,0,740
train,LFP_normal_vin_114_vin_114_discharge_6,normal,vin_114,6,0,622
train,LFP_normal_vin_114_vin_114_discharge_7,normal,vin_114,7,0,710
train,LFP_normal_vin_114_vin_114_discharge_8,normal,vin_114,8,0,698
train,LFP_normal_vin_114_vin_114_discharge_9,normal,vin_114,9,0,531
train,LFP_normal_vin_114_vin_114_discharge_10,normal,vin_114,10,0,641
train,LFP_normal_vin_115_vin_115_discharge_1,normal,vin_115,1,0,721
train,LFP_normal_vin_115_vin_115_discharge_2,normal,vin_115,2,0,584
train,LFP_normal_vin_115_vin_115_discharge_3,normal,vin_115,3,0,887
train,LFP_normal_vin_115_vin_115_discharge_4,normal,vin_115,4,0,554
train,LFP_normal_vin_115_vin_115_discharge_5,normal,vin_115,5,0,579
train,LFP_normal_vin_115_vin_115_discharge_6,normal,vin_115,6,0,865
train,LFP_normal_vin_115_vin_115_discharge_7,normal,vin_115,7,0,778
train,LFP_normal_vin_115_vin_115_discharge_8,normal,vin_115,8,0,640
train,LFP_normal_vin_115_vin_115_discharge_9,normal,vin_115,9,0,1051
train,LFP_normal_vin_115_vin_115_discharge_10,normal,vin_115,10,0,573
train,LFP_normal_vin_116_vin_116_discharge_1,normal,vin_116,1,0,539
train,LFP_normal_vin_116_vin_116_discharge_2,normal,vin_116,2,0,654
train,LFP_normal_vin_116_vin_116_discharge_3,normal,vin_116,3,0,559
train,LFP_normal_vin_116_vin_116_discharge_4,normal,vin_116,4,0,495
train,LFP_normal_vin_116_vin_116_discharge_5,normal,vin_116,5,0,550
train,LFP_normal_vin_116_vin_116_discharge_6,normal,vin_116,6,0,791
train,LFP_normal_vin_116_vin_116_discharge_7,normal,vin_116,7,0,560
train,LFP_normal_vin_116_vin_116_discharge_8,normal,vin_116,8,0,548
train,LFP_normal_vin_116_vin_116_discharge_9,normal,vin_116,9,0,948
train,LFP_normal_vin_116_vin_116_discharge_10,normal,vin_116,10,0,646
train,LFP_normal_vin_117_vin_117_discharge_1,normal,vin_117,1,0,647
train,LFP_normal_vin_117_vin_117_discharge_2,normal,vin_117,2,0,763
train,LFP_normal_vin_117_vin_117_discharge_3,normal,vin_117,3,0,558
train,LFP_normal_vin_117_vin_117_discharge_4,normal,vin_117,4,0,680
train,LFP_normal_vin_117_vin_117_discharge_5,normal,vin_117,5,0,733
train,LFP_normal_vin_117_vin_117_discharge_6,normal,vin_117,6,0,570
train,LFP_normal_vin_117_vin_117_discharge_7,normal,vin_117,7,0,514
train,LFP_normal_vin_117_vin_117_discharge_8,normal,vin_117,8,0,610
train,LFP_normal_vin_117_vin_117_discharge_9,normal,vin_117,9,0,622
train,LFP_normal_vin_117_vin_117_discharge_10,normal,vin_117,10,0,545
train,LFP_normal_vin_118_vin_118_discharge_1,normal,vin_118,1,0,632
train,LFP_normal_vin_118_vin_118_discharge_2,normal,vin_118,2,0,678
train,LFP_normal_vin_118_vin_118_discharge_3,normal,vin_118,3,0,716
train,LFP_normal_vin_118_vin_118_discharge_4,normal,vin_118,4,0,578
train,LFP_normal_vin_118_vin_118_discharge_5,normal,vin_118,5,0,678
train,LFP_normal_vin_118_vin_118_discharge_6,normal,vin_118,6,0,553
train,LFP_normal_vin_118_vin_118_discharge_7,normal,vin_118,7,0,789
train,LFP_normal_vin_118_vin_118_discharge_8,normal,vin_118,8,0,264
train,LFP_normal_vin_118_vin_118_discharge_9,normal,vin_118,9,0,517
train,LFP_normal_vin_118_vin_118_discharge_10,normal,vin_118,10,0,886
train,LFP_normal_vin_119_vin_119_discharge_1,normal,vin_119,1,0,559
train,LFP_normal_vin_119_vin_119_discharge_2,normal,vin_119,2,0,777
train,LFP_normal_vin_119_vin_119_discharge_3,normal,vin_119,3,0,509
train,LFP_normal_vin_119_vin_119_discharge_4,normal,vin_119,4,0,683
train,LFP_normal_vin_119_vin_119_discharge_5,normal,vin_119,5,0,764
train,LFP_normal_vin_119_vin_119_discharge_6,normal,vin_119,6,0,716
train,LFP_normal_vin_119_vin_119_discharge_7,normal,vin_119,7,0,674
train,LFP_normal_vin_119_vin_119_discharge_8,normal,vin_119,8,0,528
train,LFP_normal_vin_119_vin_119_discharge_9,normal,vin_119,9,0,712
train,LFP_normal_vin_119_vin_119_discharge_10,normal,vin_119,10,0,552
train,LFP_normal_vin_120_vin_120_discharge_1,normal,vin_120,1,0,684
train,LFP_normal_vin_120_vin_120_discharge_2,normal,vin_120,2,0,592
train,LFP_normal_vin_120_vin_120_discharge_3,normal,vin_120,3,0,612
train,LFP_normal_vin_120_vin_120_discharge_4,normal,vin_120,4,0,494
train,LFP_normal_vin_120_vin_120_discharge_5,normal,vin_120,5,0,770
train,LFP_normal_vin_120_vin_120_discharge_6,normal,vin_120,6,0,657
train,LFP_normal_vin_120_vin_120_discharge_7,normal,vin_120,7,0,623
train,LFP_normal_vin_120_vin_120_discharge_8,normal,vin_120,8,0,678
train,LFP_normal_vin_120_vin_120_discharge_9,normal,vin_120,9,0,481
train,LFP_normal_vin_120_vin_120_discharge_10,normal,vin_120,10,0,525
train,LFP_normal_vin_121_vin_121_discharge_1,normal,vin_121,1,0,584
train,LFP_normal_vin_121_vin_121_discharge_2,normal,vin_121,2,0,940
train,LFP_normal_vin_121_vin_121_discharge_3,normal,vin_121,3,0,727
train,LFP_normal_vin_121_vin_121_discharge_4,normal,vin_121,4,0,732
train,LFP_normal_vin_121_vin_121_discharge_5,normal,vin_121,5,0,739
train,LFP_normal_vin_121_vin_121_discharge_6,normal,vin_121,6,0,920
train,LFP_normal_vin_121_vin_121_discharge_7,normal,vin_121,7,0,591
train,LFP_normal_vin_121_vin_121_discharge_8,normal,vin_121,8,0,586
train,LFP_normal_vin_121_vin_121_discharge_9,normal,vin_121,9,0,815
train,LFP_normal_vin_121_vin_121_discharge_10,normal,vin_121,10,0,853
train,LFP_normal_vin_122_vin_122_discharge_1,normal,vin_122,1,0,763
train,LFP_normal_vin_122_vin_122_discharge_2,normal,vin_122,2,0,527
train,LFP_normal_vin_122_vin_122_discharge_3,normal,vin_122,3,0,542
train,LFP_normal_vin_122_vin_122_discharge_4,normal,vin_122,4,0,852
train,LFP_normal_vin_122_vin_122_discharge_5,normal,vin_122,5,0,552
train,LFP_normal_vin_122_vin_122_discharge_6,normal,vin_122,6,0,623
train,LFP_normal_vin_122_vin_122_discharge_7,normal,vin_122,7,0,627
train,LFP_normal_vin_122_vin_122_discharge_8,normal,vin_122,8,0,541
train,LFP_normal_vin_122_vin_122_discharge_9,normal,vin_122,9,0,664
train,LFP_normal_vin_122_vin_122_discharge_10,normal,vin_122,10,0,734
train,LFP_normal_vin_123_vin_123_discharge_1,normal,vin_123,1,0,536
train,LFP_normal_vin_123_vin_123_discharge_2,normal,vin_123,2,0,645
train,LFP_normal_vin_123_vin_123_discharge_3,normal,vin_123,3,0,544
train,LFP_normal_vin_123_vin_123_discharge_4,normal,vin_123,4,0,701
train,LFP_normal_vin_123_vin_123_discharge_5,normal,vin_123,5,0,570
train,LFP_normal_vin_123_vin_123_discharge_6,normal,vin_123,6,0,670
train,LFP_normal_vin_123_vin_123_discharge_7,normal,vin_123,7,0,883
train,LFP_normal_vin_123_vin_123_discharge_8,normal,vin_123,8,0,548
train,LFP_normal_vin_123_vin_123_discharge_9,normal,vin_123,9,0,707
train,LFP_normal_vin_123_vin_123_discharge_10,normal,vin_123,10,0,795
train,LFP_normal_vin_124_vin_124_discharge_1,normal,vin_124,1,0,891
train,LFP_normal_vin_124_vin_124_discharge_2,normal,vin_124,2,0,696
train,LFP_normal_vin_124_vin_124_discharge_3,normal,vin_124,3,0,514
train,LFP_normal_vin_124_vin_124_discharge_4,normal,vin_124,4,0,529
train,LFP_normal_vin_124_vin_124_discharge_5,normal,vin_124,5,0,650
train,LFP_normal_vin_124_vin_124_discharge_6,normal,vin_124,6,0,538
train,LFP_normal_vin_124_vin_124_discharge_7,normal,vin_124,7,0,563
train,LFP_normal_vin_124_vin_124_discharge_8,normal,vin_124,8,0,518
train,LFP_normal_vin_124_vin_124_discharge_9,normal,vin_124,9,0,502
train,LFP_normal_vin_124_vin_124_discharge_10,normal,vin_124,10,0,591
train,LFP_normal_vin_125_vin_125_discharge_1,normal,vin_125,1,0,914
train,LFP_normal_vin_125_vin_125_discharge_2,normal,vin_125,2,0,722
train,LFP_normal_vin_125_vin_125_discharge_3,normal,vin_125,3,0,806
train,LFP_normal_vin_125_vin_125_discharge_4,normal,vin_125,4,0,896
train,LFP_normal_vin_125_vin_125_discharge_5,normal,vin_125,5,0,524
train,LFP_normal_vin_125_vin_125_discharge_6,normal,vin_125,6,0,598
train,LFP_normal_vin_125_vin_125_discharge_7,normal,vin_125,7,0,653
train,LFP_normal_vin_125_vin_125_discharge_8,normal,vin_125,8,0,698
train,LFP_normal_vin_125_vin_125_discharge_9,normal,vin_125,9,0,760
train,LFP_normal_vin_125_vin_125_discharge_10,normal,vin_125,10,0,665
train,LFP_normal_vin_126_vin_126_discharge_1,normal,vin_126,1,0,699
train,LFP_normal_vin_126_vin_126_discharge_2,normal,vin_126,2,0,574
train,LFP_normal_vin_126_vin_126_discharge_3,normal,vin_126,3,0,549
train,LFP_normal_vin_126_vin_126_discharge_4,normal,vin_126,4,0,858
train,LFP_normal_vin_126_vin_126_discharge_5,normal,vin_126,5,0,727
train,LFP_normal_vin_126_vin_126_discharge_6,normal,vin_126,6,0,726
train,LFP_normal_vin_126_vin_126_discharge_7,normal,vin_126,7,0,544
train,LFP_normal_vin_126_vin_126_discharge_8,normal,vin_126,8,0,751
train,LFP_normal_vin_126_vin_126_discharge_9,normal,vin_126,9,0,785
train,LFP_normal_vin_126_vin_126_discharge_10,normal,vin_126,10,0,570
train,LFP_normal_vin_127_vin_127_discharge_1,normal,vin_127,1,0,699
train,LFP_normal_vin_127_vin_127_discharge_2,normal,vin_127,2,0,620
train,LFP_normal_vin_127_vin_127_discharge_3,normal,vin_127,3,0,888
train,LFP_normal_vin_127_vin_127_discharge_4,normal,vin_127,4,0,521
train,LFP_normal_vin_127_vin_127_discharge_5,normal,vin_127,5,0,714
train,LFP_normal_vin_127_vin_127_discharge_6,normal,vin_127,6,0,589
train,LFP_normal_vin_127_vin_127_discharge_7,normal,vin_127,7,0,716
train,LFP_normal_vin_127_vin_127_discharge_8,normal,vin_127,8,0,629
train,LFP_normal_vin_127_vin_127_discharge_9,normal,vin_127,9,0,588
train,LFP_normal_vin_127_vin_127_discharge_10,normal,vin_127,10,0,718
train,LFP_normal_vin_128_vin_128_discharge_1,normal,vin_128,1,0,525
train,LFP_normal_vin_128_vin_128_discharge_2,normal,vin_128,2,0,768
train,LFP_normal_vin_128_vin_128_discharge_3,normal,vin_128,3,0,755
train,LFP_normal_vin_128_vin_128_discharge_4,normal,vin_128,4,0,735
train,LFP_normal_vin_128_vin_128_discharge_5,normal,vin_128,5,0,493
train,LFP_normal_vin_128_vin_128_discharge_6,normal,vin_128,6,0,599
train,LFP_normal_vin_128_vin_128_discharge_7,normal,vin_128,7,0,521
train,LFP_normal_vin_128_vin_128_discharge_8,normal,vin_128,8,0,710
train,LFP_normal_vin_128_vin_128_discharge_9,normal,vin_128,9,0,641
train,LFP_normal_vin_128_vin_128_discharge_10,normal,vin_128,10,0,702
train,LFP_normal_vin_131_vin_131_discharge_1,normal,vin_131,1,0,605
train,LFP_normal_vin_131_vin_131_discharge_2,normal,vin_131,2,0,610
train,LFP_normal_vin_131_vin_131_discharge_3,normal,vin_131,3,0,518
train,LFP_normal_vin_131_vin_131_discharge_4,normal,vin_131,4,0,760
train,LFP_normal_vin_131_vin_131_discharge_5,normal,vin_131,5,0,890
train,LFP_normal_vin_131_vin_131_discharge_6,normal,vin_131,6,0,616
train,LFP_normal_vin_131_vin_131_discharge_7,normal,vin_131,7,0,573
train,LFP_normal_vin_131_vin_131_discharge_8,normal,vin_131,8,0,605
train,LFP_normal_vin_131_vin_131_discharge_9,normal,vin_131,9,0,545
train,LFP_normal_vin_131_vin_131_discharge_10,normal,vin_131,10,0,750
train,LFP_normal_vin_133_vin_133_discharge_1,normal,vin_133,1,0,787
train,LFP_normal_vin_133_vin_133_discharge_2,normal,vin_133,2,0,733
train,LFP_normal_vin_133_vin_133_discharge_3,normal,vin_133,3,0,562
train,LFP_normal_vin_133_vin_133_discharge_4,normal,vin_133,4,0,589
train,LFP_normal_vin_133_vin_133_discharge_5,normal,vin_133,5,0,557
train,LFP_normal_vin_133_vin_133_discharge_6,normal,vin_133,6,0,895
train,LFP_normal_vin_133_vin_133_discharge_7,normal,vin_133,7,0,564
train,LFP_normal_vin_133_vin_133_discharge_8,normal,vin_133,8,0,618
train,LFP_normal_vin_133_vin_133_discharge_9,normal,vin_133,9,0,726
train,LFP_normal_vin_133_vin_133_discharge_10,normal,vin_133,10,0,508
train,LFP_normal_vin_134_vin_134_discharge_1,normal,vin_134,1,0,541
train,LFP_normal_vin_134_vin_134_discharge_2,normal,vin_134,2,0,595
train,LFP_normal_vin_134_vin_134_discharge_3,normal,vin_134,3,0,926
train,LFP_normal_vin_134_vin_134_discharge_4,normal,vin_134,4,0,682
train,LFP_normal_vin_134_vin_134_discharge_5,normal,vin_134,5,0,663
train,LFP_normal_vin_134_vin_134_discharge_6,normal,vin_134,6,0,624
train,LFP_normal_vin_134_vin_134_discharge_7,normal,vin_134,7,0,543
train,LFP_normal_vin_134_vin_134_discharge_8,normal,vin_134,8,0,667
train,LFP_normal_vin_134_vin_134_discharge_9,normal,vin_134,9,0,797
train,LFP_normal_vin_134_vin_134_discharge_10,normal,vin_134,10,0,623
train,LFP_normal_vin_135_vin_135_discharge_1,normal,vin_135,1,0,559
train,LFP_normal_vin_135_vin_135_discharge_2,normal,vin_135,2,0,640
train,LFP_normal_vin_135_vin_135_discharge_3,normal,vin_135,3,0,555
train,LFP_normal_vin_135_vin_135_discharge_4,normal,vin_135,4,0,579
train,LFP_normal_vin_135_vin_135_discharge_5,normal,vin_135,5,0,781
train,LFP_normal_vin_135_vin_135_discharge_6,normal,vin_135,6,0,733
train,LFP_normal_vin_135_vin_135_discharge_7,normal,vin_135,7,0,550
train,LFP_normal_vin_135_vin_135_discharge_8,normal,vin_135,8,0,701
train,LFP_normal_vin_135_vin_135_discharge_9,normal,vin_135,9,0,652
train,LFP_normal_vin_135_vin_135_discharge_10,normal,vin_135,10,0,596
train,LFP_normal_vin_136_vin_136_discharge_1,normal,vin_136,1,0,490
train,LFP_normal_vin_136_vin_136_discharge_2,normal,vin_136,2,0,537
train,LFP_normal_vin_136_vin_136_discharge_3,normal,vin_136,3,0,916
train,LFP_normal_vin_136_vin_136_discharge_4,normal,vin_136,4,0,591
train,LFP_normal_vin_136_vin_136_discharge_5,normal,vin_136,5,0,690
train,LFP_normal_vin_136_vin_136_discharge_6,normal,vin_136,6,0,646
train,LFP_normal_vin_136_vin_136_discharge_7,normal,vin_136,7,0,693
train,LFP_normal_vin_136_vin_136_discharge_8,normal,vin_136,8,0,586
train,LFP_normal_vin_136_vin_136_discharge_9,normal,vin_136,9,0,619
train,LFP_normal_vin_136_vin_136_discharge_10,normal,vin_136,10,0,861
train,LFP_normal_vin_137_vin_137_discharge_1,normal,vin_137,1,0,1128
train,LFP_normal_vin_137_vin_137_discharge_2,normal,vin_137,2,0,727
train,LFP_normal_vin_137_vin_137_discharge_3,normal,vin_137,3,0,642
train,LFP_normal_vin_137_vin_137_discharge_4,normal,vin_137,4,0,604
train,LFP_normal_vin_137_vin_137_discharge_5,normal,vin_137,5,0,602
train,LFP_normal_vin_137_vin_137_discharge_6,normal,vin_137,6,0,520
train,LFP_normal_vin_137_vin_137_discharge_7,normal,vin_137,7,0,553
train,LFP_normal_vin_137_vin_137_discharge_8,normal,vin_137,8,0,651
train,LFP_normal_vin_137_vin_137_discharge_9,normal,vin_137,9,0,588
train,LFP_normal_vin_137_vin_137_discharge_10,normal,vin_137,10,0,605
train,LFP_normal_vin_138_vin_138_discharge_1,normal,vin_138,1,0,614
train,LFP_normal_vin_138_vin_138_discharge_2,normal,vin_138,2,0,503
train,LFP_normal_vin_138_vin_138_discharge_3,normal,vin_138,3,0,698
train,LFP_normal_vin_138_vin_138_discharge_4,normal,vin_138,4,0,398
train,LFP_normal_vin_138_vin_138_discharge_5,normal,vin_138,5,0,729
train,LFP_normal_vin_138_vin_138_discharge_6,normal,vin_138,6,0,561
train,LFP_normal_vin_138_vin_138_discharge_7,normal,vin_138,7,0,679
train,LFP_normal_vin_138_vin_138_discharge_8,normal,vin_138,8,0,590
train,LFP_normal_vin_138_vin_138_discharge_9,normal,vin_138,9,0,504
train,LFP_normal_vin_138_vin_138_discharge_10,normal,vin_138,10,0,590
train,LFP_normal_vin_139_vin_139_discharge_1,normal,vin_139,1,0,626
train,LFP_normal_vin_139_vin_139_discharge_2,normal,vin_139,2,0,529
train,LFP_normal_vin_139_vin_139_discharge_3,normal,vin_139,3,0,705
train,LFP_normal_vin_139_vin_139_discharge_4,normal,vin_139,4,0,577
train,LFP_normal_vin_139_vin_139_discharge_5,normal,vin_139,5,0,632
train,LFP_normal_vin_139_vin_139_discharge_6,normal,vin_139,6,0,863
train,LFP_normal_vin_139_vin_139_discharge_7,normal,vin_139,7,0,661
train,LFP_normal_vin_139_vin_139_discharge_8,normal,vin_139,8,0,618
train,LFP_normal_vin_139_vin_139_discharge_9,normal,vin_139,9,0,874
train,LFP_normal_vin_139_vin_139_discharge_10,normal,vin_139,10,0,562
train,LFP_normal_vin_140_vin_140_discharge_1,normal,vin_140,1,0,926
train,LFP_normal_vin_140_vin_140_discharge_2,normal,vin_140,2,0,819
train,LFP_normal_vin_140_vin_140_discharge_3,normal,vin_140,3,0,901
train,LFP_normal_vin_140_vin_140_discharge_4,normal,vin_140,4,0,581
train,LFP_normal_vin_140_vin_140_discharge_5,normal,vin_140,5,0,566
train,LFP_normal_vin_140_vin_140_discharge_6,normal,vin_140,6,0,650
train,LFP_normal_vin_140_vin_140_discharge_7,normal,vin_140,7,0,543
train,LFP_normal_vin_140_vin_140_discharge_8,normal,vin_140,8,0,533
train,LFP_normal_vin_140_vin_140_discharge_9,normal,vin_140,9,0,737
train,LFP_normal_vin_140_vin_140_discharge_10,normal,vin_140,10,0,527
train,LFP_normal_vin_141_vin_141_discharge_1,normal,vin_141,1,0,540
train,LFP_normal_vin_141_vin_141_discharge_2,normal,vin_141,2,0,621
train,LFP_normal_vin_141_vin_141_discharge_3,normal,vin_141,3,0,710
train,LFP_normal_vin_141_vin_141_discharge_4,normal,vin_141,4,0,661
train,LFP_normal_vin_141_vin_141_discharge_5,normal,vin_141,5,0,947
train,LFP_normal_vin_141_vin_141_discharge_6,normal,vin_141,6,0,691
train,LFP_normal_vin_141_vin_141_discharge_7,normal,vin_141,7,0,561
train,LFP_normal_vin_141_vin_141_discharge_8,normal,vin_141,8,0,542
train,LFP_normal_vin_141_vin_141_discharge_9,normal,vin_141,9,0,859
train,LFP_normal_vin_141_vin_141_discharge_10,normal,vin_141,10,0,586
train,LFP_normal_vin_142_vin_142_discharge_1,normal,vin_142,1,0,560
train,LFP_normal_vin_142_vin_142_discharge_2,normal,vin_142,2,0,561
train,LFP_normal_vin_142_vin_142_discharge_3,normal,vin_142,3,0,498
train,LFP_normal_vin_142_vin_142_discharge_4,normal,vin_142,4,0,588
train,LFP_normal_vin_142_vin_142_discharge_5,normal,vin_142,5,0,913
train,LFP_normal_vin_142_vin_142_discharge_6,normal,vin_142,6,0,883
train,LFP_normal_vin_142_vin_142_discharge_7,normal,vin_142,7,0,669
train,LFP_normal_vin_142_vin_142_discharge_8,normal,vin_142,8,0,550
train,LFP_normal_vin_142_vin_142_discharge_9,normal,vin_142,9,0,545
train,LFP_normal_vin_142_vin_142_discharge_10,normal,vin_142,10,0,720
train,LFP_normal_vin_143_vin_143_discharge_1,normal,vin_143,1,0,668
train,LFP_normal_vin_143_vin_143_discharge_2,normal,vin_143,2,0,525
train,LFP_normal_vin_143_vin_143_discharge_3,normal,vin_143,3,0,567
train,LFP_normal_vin_143_vin_143_discharge_4,normal,vin_143,4,0,609
train,LFP_normal_vin_143_vin_143_discharge_5,normal,vin_143,5,0,637
train,LFP_normal_vin_143_vin_143_discharge_6,normal,vin_143,6,0,681
train,LFP_normal_vin_143_vin_143_discharge_7,normal,vin_143,7,0,555
train,LFP_normal_vin_143_vin_143_discharge_8,normal,vin_143,8,0,829
train,LFP_normal_vin_143_vin_143_discharge_9,normal,vin_143,9,0,552
train,LFP_normal_vin_143_vin_143_discharge_10,normal,vin_143,10,0,548
train,LFP_normal_vin_144_vin_144_discharge_1,normal,vin_144,1,0,964
train,LFP_normal_vin_144_vin_144_discharge_2,normal,vin_144,2,0,827
train,LFP_normal_vin_144_vin_144_discharge_3,normal,vin_144,3,0,662
train,LFP_normal_vin_144_vin_144_discharge_4,normal,vin_144,4,0,555
train,LFP_normal_vin_144_vin_144_discharge_5,normal,vin_144,5,0,603
train,LFP_normal_vin_144_vin_144_discharge_6,normal,vin_144,6,0,558
train,LFP_normal_vin_144_vin_144_discharge_7,normal,vin_144,7,0,886
train,LFP_normal_vin_144_vin_144_discharge_8,normal,vin_144,8,0,854
train,LFP_normal_vin_144_vin_144_discharge_9,normal,vin_144,9,0,605
train,LFP_normal_vin_144_vin_144_discharge_10,normal,vin_144,10,0,602
train,LFP_normal_vin_145_vin_145_discharge_1,normal,vin_145,1,0,676
train,LFP_normal_vin_145_vin_145_discharge_2,normal,vin_145,2,0,598
train,LFP_normal_vin_145_vin_145_discharge_3,normal,vin_145,3,0,606
train,LFP_normal_vin_145_vin_145_discharge_4,normal,vin_145,4,0,177
train,LFP_normal_vin_145_vin_145_discharge_5,normal,vin_145,5,0,675
train,LFP_normal_vin_145_vin_145_discharge_6,normal,vin_145,6,0,837
train,LFP_normal_vin_145_vin_145_discharge_7,normal,vin_145,7,0,697
train,LFP_normal_vin_145_vin_145_discharge_8,normal,vin_145,8,0,634
train,LFP_normal_vin_145_vin_145_discharge_9,normal,vin_145,9,0,547
train,LFP_normal_vin_145_vin_145_discharge_10,normal,vin_145,10,0,539
train,LFP_normal_vin_147_vin_147_discharge_1,normal,vin_147,1,0,702
train,LFP_normal_vin_147_vin_147_discharge_2,normal,vin_147,2,0,992
train,LFP_normal_vin_147_vin_147_discharge_3,normal,vin_147,3,0,689
train,LFP_normal_vin_147_vin_147_discharge_4,normal,vin_147,4,0,502
train,LFP_normal_vin_147_vin_147_discharge_5,normal,vin_147,5,0,687
train,LFP_normal_vin_147_vin_147_discharge_6,normal,vin_147,6,0,642
train,LFP_normal_vin_147_vin_147_discharge_7,normal,vin_147,7,0,578
train,LFP_normal_vin_147_vin_147_discharge_8,normal,vin_147,8,0,674
train,LFP_normal_vin_147_vin_147_discharge_9,normal,vin_147,9,0,535
train,LFP_normal_vin_147_vin_147_discharge_10,normal,vin_147,10,0,484
train,LFP_normal_vin_148_vin_148_discharge_1,normal,vin_148,1,0,638
train,LFP_normal_vin_148_vin_148_discharge_2,normal,vin_148,2,0,666
train,LFP_normal_vin_148_vin_148_discharge_3,normal,vin_148,3,0,161
train,LFP_normal_vin_148_vin_148_discharge_4,normal,vin_148,4,0,573
train,LFP_normal_vin_148_vin_148_discharge_5,normal,vin_148,5,0,562
train,LFP_normal_vin_148_vin_148_discharge_6,normal,vin_148,6,0,616
train,LFP_normal_vin_148_vin_148_discharge_7,normal,vin_148,7,0,730
train,LFP_normal_vin_148_vin_148_discharge_8,normal,vin_148,8,0,670
train,LFP_normal_vin_148_vin_148_discharge_9,normal,vin_148,9,0,716
train,LFP_normal_vin_148_vin_148_discharge_10,normal,vin_148,10,0,522
train,LFP_normal_vin_149_vin_149_discharge_1,normal,vin_149,1,0,808
train,LFP_normal_vin_149_vin_149_discharge_2,normal,vin_149,2,0,572
train,LFP_normal_vin_149_vin_149_discharge_3,normal,vin_149,3,0,685
train,LFP_normal_vin_149_vin_149_discharge_4,normal,vin_149,4,0,557
train,LFP_normal_vin_149_vin_149_discharge_5,normal,vin_149,5,0,521
train,LFP_normal_vin_149_vin_149_discharge_6,normal,vin_149,6,0,614
train,LFP_normal_vin_149_vin_149_discharge_7,normal,vin_149,7,0,638
train,LFP_normal_vin_149_vin_149_discharge_8,normal,vin_149,8,0,615
train,LFP_normal_vin_149_vin_149_discharge_9,normal,vin_149,9,0,787
train,LFP_normal_vin_149_vin_149_discharge_10,normal,vin_149,10,0,495
train,LFP_normal_vin_150_vin_150_discharge_1,normal,vin_150,1,0,624
train,LFP_normal_vin_150_vin_150_discharge_2,normal,vin_150,2,0,577
train,LFP_normal_vin_150_vin_150_discharge_3,normal,vin_150,3,0,532
train,LFP_normal_vin_150_vin_150_discharge_4,normal,vin_150,4,0,557
train,LFP_normal_vin_150_vin_150_discharge_5,normal,vin_150,5,0,568
train,LFP_normal_vin_150_vin_150_discharge_6,normal,vin_150,6,0,228
train,LFP_normal_vin_150_vin_150_discharge_7,normal,vin_150,7,0,694
train,LFP_normal_vin_150_vin_150_discharge_8,normal,vin_150,8,0,632
train,LFP_normal_vin_150_vin_150_discharge_9,normal,vin_150,9,0,843
train,LFP_normal_vin_150_vin_150_discharge_10,normal,vin_150,10,0,585
train,LFP_normal_vin_151_vin_151_discharge_1,normal,vin_151,1,0,591
train,LFP_normal_vin_151_vin_151_discharge_2,normal,vin_151,2,0,592
train,LFP_normal_vin_151_vin_151_discharge_3,normal,vin_151,3,0,938
train,LFP_normal_vin_151_vin_151_discharge_4,normal,vin_151,4,0,726
train,LFP_normal_vin_151_vin_151_discharge_5,normal,vin_151,5,0,567
train,LFP_normal_vin_151_vin_151_discharge_6,normal,vin_151,6,0,1103
train,LFP_normal_vin_151_vin_151_discharge_7,normal,vin_151,7,0,606
train,LFP_normal_vin_151_vin_151_discharge_8,normal,vin_151,8,0,525
train,LFP_normal_vin_151_vin_151_discharge_9,normal,vin_151,9,0,562
train,LFP_normal_vin_151_vin_151_discharge_10,normal,vin_151,10,0,507
train,LFP_normal_vin_152_vin_152_discharge_1,normal,vin_152,1,0,713
train,LFP_normal_vin_152_vin_152_discharge_2,normal,vin_152,2,0,818
train,LFP_normal_vin_152_vin_152_discharge_3,normal,vin_152,3,0,926
train,LFP_normal_vin_152_vin_152_discharge_4,normal,vin_152,4,0,704
train,LFP_normal_vin_152_vin_152_discharge_5,normal,vin_152,5,0,706
train,LFP_normal_vin_152_vin_152_discharge_6,normal,vin_152,6,0,723
train,LFP_normal_vin_152_vin_152_discharge_7,normal,vin_152,7,0,879
train,LFP_normal_vin_152_vin_152_discharge_8,normal,vin_152,8,0,763
train,LFP_normal_vin_152_vin_152_discharge_9,normal,vin_152,9,0,747
train,LFP_normal_vin_152_vin_152_discharge_10,normal,vin_152,10,0,627
train,LFP_normal_vin_153_vin_153_discharge_1,normal,vin_153,1,0,514
train,LFP_normal_vin_153_vin_153_discharge_2,normal,vin_153,2,0,739
train,LFP_normal_vin_153_vin_153_discharge_3,normal,vin_153,3,0,512
train,LFP_normal_vin_153_vin_153_discharge_4,normal,vin_153,4,0,532
train,LFP_normal_vin_153_vin_153_discharge_5,normal,vin_153,5,0,786
train,LFP_normal_vin_153_vin_153_discharge_6,normal,vin_153,6,0,811
train,LFP_normal_vin_153_vin_153_discharge_7,normal,vin_153,7,0,591
train,LFP_normal_vin_153_vin_153_discharge_8,normal,vin_153,8,0,526
train,LFP_normal_vin_153_vin_153_discharge_9,normal,vin_153,9,0,620
train,LFP_normal_vin_153_vin_153_discharge_10,normal,vin_153,10,0,824
train,LFP_normal_vin_155_vin_155_discharge_1,normal,vin_155,1,0,724
train,LFP_normal_vin_155_vin_155_discharge_2,normal,vin_155,2,0,493
train,LFP_normal_vin_155_vin_155_discharge_3,normal,vin_155,3,0,731
train,LFP_normal_vin_155_vin_155_discharge_4,normal,vin_155,4,0,643
train,LFP_normal_vin_155_vin_155_discharge_5,normal,vin_155,5,0,714
train,LFP_normal_vin_155_vin_155_discharge_6,normal,vin_155,6,0,847
train,LFP_normal_vin_155_vin_155_discharge_7,normal,vin_155,7,0,839
train,LFP_normal_vin_155_vin_155_discharge_8,normal,vin_155,8,0,507
train,LFP_normal_vin_155_vin_155_discharge_9,normal,vin_155,9,0,591
train,LFP_normal_vin_155_vin_155_discharge_10,normal,vin_155,10,0,531
train,LFP_normal_vin_156_vin_156_discharge_1,normal,vin_156,1,0,529
train,LFP_normal_vin_156_vin_156_discharge_2,normal,vin_156,2,0,613
train,LFP_normal_vin_156_vin_156_discharge_3,normal,vin_156,3,0,686
train,LFP_normal_vin_156_vin_156_discharge_4,normal,vin_156,4,0,630
train,LFP_normal_vin_156_vin_156_discharge_5,normal,vin_156,5,0,598
train,LFP_normal_vin_156_vin_156_discharge_6,normal,vin_156,6,0,636
train,LFP_normal_vin_156_vin_156_discharge_7,normal,vin_156,7,0,510
train,LFP_normal_vin_156_vin_156_discharge_8,normal,vin_156,8,0,916
train,LFP_normal_vin_156_vin_156_discharge_9,normal,vin_156,9,0,516
train,LFP_normal_vin_156_vin_156_discharge_10,normal,vin_156,10,0,728
train,LFP_normal_vin_158_vin_158_discharge_1,normal,vin_158,1,0,691
train,LFP_normal_vin_158_vin_158_discharge_2,normal,vin_158,2,0,897
train,LFP_normal_vin_158_vin_158_discharge_3,normal,vin_158,3,0,544
train,LFP_normal_vin_158_vin_158_discharge_4,normal,vin_158,4,0,851
train,LFP_normal_vin_158_vin_158_discharge_5,normal,vin_158,5,0,592
train,LFP_normal_vin_158_vin_158_discharge_6,normal,vin_158,6,0,669
train,LFP_normal_vin_158_vin_158_discharge_7,normal,vin_158,7,0,650
train,LFP_normal_vin_158_vin_158_discharge_8,normal,vin_158,8,0,619
train,LFP_normal_vin_158_vin_158_discharge_9,normal,vin_158,9,0,930
train,LFP_normal_vin_158_vin_158_discharge_10,normal,vin_158,10,0,689
train,LFP_normal_vin_159_vin_159_discharge_1,normal,vin_159,1,0,838
train,LFP_normal_vin_159_vin_159_discharge_2,normal,vin_159,2,0,776
train,LFP_normal_vin_159_vin_159_discharge_3,normal,vin_159,3,0,705
train,LFP_normal_vin_159_vin_159_discharge_4,normal,vin_159,4,0,808
train,LFP_normal_vin_159_vin_159_discharge_5,normal,vin_159,5,0,575
train,LFP_normal_vin_159_vin_159_discharge_6,normal,vin_159,6,0,564
train,LFP_normal_vin_159_vin_159_discharge_7,normal,vin_159,7,0,1059
train,LFP_normal_vin_159_vin_159_discharge_8,normal,vin_159,8,0,649
train,LFP_normal_vin_159_vin_159_discharge_9,normal,vin_159,9,0,599
train,LFP_normal_vin_159_vin_159_discharge_10,normal,vin_159,10,0,638
train,LFP_normal_vin_160_vin_160_discharge_1,normal,vin_160,1,0,558
train,LFP_normal_vin_160_vin_160_discharge_2,normal,vin_160,2,0,519
train,LFP_normal_vin_160_vin_160_discharge_3,normal,vin_160,3,0,552
train,LFP_normal_vin_160_vin_160_discharge_4,normal,vin_160,4,0,695
train,LFP_normal_vin_160_vin_160_discharge_5,normal,vin_160,5,0,761
train,LFP_normal_vin_160_vin_160_discharge_6,normal,vin_160,6,0,593
train,LFP_normal_vin_160_vin_160_discharge_7,normal,vin_160,7,0,594
train,LFP_normal_vin_160_vin_160_discharge_8,normal,vin_160,8,0,654
train,LFP_normal_vin_160_vin_160_discharge_9,normal,vin_160,9,0,555
train,LFP_normal_vin_160_vin_160_discharge_10,normal,vin_160,10,0,1027
train,LFP_normal_vin_161_vin_161_discharge_1,normal,vin_161,1,0,499
train,LFP_normal_vin_161_vin_161_discharge_2,normal,vin_161,2,0,717
train,LFP_normal_vin_161_vin_161_discharge_3,normal,vin_161,3,0,562
train,LFP_normal_vin_161_vin_161_discharge_4,normal,vin_161,4,0,870
train,LFP_normal_vin_161_vin_161_discharge_5,normal,vin_161,5,0,685
train,LFP_normal_vin_161_vin_161_discharge_6,normal,vin_161,6,0,515
train,LFP_normal_vin_161_vin_161_discharge_7,normal,vin_161,7,0,562
train,LFP_normal_vin_161_vin_161_discharge_8,normal,vin_161,8,0,535
train,LFP_normal_vin_161_vin_161_discharge_9,normal,vin_161,9,0,698
train,LFP_normal_vin_161_vin_161_discharge_10,normal,vin_161,10,0,650
train,LFP_normal_vin_162_vin_162_discharge_1,normal,vin_162,1,0,683
train,LFP_normal_vin_162_vin_162_discharge_2,normal,vin_162,2,0,523
train,LFP_normal_vin_162_vin_162_discharge_3,normal,vin_162,3,0,686
train,LFP_normal_vin_162_vin_162_discharge_4,normal,vin_162,4,0,566
train,LFP_normal_vin_162_vin_162_discharge_5,normal,vin_162,5,0,763
train,LFP_normal_vin_162_vin_162_discharge_6,normal,vin_162,6,0,690
train,LFP_normal_vin_162_vin_162_discharge_7,normal,vin_162,7,0,585
train,LFP_normal_vin_162_vin_162_discharge_8,normal,vin_162,8,0,555
train,LFP_normal_vin_162_vin_162_discharge_9,normal,vin_162,9,0,667
train,LFP_normal_vin_162_vin_162_discharge_10,normal,vin_162,10,0,741
train,LFP_normal_vin_163_vin_163_discharge_1,normal,vin_163,1,0,513
train,LFP_normal_vin_163_vin_163_discharge_2,normal,vin_163,2,0,633
train,LFP_normal_vin_163_vin_163_discharge_3,normal,vin_163,3,0,501
train,LFP_normal_vin_163_vin_163_discharge_4,normal,vin_163,4,0,661
train,LFP_normal_vin_163_vin_163_discharge_5,normal,vin_163,5,0,539
train,LFP_normal_vin_163_vin_163_discharge_6,normal,vin_163,6,0,533
train,LFP_normal_vin_163_vin_163_discharge_7,normal,vin_163,7,0,553
train,LFP_normal_vin_163_vin_163_discharge_8,normal,vin_163,8,0,586
train,LFP_normal_vin_163_vin_163_discharge_9,normal,vin_163,9,0,758
train,LFP_normal_vin_163_vin_163_discharge_10,normal,vin_163,10,0,486
train,LFP_normal_vin_164_vin_164_discharge_1,normal,vin_164,1,0,537
train,LFP_normal_vin_164_vin_164_discharge_2,normal,vin_164,2,0,666
train,LFP_normal_vin_164_vin_164_discharge_3,normal,vin_164,3,0,600
train,LFP_normal_vin_164_vin_164_discharge_4,normal,vin_164,4,0,563
train,LFP_normal_vin_164_vin_164_discharge_5,normal,vin_164,5,0,894
train,LFP_normal_vin_164_vin_164_discharge_6,normal,vin_164,6,0,657
train,LFP_normal_vin_164_vin_164_discharge_7,normal,vin_164,7,0,548
train,LFP_normal_vin_164_vin_164_discharge_8,normal,vin_164,8,0,544
train,LFP_normal_vin_164_vin_164_discharge_9,normal,vin_164,9,0,805
train,LFP_normal_vin_164_vin_164_discharge_10,normal,vin_164,10,0,641
train,LFP_normal_vin_165_vin_165_discharge_1,normal,vin_165,1,0,653
train,LFP_normal_vin_165_vin_165_discharge_2,normal,vin_165,2,0,692
train,LFP_normal_vin_165_vin_165_discharge_3,normal,vin_165,3,0,623
train,LFP_normal_vin_165_vin_165_discharge_4,normal,vin_165,4,0,518
train,LFP_normal_vin_165_vin_165_discharge_5,normal,vin_165,5,0,865
train,LFP_normal_vin_165_vin_165_discharge_6,normal,vin_165,6,0,604
train,LFP_normal_vin_165_vin_165_discharge_7,normal,vin_165,7,0,558
train,LFP_normal_vin_165_vin_165_discharge_8,normal,vin_165,8,0,171
train,LFP_normal_vin_165_vin_165_discharge_9,normal,vin_165,9,0,655
train,LFP_normal_vin_165_vin_165_discharge_10,normal,vin_165,10,0,527
train,LFP_normal_vin_167_vin_167_discharge_1,normal,vin_167,1,0,638
train,LFP_normal_vin_167_vin_167_discharge_2,normal,vin_167,2,0,890
train,LFP_normal_vin_167_vin_167_discharge_3,normal,vin_167,3,0,564
train,LFP_normal_vin_167_vin_167_discharge_4,normal,vin_167,4,0,536
train,LFP_normal_vin_167_vin_167_discharge_5,normal,vin_167,5,0,511
train,LFP_normal_vin_167_vin_167_discharge_6,normal,vin_167,6,0,553
train,LFP_normal_vin_167_vin_167_discharge_7,normal,vin_167,7,0,584
train,LFP_normal_vin_167_vin_167_discharge_8,normal,vin_167,8,0,693
train,LFP_normal_vin_167_vin_167_discharge_9,normal,vin_167,9,0,557
train,LFP_normal_vin_167_vin_167_discharge_10,normal,vin_167,10,0,670
train,LFP_normal_vin_168_vin_168_discharge_1,normal,vin_168,1,0,826
train,LFP_normal_vin_168_vin_168_discharge_2,normal,vin_168,2,0,571
train,LFP_normal_vin_168_vin_168_discharge_3,normal,vin_168,3,0,666
train,LFP_normal_vin_168_vin_168_discharge_4,normal,vin_168,4,0,663
train,LFP_normal_vin_168_vin_168_discharge_5,normal,vin_168,5,0,576
train,LFP_normal_vin_168_vin_168_discharge_6,normal,vin_168,6,0,589
train,LFP_normal_vin_168_vin_168_discharge_7,normal,vin_168,7,0,555
train,LFP_normal_vin_168_vin_168_discharge_8,normal,vin_168,8,0,890
train,LFP_normal_vin_168_vin_168_discharge_9,normal,vin_168,9,0,723
train,LFP_normal_vin_168_vin_168_discharge_10,normal,vin_168,10,0,523
train,LFP_normal_vin_169_vin_169_discharge_1,normal,vin_169,1,0,552
train,LFP_normal_vin_169_vin_169_discharge_2,normal,vin_169,2,0,821
train,LFP_normal_vin_169_vin_169_discharge_3,normal,vin_169,3,0,694
train,LFP_normal_vin_169_vin_169_discharge_4,normal,vin_169,4,0,729
train,LFP_normal_vin_169_vin_169_discharge_5,normal,vin_169,5,0,565
train,LFP_normal_vin_169_vin_169_discharge_6,normal,vin_169,6,0,654
train,LFP_normal_vin_169_vin_169_discharge_7,normal,vin_169,7,0,492
train,LFP_normal_vin_169_vin_169_discharge_8,normal,vin_169,8,0,1004
train,LFP_normal_vin_169_vin_169_discharge_9,normal,vin_169,9,0,723
train,LFP_normal_vin_169_vin_169_discharge_10,normal,vin_169,10,0,800
train,LFP_normal_vin_170_vin_170_discharge_1,normal,vin_170,1,0,729
train,LFP_normal_vin_170_vin_170_discharge_2,normal,vin_170,2,0,604
train,LFP_normal_vin_170_vin_170_discharge_3,normal,vin_170,3,0,677
train,LFP_normal_vin_170_vin_170_discharge_4,normal,vin_170,4,0,642
train,LFP_normal_vin_170_vin_170_discharge_5,normal,vin_170,5,0,638
train,LFP_normal_vin_170_vin_170_discharge_6,normal,vin_170,6,0,575
train,LFP_normal_vin_170_vin_170_discharge_7,normal,vin_170,7,0,498
train,LFP_normal_vin_170_vin_170_discharge_8,normal,vin_170,8,0,507
train,LFP_normal_vin_170_vin_170_discharge_9,normal,vin_170,9,0,792
train,LFP_normal_vin_170_vin_170_discharge_10,normal,vin_170,10,0,679
train,LFP_normal_vin_171_vin_171_discharge_1,normal,vin_171,1,0,806
train,LFP_normal_vin_171_vin_171_discharge_2,normal,vin_171,2,0,659
train,LFP_normal_vin_171_vin_171_discharge_3,normal,vin_171,3,0,522
train,LFP_normal_vin_171_vin_171_discharge_4,normal,vin_171,4,0,575
train,LFP_normal_vin_171_vin_171_discharge_5,normal,vin_171,5,0,722
train,LFP_normal_vin_171_vin_171_discharge_6,normal,vin_171,6,0,585
train,LFP_normal_vin_171_vin_171_discharge_7,normal,vin_171,7,0,729
train,LFP_normal_vin_171_vin_171_discharge_8,normal,vin_171,8,0,898
train,LFP_normal_vin_171_vin_171_discharge_9,normal,vin_171,9,0,664
train,LFP_normal_vin_171_vin_171_discharge_10,normal,vin_171,10,0,553
train,LFP_normal_vin_172_vin_172_discharge_1,normal,vin_172,1,0,1000
train,LFP_normal_vin_172_vin_172_discharge_2,normal,vin_172,2,0,804
train,LFP_normal_vin_172_vin_172_discharge_3,normal,vin_172,3,0,647
train,LFP_normal_vin_172_vin_172_discharge_4,normal,vin_172,4,0,858
train,LFP_normal_vin_172_vin_172_discharge_5,normal,vin_172,5,0,592
train,LFP_normal_vin_172_vin_172_discharge_6,normal,vin_172,6,0,745
train,LFP_normal_vin_172_vin_172_discharge_7,normal,vin_172,7,0,880
train,LFP_normal_vin_172_vin_172_discharge_8,normal,vin_172,8,0,536
train,LFP_normal_vin_172_vin_172_discharge_9,normal,vin_172,9,0,567
train,LFP_normal_vin_172_vin_172_discharge_10,normal,vin_172,10,0,634
train,LFP_normal_vin_173_vin_173_discharge_1,normal,vin_173,1,0,566
train,LFP_normal_vin_173_vin_173_discharge_2,normal,vin_173,2,0,732
train,LFP_normal_vin_173_vin_173_discharge_3,normal,vin_173,3,0,763
train,LFP_normal_vin_173_vin_173_discharge_4,normal,vin_173,4,0,494
train,LFP_normal_vin_173_vin_173_discharge_5,normal,vin_173,5,0,574
train,LFP_normal_vin_173_vin_173_discharge_6,normal,vin_173,6,0,695
train,LFP_normal_vin_173_vin_173_discharge_7,normal,vin_173,7,0,754
train,LFP_normal_vin_173_vin_173_discharge_8,normal,vin_173,8,0,563
train,LFP_normal_vin_173_vin_173_discharge_9,normal,vin_173,9,0,650
train,LFP_normal_vin_173_vin_173_discharge_10,normal,vin_173,10,0,586
train,LFP_normal_vin_174_vin_174_discharge_1,normal,vin_174,1,0,645
train,LFP_normal_vin_174_vin_174_discharge_2,normal,vin_174,2,0,515
train,LFP_normal_vin_174_vin_174_discharge_3,normal,vin_174,3,0,654
train,LFP_normal_vin_174_vin_174_discharge_4,normal,vin_174,4,0,507
train,LFP_normal_vin_174_vin_174_discharge_5,normal,vin_174,5,0,595
train,LFP_normal_vin_174_vin_174_discharge_6,normal,vin_174,6,0,770
train,LFP_normal_vin_174_vin_174_discharge_7,normal,vin_174,7,0,610
train,LFP_normal_vin_174_vin_174_discharge_8,normal,vin_174,8,0,896
train,LFP_normal_vin_174_vin_174_discharge_9,normal,vin_174,9,0,738
train,LFP_normal_vin_174_vin_174_discharge_10,normal,vin_174,10,0,512
train,LFP_normal_vin_175_vin_175_discharge_1,normal,vin_175,1,0,976
train,LFP_normal_vin_175_vin_175_discharge_2,normal,vin_175,2,0,528
train,LFP_normal_vin_175_vin_175_discharge_3,normal,vin_175,3,0,693
train,LFP_normal_vin_175_vin_175_discharge_4,normal,vin_175,4,0,716
train,LFP_normal_vin_175_vin_175_discharge_5,normal,vin_175,5,0,557
train,LFP_normal_vin_175_vin_175_discharge_6,normal,vin_175,6,0,616
train,LFP_normal_vin_175_vin_175_discharge_7,normal,vin_175,7,0,566
train,LFP_normal_vin_175_vin_175_discharge_8,normal,vin_175,8,0,553
train,LFP_normal_vin_175_vin_175_discharge_9,normal,vin_175,9,0,563
train,LFP_normal_vin_175_vin_175_discharge_10,normal,vin_175,10,0,719
train,LFP_normal_vin_176_vin_176_discharge_1,normal,vin_176,1,0,576
train,LFP_normal_vin_176_vin_176_discharge_2,normal,vin_176,2,0,823
train,LFP_normal_vin_176_vin_176_discharge_3,normal,vin_176,3,0,895
train,LFP_normal_vin_176_vin_176_discharge_4,normal,vin_176,4,0,623
train,LFP_normal_vin_176_vin_176_discharge_5,normal,vin_176,5,0,595
train,LFP_normal_vin_176_vin_176_discharge_6,normal,vin_176,6,0,559
train,LFP_normal_vin_176_vin_176_discharge_7,normal,vin_176,7,0,787
train,LFP_normal_vin_176_vin_176_discharge_8,normal,vin_176,8,0,552
train,LFP_normal_vin_176_vin_176_discharge_9,normal,vin_176,9,0,717
train,LFP_normal_vin_176_vin_176_discharge_10,normal,vin_176,10,0,560
train,LFP_normal_vin_177_vin_177_discharge_1,normal,vin_177,1,0,713
train,LFP_normal_vin_177_vin_177_discharge_2,normal,vin_177,2,0,1018
train,LFP_normal_vin_177_vin_177_discharge_3,normal,vin_177,3,0,546
train,LFP_normal_vin_177_vin_177_discharge_4,normal,vin_177,4,0,744
train,LFP_normal_vin_177_vin_177_discharge_5,normal,vin_177,5,0,547
train,LFP_normal_vin_177_vin_177_discharge_6,normal,vin_177,6,0,589
train,LFP_normal_vin_177_vin_177_discharge_7,normal,vin_177,7,0,855
train,LFP_normal_vin_177_vin_177_discharge_8,normal,vin_177,8,0,595
train,LFP_normal_vin_177_vin_177_discharge_9,normal,vin_177,9,0,685
train,LFP_normal_vin_177_vin_177_discharge_10,normal,vin_177,10,0,520
train,LFP_normal_vin_179_vin_179_discharge_1,normal,vin_179,1,0,558
train,LFP_normal_vin_179_vin_179_discharge_2,normal,vin_179,2,0,714
train,LFP_normal_vin_179_vin_179_discharge_3,normal,vin_179,3,0,927
train,LFP_normal_vin_179_vin_179_discharge_4,normal,vin_179,4,0,888
train,LFP_normal_vin_179_vin_179_discharge_5,normal,vin_179,5,0,918
train,LFP_normal_vin_179_vin_179_discharge_6,normal,vin_179,6,0,755
train,LFP_normal_vin_179_vin_179_discharge_7,normal,vin_179,7,0,614
train,LFP_normal_vin_179_vin_179_discharge_8,normal,vin_179,8,0,623
train,LFP_normal_vin_179_vin_179_discharge_9,normal,vin_179,9,0,1010
train,LFP_normal_vin_179_vin_179_discharge_10,normal,vin_179,10,0,546
train,LFP_normal_vin_180_vin_180_discharge_1,normal,vin_180,1,0,548
train,LFP_normal_vin_180_vin_180_discharge_2,normal,vin_180,2,0,709
train,LFP_normal_vin_180_vin_180_discharge_3,normal,vin_180,3,0,567
train,LFP_normal_vin_180_vin_180_discharge_4,normal,vin_180,4,0,536
train,LFP_normal_vin_180_vin_180_discharge_5,normal,vin_180,5,0,598
train,LFP_normal_vin_180_vin_180_discharge_6,normal,vin_180,6,0,638
train,LFP_normal_vin_180_vin_180_discharge_7,normal,vin_180,7,0,759
train,LFP_normal_vin_180_vin_180_discharge_8,normal,vin_180,8,0,568
train,LFP_normal_vin_180_vin_180_discharge_9,normal,vin_180,9,0,542
train,LFP_normal_vin_180_vin_180_discharge_10,normal,vin_180,10,0,556
train,LFP_normal_vin_181_vin_181_discharge_1,normal,vin_181,1,0,643
train,LFP_normal_vin_181_vin_181_discharge_2,normal,vin_181,2,0,543
train,LFP_normal_vin_181_vin_181_discharge_3,normal,vin_181,3,0,505
train,LFP_normal_vin_181_vin_181_discharge_4,normal,vin_181,4,0,652
train,LFP_normal_vin_181_vin_181_discharge_5,normal,vin_181,5,0,601
train,LFP_normal_vin_181_vin_181_discharge_6,normal,vin_181,6,0,510
train,LFP_normal_vin_181_vin_181_discharge_7,normal,vin_181,7,0,502
train,LFP_normal_vin_181_vin_181_discharge_8,normal,vin_181,8,0,585
train,LFP_normal_vin_181_vin_181_discharge_9,normal,vin_181,9,0,568
train,LFP_normal_vin_181_vin_181_discharge_10,normal,vin_181,10,0,501
train,LFP_normal_vin_182_vin_182_discharge_1,normal,vin_182,1,0,582
train,LFP_normal_vin_182_vin_182_discharge_2,normal,vin_182,2,0,761
train,LFP_normal_vin_182_vin_182_discharge_3,normal,vin_182,3,0,660
train,LFP_normal_vin_182_vin_182_discharge_4,normal,vin_182,4,0,548
train,LFP_normal_vin_182_vin_182_discharge_5,normal,vin_182,5,0,1011
train,LFP_normal_vin_182_vin_182_discharge_6,normal,vin_182,6,0,909
train,LFP_normal_vin_182_vin_182_discharge_7,normal,vin_182,7,0,522
train,LFP_normal_vin_182_vin_182_discharge_8,normal,vin_182,8,0,683
train,LFP_normal_vin_182_vin_182_discharge_9,normal,vin_182,9,0,670
train,LFP_normal_vin_182_vin_182_discharge_10,normal,vin_182,10,0,573
train,LFP_normal_vin_183_vin_183_discharge_1,normal,vin_183,1,0,628
train,LFP_normal_vin_183_vin_183_discharge_2,normal,vin_183,2,0,502
train,LFP_normal_vin_183_vin_183_discharge_3,normal,vin_183,3,0,663
train,LFP_normal_vin_183_vin_183_discharge_4,normal,vin_183,4,0,626
train,LFP_normal_vin_183_vin_183_discharge_5,normal,vin_183,5,0,804
train,LFP_normal_vin_183_vin_183_discharge_6,normal,vin_183,6,0,669
train,LFP_normal_vin_183_vin_183_discharge_7,normal,vin_183,7,0,651
train,LFP_normal_vin_183_vin_183_discharge_8,normal,vin_183,8,0,809
train,LFP_normal_vin_183_vin_183_discharge_9,normal,vin_183,9,0,614
train,LFP_normal_vin_183_vin_183_discharge_10,normal,vin_183,10,0,704
train,LFP_normal_vin_185_vin_185_discharge_1,normal,vin_185,1,0,784
train,LFP_normal_vin_185_vin_185_discharge_2,normal,vin_185,2,0,512
train,LFP_normal_vin_185_vin_185_discharge_3,normal,vin_185,3,0,792
train,LFP_normal_vin_185_vin_185_discharge_4,normal,vin_185,4,0,559
train,LFP_normal_vin_185_vin_185_discharge_5,normal,vin_185,5,0,851
train,LFP_normal_vin_185_vin_185_discharge_6,normal,vin_185,6,0,698
train,LFP_normal_vin_185_vin_185_discharge_7,normal,vin_185,7,0,508
train,LFP_normal_vin_185_vin_185_discharge_8,normal,vin_185,8,0,561
train,LFP_normal_vin_185_vin_185_discharge_9,normal,vin_185,9,0,573
train,LFP_normal_vin_185_vin_185_discharge_10,normal,vin_185,10,0,616
train,LFP_normal_vin_186_vin_186_discharge_1,normal,vin_186,1,0,712
train,LFP_normal_vin_186_vin_186_discharge_2,normal,vin_186,2,0,606
train,LFP_normal_vin_186_vin_186_discharge_3,normal,vin_186,3,0,538
train,LFP_normal_vin_186_vin_186_discharge_4,normal,vin_186,4,0,637
train,LFP_normal_vin_186_vin_186_discharge_5,normal,vin_186,5,0,686
train,LFP_normal_vin_186_vin_186_discharge_6,normal,vin_186,6,0,536
train,LFP_normal_vin_186_vin_186_discharge_7,normal,vin_186,7,0,663
train,LFP_normal_vin_186_vin_186_discharge_8,normal,vin_186,8,0,958
train,LFP_normal_vin_186_vin_186_discharge_9,normal,vin_186,9,0,567
train,LFP_normal_vin_186_vin_186_discharge_10,normal,vin_186,10,0,590
train,LFP_normal_vin_187_vin_187_discharge_1,normal,vin_187,1,0,671
train,LFP_normal_vin_187_vin_187_discharge_2,normal,vin_187,2,0,591
train,LFP_normal_vin_187_vin_187_discharge_3,normal,vin_187,3,0,670
train,LFP_normal_vin_187_vin_187_discharge_4,normal,vin_187,4,0,711
train,LFP_normal_vin_187_vin_187_discharge_5,normal,vin_187,5,0,675
train,LFP_normal_vin_187_vin_187_discharge_6,normal,vin_187,6,0,563
train,LFP_normal_vin_187_vin_187_discharge_7,normal,vin_187,7,0,559
train,LFP_normal_vin_187_vin_187_discharge_8,normal,vin_187,8,0,549
train,LFP_normal_vin_187_vin_187_discharge_9,normal,vin_187,9,0,523
train,LFP_normal_vin_187_vin_187_discharge_10,normal,vin_187,10,0,484
train,LFP_normal_vin_188_vin_188_discharge_1,normal,vin_188,1,0,693
train,LFP_normal_vin_188_vin_188_discharge_2,normal,vin_188,2,0,567
train,LFP_normal_vin_188_vin_188_discharge_3,normal,vin_188,3,0,544
train,LFP_normal_vin_188_vin_188_discharge_4,normal,vin_188,4,0,727
train,LFP_normal_vin_188_vin_188_discharge_5,normal,vin_188,5,0,825
train,LFP_normal_vin_188_vin_188_discharge_6,normal,vin_188,6,0,554
train,LFP_normal_vin_188_vin_188_discharge_7,normal,vin_188,7,0,598
train,LFP_normal_vin_188_vin_188_discharge_8,normal,vin_188,8,0,575
train,LFP_normal_vin_188_vin_188_discharge_9,normal,vin_188,9,0,693
train,LFP_normal_vin_188_vin_188_discharge_10,normal,vin_188,10,0,653
train,LFP_normal_vin_190_vin_190_discharge_1,normal,vin_190,1,0,733
train,LFP_normal_vin_190_vin_190_discharge_2,normal,vin_190,2,0,851
train,LFP_normal_vin_190_vin_190_discharge_3,normal,vin_190,3,0,538
train,LFP_normal_vin_190_vin_190_discharge_4,normal,vin_190,4,0,542
train,LFP_normal_vin_190_vin_190_discharge_5,normal,vin_190,5,0,564
train,LFP_normal_vin_190_vin_190_discharge_6,normal,vin_190,6,0,577
train,LFP_normal_vin_190_vin_190_discharge_7,normal,vin_190,7,0,671
train,LFP_normal_vin_190_vin_190_discharge_8,normal,vin_190,8,0,731
train,LFP_normal_vin_190_vin_190_discharge_9,normal,vin_190,9,0,602
train,LFP_normal_vin_190_vin_190_discharge_10,normal,vin_190,10,0,689
train,LFP_normal_vin_191_vin_191_discharge_1,normal,vin_191,1,0,576
train,LFP_normal_vin_191_vin_191_discharge_2,normal,vin_191,2,0,584
train,LFP_normal_vin_191_vin_191_discharge_3,normal,vin_191,3,0,747
train,LFP_normal_vin_191_vin_191_discharge_4,normal,vin_191,4,0,530
train,LFP_normal_vin_191_vin_191_discharge_5,normal,vin_191,5,0,714
train,LFP_normal_vin_191_vin_191_discharge_6,normal,vin_191,6,0,578
train,LFP_normal_vin_191_vin_191_discharge_7,normal,vin_191,7,0,578
train,LFP_normal_vin_191_vin_191_discharge_8,normal,vin_191,8,0,532
train,LFP_normal_vin_191_vin_191_discharge_9,normal,vin_191,9,0,665
train,LFP_normal_vin_191_vin_191_discharge_10,normal,vin_191,10,0,549
train,LFP_normal_vin_192_vin_192_discharge_1,normal,vin_192,1,0,833
train,LFP_normal_vin_192_vin_192_discharge_2,normal,vin_192,2,0,542
train,LFP_normal_vin_192_vin_192_discharge_3,normal,vin_192,3,0,689
train,LFP_normal_vin_192_vin_192_discharge_4,normal,vin_192,4,0,522
train,LFP_normal_vin_192_vin_192_discharge_5,normal,vin_192,5,0,540
train,LFP_normal_vin_192_vin_192_discharge_6,normal,vin_192,6,0,647
train,LFP_normal_vin_192_vin_192_discharge_7,normal,vin_192,7,0,578
train,LFP_normal_vin_192_vin_192_discharge_8,normal,vin_192,8,0,830
train,LFP_normal_vin_192_vin_192_discharge_9,normal,vin_192,9,0,802
train,LFP_normal_vin_192_vin_192_discharge_10,normal,vin_192,10,0,898
train,LFP_normal_vin_193_vin_193_discharge_1,normal,vin_193,1,0,635
train,LFP_normal_vin_193_vin_193_discharge_2,normal,vin_193,2,0,593
train,LFP_normal_vin_193_vin_193_discharge_3,normal,vin_193,3,0,565
train,LFP_normal_vin_193_vin_193_discharge_4,normal,vin_193,4,0,640
train,LFP_normal_vin_193_vin_193_discharge_5,normal,vin_193,5,0,513
train,LFP_normal_vin_193_vin_193_discharge_6,normal,vin_193,6,0,587
train,LFP_normal_vin_193_vin_193_discharge_7,normal,vin_193,7,0,721
train,LFP_normal_vin_193_vin_193_discharge_8,normal,vin_193,8,0,522
train,LFP_normal_vin_193_vin_193_discharge_9,normal,vin_193,9,0,509
train,LFP_normal_vin_193_vin_193_discharge_10,normal,vin_193,10,0,521
train,LFP_normal_vin_194_vin_194_discharge_1,normal,vin_194,1,0,519
train,LFP_normal_vin_194_vin_194_discharge_2,normal,vin_194,2,0,546
train,LFP_normal_vin_194_vin_194_discharge_3,normal,vin_194,3,0,655
train,LFP_normal_vin_194_vin_194_discharge_4,normal,vin_194,4,0,592
train,LFP_normal_vin_194_vin_194_discharge_5,normal,vin_194,5,0,621
train,LFP_normal_vin_194_vin_194_discharge_6,normal,vin_194,6,0,544
train,LFP_normal_vin_194_vin_194_discharge_7,normal,vin_194,7,0,534
train,LFP_normal_vin_194_vin_194_discharge_8,normal,vin_194,8,0,577
train,LFP_normal_vin_194_vin_194_discharge_9,normal,vin_194,9,0,541
train,LFP_normal_vin_194_vin_194_discharge_10,normal,vin_194,10,0,539
train,LFP_normal_vin_195_vin_195_discharge_1,normal,vin_195,1,0,594
train,LFP_normal_vin_195_vin_195_discharge_2,normal,vin_195,2,0,899
train,LFP_normal_vin_195_vin_195_discharge_3,normal,vin_195,3,0,526
train,LFP_normal_vin_195_vin_195_discharge_4,normal,vin_195,4,0,901
train,LFP_normal_vin_195_vin_195_discharge_5,normal,vin_195,5,0,706
train,LFP_normal_vin_195_vin_195_discharge_6,normal,vin_195,6,0,718
train,LFP_normal_vin_195_vin_195_discharge_7,normal,vin_195,7,0,499
train,LFP_normal_vin_195_vin_195_discharge_8,normal,vin_195,8,0,829
train,LFP_normal_vin_195_vin_195_discharge_9,normal,vin_195,9,0,613
train,LFP_normal_vin_195_vin_195_discharge_10,normal,vin_195,10,0,571
train,LFP_normal_vin_196_vin_196_discharge_1,normal,vin_196,1,0,542
train,LFP_normal_vin_196_vin_196_discharge_2,normal,vin_196,2,0,584
train,LFP_normal_vin_196_vin_196_discharge_3,normal,vin_196,3,0,592
train,LFP_normal_vin_196_vin_196_discharge_4,normal,vin_196,4,0,526
train,LFP_normal_vin_196_vin_196_discharge_5,normal,vin_196,5,0,794
train,LFP_normal_vin_196_vin_196_discharge_6,normal,vin_196,6,0,569
train,LFP_normal_vin_196_vin_196_discharge_7,normal,vin_196,7,0,594
train,LFP_normal_vin_196_vin_196_discharge_8,normal,vin_196,8,0,569
train,LFP_normal_vin_196_vin_196_discharge_9,normal,vin_196,9,0,535
train,LFP_normal_vin_196_vin_196_discharge_10,normal,vin_196,10,0,539
train,LFP_normal_vin_197_vin_197_discharge_1,normal,vin_197,1,0,542
train,LFP_normal_vin_197_vin_197_discharge_2,normal,vin_197,2,0,503
train,LFP_normal_vin_197_vin_197_discharge_3,normal,vin_197,3,0,644
train,LFP_normal_vin_197_vin_197_discharge_4,normal,vin_197,4,0,517
train,LFP_normal_vin_197_vin_197_discharge_5,normal,vin_197,5,0,1041
train,LFP_normal_vin_197_vin_197_discharge_6,normal,vin_197,6,0,792
train,LFP_normal_vin_197_vin_197_discharge_7,normal,vin_197,7,0,553
train,LFP_normal_vin_197_vin_197_discharge_8,normal,vin_197,8,0,569
train,LFP_normal_vin_197_vin_197_discharge_9,normal,vin_197,9,0,678
train,LFP_normal_vin_197_vin_197_discharge_10,normal,vin_197,10,0,677
train,LFP_normal_vin_199_vin_199_discharge_1,normal,vin_199,1,0,535
train,LFP_normal_vin_199_vin_199_discharge_2,normal,vin_199,2,0,661
train,LFP_normal_vin_199_vin_199_discharge_3,normal,vin_199,3,0,700
train,LFP_normal_vin_199_vin_199_discharge_4,normal,vin_199,4,0,549
train,LFP_normal_vin_199_vin_199_discharge_5,normal,vin_199,5,0,864
train,LFP_normal_vin_199_vin_199_discharge_6,normal,vin_199,6,0,691
train,LFP_normal_vin_199_vin_199_discharge_7,normal,vin_199,7,0,798
train,LFP_normal_vin_199_vin_199_discharge_8,normal,vin_199,8,0,668
train,LFP_normal_vin_199_vin_199_discharge_9,normal,vin_199,9,0,791
train,LFP_normal_vin_199_vin_199_discharge_10,normal,vin_199,10,0,561
train,LFP_normal_vin_201_vin_201_discharge_1,normal,vin_201,1,0,692
train,LFP_normal_vin_201_vin_201_discharge_2,normal,vin_201,2,0,618
train,LFP_normal_vin_201_vin_201_discharge_3,normal,vin_201,3,0,526
train,LFP_normal_vin_201_vin_201_discharge_4,normal,vin_201,4,0,667
train,LFP_normal_vin_201_vin_201_discharge_5,normal,vin_201,5,0,585
train,LFP_normal_vin_201_vin_201_discharge_6,normal,vin_201,6,0,828
train,LFP_normal_vin_201_vin_201_discharge_7,normal,vin_201,7,0,844
train,LFP_normal_vin_201_vin_201_discharge_8,normal,vin_201,8,0,587
train,LFP_normal_vin_201_vin_201_discharge_9,normal,vin_201,9,0,560
train,LFP_normal_vin_201_vin_201_discharge_10,normal,vin_201,10,0,745
train,LFP_normal_vin_202_vin_202_discharge_1,normal,vin_202,1,0,572
train,LFP_normal_vin_202_vin_202_discharge_2,normal,vin_202,2,0,504
train,LFP_normal_vin_202_vin_202_discharge_3,normal,vin_202,3,0,538
train,LFP_normal_vin_202_vin_202_discharge_4,normal,vin_202,4,0,868
train,LFP_normal_vin_202_vin_202_discharge_5,normal,vin_202,5,0,572
train,LFP_normal_vin_202_vin_202_discharge_6,normal,vin_202,6,0,695
train,LFP_normal_vin_202_vin_202_discharge_7,normal,vin_202,7,0,567
train,LFP_normal_vin_202_vin_202_discharge_8,normal,vin_202,8,0,629
train,LFP_normal_vin_202_vin_202_discharge_9,normal,vin_202,9,0,528
train,LFP_normal_vin_202_vin_202_discharge_10,normal,vin_202,10,0,722
train,LFP_normal_vin_203_vin_203_discharge_1,normal,vin_203,1,0,798
train,LFP_normal_vin_203_vin_203_discharge_2,normal,vin_203,2,0,925
train,LFP_normal_vin_203_vin_203_discharge_3,normal,vin_203,3,0,712
train,LFP_normal_vin_203_vin_203_discharge_4,normal,vin_203,4,0,526
train,LFP_normal_vin_203_vin_203_discharge_5,normal,vin_203,5,0,873
train,LFP_normal_vin_203_vin_203_discharge_6,normal,vin_203,6,0,603
train,LFP_normal_vin_203_vin_203_discharge_7,normal,vin_203,7,0,526
train,LFP_normal_vin_203_vin_203_discharge_8,normal,vin_203,8,0,893
train,LFP_normal_vin_203_vin_203_discharge_9,normal,vin_203,9,0,609
train,LFP_normal_vin_203_vin_203_discharge_10,normal,vin_203,10,0,697
train,LFP_normal_vin_204_vin_204_discharge_1,normal,vin_204,1,0,726
train,LFP_normal_vin_204_vin_204_discharge_2,normal,vin_204,2,0,629
train,LFP_normal_vin_204_vin_204_discharge_3,normal,vin_204,3,0,601
train,LFP_normal_vin_204_vin_204_discharge_4,normal,vin_204,4,0,632
train,LFP_normal_vin_204_vin_204_discharge_5,normal,vin_204,5,0,561
train,LFP_normal_vin_204_vin_204_discharge_6,normal,vin_204,6,0,509
train,LFP_normal_vin_204_vin_204_discharge_7,normal,vin_204,7,0,566
train,LFP_normal_vin_204_vin_204_discharge_8,normal,vin_204,8,0,638
train,LFP_normal_vin_204_vin_204_discharge_9,normal,vin_204,9,0,760
train,LFP_normal_vin_204_vin_204_discharge_10,normal,vin_204,10,0,546
train,LFP_normal_vin_206_vin_206_discharge_1,normal,vin_206,1,0,765
train,LFP_normal_vin_206_vin_206_discharge_2,normal,vin_206,2,0,529
train,LFP_normal_vin_206_vin_206_discharge_3,normal,vin_206,3,0,866
train,LFP_normal_vin_206_vin_206_discharge_4,normal,vin_206,4,0,711
train,LFP_normal_vin_206_vin_206_discharge_5,normal,vin_206,5,0,551
train,LFP_normal_vin_206_vin_206_discharge_6,normal,vin_206,6,0,753
train,LFP_normal_vin_206_vin_206_discharge_7,normal,vin_206,7,0,519
train,LFP_normal_vin_206_vin_206_discharge_8,normal,vin_206,8,0,506
train,LFP_normal_vin_206_vin_206_discharge_9,normal,vin_206,9,0,875
train,LFP_normal_vin_206_vin_206_discharge_10,normal,vin_206,10,0,888
train,LFP_normal_vin_207_vin_207_discharge_1,normal,vin_207,1,0,670
train,LFP_normal_vin_207_vin_207_discharge_2,normal,vin_207,2,0,650
train,LFP_normal_vin_207_vin_207_discharge_3,normal,vin_207,3,0,587
train,LFP_normal_vin_207_vin_207_discharge_4,normal,vin_207,4,0,643
train,LFP_normal_vin_207_vin_207_discharge_5,normal,vin_207,5,0,811
train,LFP_normal_vin_207_vin_207_discharge_6,normal,vin_207,6,0,520
train,LFP_normal_vin_207_vin_207_discharge_7,normal,vin_207,7,0,627
train,LFP_normal_vin_207_vin_207_discharge_8,normal,vin_207,8,0,511
train,LFP_normal_vin_207_vin_207_discharge_9,normal,vin_207,9,0,740
train,LFP_normal_vin_207_vin_207_discharge_10,normal,vin_207,10,0,682
train,LFP_normal_vin_208_vin_208_discharge_1,normal,vin_208,1,0,539
train,LFP_normal_vin_208_vin_208_discharge_2,normal,vin_208,2,0,665
train,LFP_normal_vin_208_vin_208_discharge_3,normal,vin_208,3,0,513
train,LFP_normal_vin_208_vin_208_discharge_4,normal,vin_208,4,0,646
train,LFP_normal_vin_208_vin_208_discharge_5,normal,vin_208,5,0,575
train,LFP_normal_vin_208_vin_208_discharge_6,normal,vin_208,6,0,497
train,LFP_normal_vin_208_vin_208_discharge_7,normal,vin_208,7,0,670
train,LFP_normal_vin_208_vin_208_discharge_8,normal,vin_208,8,0,667
train,LFP_normal_vin_208_vin_208_discharge_9,normal,vin_208,9,0,655
train,LFP_normal_vin_208_vin_208_discharge_10,normal,vin_208,10,0,633
train,LFP_normal_vin_209_vin_209_discharge_1,normal,vin_209,1,0,710
train,LFP_normal_vin_209_vin_209_discharge_2,normal,vin_209,2,0,599
train,LFP_normal_vin_209_vin_209_discharge_3,normal,vin_209,3,0,695
train,LFP_normal_vin_209_vin_209_discharge_4,normal,vin_209,4,0,851
train,LFP_normal_vin_209_vin_209_discharge_5,normal,vin_209,5,0,627
train,LFP_normal_vin_209_vin_209_discharge_6,normal,vin_209,6,0,613
train,LFP_normal_vin_209_vin_209_discharge_7,normal,vin_209,7,0,720
train,LFP_normal_vin_209_vin_209_discharge_8,normal,vin_209,8,0,650
train,LFP_normal_vin_209_vin_209_discharge_9,normal,vin_209,9,0,708
train,LFP_normal_vin_209_vin_209_discharge_10,normal,vin_209,10,0,576
train,LFP_normal_vin_210_vin_210_discharge_1,normal,vin_210,1,0,839
train,LFP_normal_vin_210_vin_210_discharge_2,normal,vin_210,2,0,639
train,LFP_normal_vin_210_vin_210_discharge_3,normal,vin_210,3,0,540
train,LFP_normal_vin_210_vin_210_discharge_4,normal,vin_210,4,0,571
train,LFP_normal_vin_210_vin_210_discharge_5,normal,vin_210,5,0,655
train,LFP_normal_vin_210_vin_210_discharge_6,normal,vin_210,6,0,604
train,LFP_normal_vin_210_vin_210_discharge_7,normal,vin_210,7,0,628
train,LFP_normal_vin_210_vin_210_discharge_8,normal,vin_210,8,0,528
train,LFP_normal_vin_210_vin_210_discharge_9,normal,vin_210,9,0,786
train,LFP_normal_vin_210_vin_210_discharge_10,normal,vin_210,10,0,495
train,LFP_normal_vin_211_vin_211_discharge_1,normal,vin_211,1,0,554
train,LFP_normal_vin_211_vin_211_discharge_2,normal,vin_211,2,0,569
train,LFP_normal_vin_211_vin_211_discharge_3,normal,vin_211,3,0,584
train,LFP_normal_vin_211_vin_211_discharge_4,normal,vin_211,4,0,556
train,LFP_normal_vin_211_vin_211_discharge_5,normal,vin_211,5,0,500
train,LFP_normal_vin_211_vin_211_discharge_6,normal,vin_211,6,0,523
train,LFP_normal_vin_211_vin_211_discharge_7,normal,vin_211,7,0,625
train,LFP_normal_vin_211_vin_211_discharge_8,normal,vin_211,8,0,596
train,LFP_normal_vin_211_vin_211_discharge_9,normal,vin_211,9,0,500
train,LFP_normal_vin_211_vin_211_discharge_10,normal,vin_211,10,0,689
train,LFP_normal_vin_212_vin_212_discharge_1,normal,vin_212,1,0,518
train,LFP_normal_vin_212_vin_212_discharge_2,normal,vin_212,2,0,552
train,LFP_normal_vin_212_vin_212_discharge_3,normal,vin_212,3,0,927
train,LFP_normal_vin_212_vin_212_discharge_4,normal,vin_212,4,0,783
train,LFP_normal_vin_212_vin_212_discharge_5,normal,vin_212,5,0,496
train,LFP_normal_vin_212_vin_212_discharge_6,normal,vin_212,6,0,675
train,LFP_normal_vin_212_vin_212_discharge_7,normal,vin_212,7,0,540
train,LFP_normal_vin_212_vin_212_discharge_8,normal,vin_212,8,0,572
train,LFP_normal_vin_212_vin_212_discharge_9,normal,vin_212,9,0,593
train,LFP_normal_vin_212_vin_212_discharge_10,normal,vin_212,10,0,798
train,LFP_normal_vin_213_vin_213_discharge_1,normal,vin_213,1,0,537
train,LFP_normal_vin_213_vin_213_discharge_2,normal,vin_213,2,0,582
train,LFP_normal_vin_213_vin_213_discharge_3,normal,vin_213,3,0,544
train,LFP_normal_vin_213_vin_213_discharge_4,normal,vin_213,4,0,532
train,LFP_normal_vin_213_vin_213_discharge_5,normal,vin_213,5,0,713
train,LFP_normal_vin_213_vin_213_discharge_6,normal,vin_213,6,0,719
train,LFP_normal_vin_213_vin_213_discharge_7,normal,vin_213,7,0,650
train,LFP_normal_vin_213_vin_213_discharge_8,normal,vin_213,8,0,814
train,LFP_normal_vin_213_vin_213_discharge_9,normal,vin_213,9,0,740
train,LFP_normal_vin_213_vin_213_discharge_10,normal,vin_213,10,0,583
train,LFP_normal_vin_214_vin_214_discharge_1,normal,vin_214,1,0,804
train,LFP_normal_vin_214_vin_214_discharge_2,normal,vin_214,2,0,915
train,LFP_normal_vin_214_vin_214_discharge_3,normal,vin_214,3,0,667
train,LFP_normal_vin_214_vin_214_discharge_4,normal,vin_214,4,0,592
train,LFP_normal_vin_214_vin_214_discharge_5,normal,vin_214,5,0,592
train,LFP_normal_vin_214_vin_214_discharge_6,normal,vin_214,6,0,588
train,LFP_normal_vin_214_vin_214_discharge_7,normal,vin_214,7,0,566
train,LFP_normal_vin_214_vin_214_discharge_8,normal,vin_214,8,0,690
train,LFP_normal_vin_214_vin_214_discharge_9,normal,vin_214,9,0,888
train,LFP_normal_vin_214_vin_214_discharge_10,normal,vin_214,10,0,693
train,LFP_normal_vin_215_vin_215_discharge_1,normal,vin_215,1,0,557
train,LFP_normal_vin_215_vin_215_discharge_2,normal,vin_215,2,0,734
train,LFP_normal_vin_215_vin_215_discharge_3,normal,vin_215,3,0,651
train,LFP_normal_vin_215_vin_215_discharge_4,normal,vin_215,4,0,665
train,LFP_normal_vin_215_vin_215_discharge_5,normal,vin_215,5,0,531
train,LFP_normal_vin_215_vin_215_discharge_6,normal,vin_215,6,0,606
train,LFP_normal_vin_215_vin_215_discharge_7,normal,vin_215,7,0,604
train,LFP_normal_vin_215_vin_215_discharge_8,normal,vin_215,8,0,630
train,LFP_normal_vin_215_vin_215_discharge_9,normal,vin_215,9,0,603
train,LFP_normal_vin_215_vin_215_discharge_10,normal,vin_215,10,0,552
train,LFP_normal_vin_216_vin_216_discharge_1,normal,vin_216,1,0,620
train,LFP_normal_vin_216_vin_216_discharge_2,normal,vin_216,2,0,591
train,LFP_normal_vin_216_vin_216_discharge_3,normal,vin_216,3,0,819
train,LFP_normal_vin_216_vin_216_discharge_4,normal,vin_216,4,0,505
train,LFP_normal_vin_216_vin_216_discharge_5,normal,vin_216,5,0,606
train,LFP_normal_vin_216_vin_216_discharge_6,normal,vin_216,6,0,555
train,LFP_normal_vin_216_vin_216_discharge_7,normal,vin_216,7,0,621
train,LFP_normal_vin_216_vin_216_discharge_8,normal,vin_216,8,0,550
train,LFP_normal_vin_216_vin_216_discharge_9,normal,vin_216,9,0,541
train,LFP_normal_vin_216_vin_216_discharge_10,normal,vin_216,10,0,728
train,LFP_normal_vin_217_vin_217_discharge_1,normal,vin_217,1,0,619
train,LFP_normal_vin_217_vin_217_discharge_2,normal,vin_217,2,0,680
train,LFP_normal_vin_217_vin_217_discharge_3,normal,vin_217,3,0,650
train,LFP_normal_vin_217_vin_217_discharge_4,normal,vin_217,4,0,724
train,LFP_normal_vin_217_vin_217_discharge_5,normal,vin_217,5,0,523
train,LFP_normal_vin_217_vin_217_discharge_6,normal,vin_217,6,0,589
train,LFP_normal_vin_217_vin_217_discharge_7,normal,vin_217,7,0,862
train,LFP_normal_vin_217_vin_217_discharge_8,normal,vin_217,8,0,557
train,LFP_normal_vin_217_vin_217_discharge_9,normal,vin_217,9,0,573
train,LFP_normal_vin_217_vin_217_discharge_10,normal,vin_217,10,0,717
train,LFP_normal_vin_218_vin_218_discharge_1,normal,vin_218,1,0,570
train,LFP_normal_vin_218_vin_218_discharge_2,normal,vin_218,2,0,515
train,LFP_normal_vin_218_vin_218_discharge_3,normal,vin_218,3,0,590
train,LFP_normal_vin_218_vin_218_discharge_4,normal,vin_218,4,0,760
train,LFP_normal_vin_218_vin_218_discharge_5,normal,vin_218,5,0,627
train,LFP_normal_vin_218_vin_218_discharge_6,normal,vin_218,6,0,723
train,LFP_normal_vin_218_vin_218_discharge_7,normal,vin_218,7,0,499
train,LFP_normal_vin_218_vin_218_discharge_8,normal,vin_218,8,0,524
train,LFP_normal_vin_218_vin_218_discharge_9,normal,vin_218,9,0,516
train,LFP_normal_vin_218_vin_218_discharge_10,normal,vin_218,10,0,597
train,LFP_normal_vin_219_vin_219_discharge_1,normal,vin_219,1,0,547
train,LFP_normal_vin_219_vin_219_discharge_2,normal,vin_219,2,0,676
train,LFP_normal_vin_219_vin_219_discharge_3,normal,vin_219,3,0,508
train,LFP_normal_vin_219_vin_219_discharge_4,normal,vin_219,4,0,570
train,LFP_normal_vin_219_vin_219_discharge_5,normal,vin_219,5,0,553
train,LFP_normal_vin_219_vin_219_discharge_6,normal,vin_219,6,0,719
train,LFP_normal_vin_219_vin_219_discharge_7,normal,vin_219,7,0,526
train,LFP_normal_vin_219_vin_219_discharge_8,normal,vin_219,8,0,881
train,LFP_normal_vin_219_vin_219_discharge_9,normal,vin_219,9,0,798
train,LFP_normal_vin_219_vin_219_discharge_10,normal,vin_219,10,0,763
train,LFP_normal_vin_220_vin_220_discharge_1,normal,vin_220,1,0,666
train,LFP_normal_vin_220_vin_220_discharge_2,normal,vin_220,2,0,609
train,LFP_normal_vin_220_vin_220_discharge_3,normal,vin_220,3,0,594
train,LFP_normal_vin_220_vin_220_discharge_4,normal,vin_220,4,0,579
train,LFP_normal_vin_220_vin_220_discharge_5,normal,vin_220,5,0,665
train,LFP_normal_vin_220_vin_220_discharge_6,normal,vin_220,6,0,534
train,LFP_normal_vin_220_vin_220_discharge_7,normal,vin_220,7,0,502
train,LFP_normal_vin_220_vin_220_discharge_8,normal,vin_220,8,0,571
train,LFP_normal_vin_220_vin_220_discharge_9,normal,vin_220,9,0,708
train,LFP_normal_vin_220_vin_220_discharge_10,normal,vin_220,10,0,563
train,LFP_normal_vin_221_vin_221_discharge_1,normal,vin_221,1,0,795
train,LFP_normal_vin_221_vin_221_discharge_2,normal,vin_221,2,0,503
train,LFP_normal_vin_221_vin_221_discharge_3,normal,vin_221,3,0,531
train,LFP_normal_vin_221_vin_221_discharge_4,normal,vin_221,4,0,573
train,LFP_normal_vin_221_vin_221_discharge_5,normal,vin_221,5,0,551
train,LFP_normal_vin_221_vin_221_discharge_6,normal,vin_221,6,0,638
train,LFP_normal_vin_221_vin_221_discharge_7,normal,vin_221,7,0,932
train,LFP_normal_vin_221_vin_221_discharge_8,normal,vin_221,8,0,542
train,LFP_normal_vin_221_vin_221_discharge_9,normal,vin_221,9,0,492
train,LFP_normal_vin_221_vin_221_discharge_10,normal,vin_221,10,0,749
train,LFP_normal_vin_222_vin_222_discharge_1,normal,vin_222,1,0,717
train,LFP_normal_vin_222_vin_222_discharge_2,normal,vin_222,2,0,578
train,LFP_normal_vin_222_vin_222_discharge_3,normal,vin_222,3,0,790
train,LFP_normal_vin_222_vin_222_discharge_4,normal,vin_222,4,0,493
train,LFP_normal_vin_222_vin_222_discharge_5,normal,vin_222,5,0,498
train,LFP_normal_vin_222_vin_222_discharge_6,normal,vin_222,6,0,541
train,LFP_normal_vin_222_vin_222_discharge_7,normal,vin_222,7,0,656
train,LFP_normal_vin_222_vin_222_discharge_8,normal,vin_222,8,0,559
train,LFP_normal_vin_222_vin_222_discharge_9,normal,vin_222,9,0,917
train,LFP_normal_vin_222_vin_222_discharge_10,normal,vin_222,10,0,550
train,LFP_normal_vin_223_vin_223_discharge_1,normal,vin_223,1,0,965
train,LFP_normal_vin_223_vin_223_discharge_2,normal,vin_223,2,0,582
train,LFP_normal_vin_223_vin_223_discharge_3,normal,vin_223,3,0,839
train,LFP_normal_vin_223_vin_223_discharge_4,normal,vin_223,4,0,526
train,LFP_normal_vin_223_vin_223_discharge_5,normal,vin_223,5,0,581
train,LFP_normal_vin_223_vin_223_discharge_6,normal,vin_223,6,0,549
train,LFP_normal_vin_223_vin_223_discharge_7,normal,vin_223,7,0,557
train,LFP_normal_vin_223_vin_223_discharge_8,normal,vin_223,8,0,529
train,LFP_normal_vin_223_vin_223_discharge_9,normal,vin_223,9,0,662
train,LFP_normal_vin_223_vin_223_discharge_10,normal,vin_223,10,0,520
train,LFP_normal_vin_224_vin_224_discharge_1,normal,vin_224,1,0,505
train,LFP_normal_vin_224_vin_224_discharge_2,normal,vin_224,2,0,572
train,LFP_normal_vin_224_vin_224_discharge_3,normal,vin_224,3,0,547
train,LFP_normal_vin_224_vin_224_discharge_4,normal,vin_224,4,0,649
train,LFP_normal_vin_224_vin_224_discharge_5,normal,vin_224,5,0,724
train,LFP_normal_vin_224_vin_224_discharge_6,normal,vin_224,6,0,756
train,LFP_normal_vin_224_vin_224_discharge_7,normal,vin_224,7,0,711
train,LFP_normal_vin_224_vin_224_discharge_8,normal,vin_224,8,0,503
train,LFP_normal_vin_224_vin_224_discharge_9,normal,vin_224,9,0,568
train,LFP_normal_vin_224_vin_224_discharge_10,normal,vin_224,10,0,522
train,LFP_normal_vin_225_vin_225_discharge_1,normal,vin_225,1,0,528
train,LFP_normal_vin_225_vin_225_discharge_2,normal,vin_225,2,0,567
train,LFP_normal_vin_225_vin_225_discharge_3,normal,vin_225,3,0,915
train,LFP_normal_vin_225_vin_225_discharge_4,normal,vin_225,4,0,541
train,LFP_normal_vin_225_vin_225_discharge_5,normal,vin_225,5,0,659
train,LFP_normal_vin_225_vin_225_discharge_6,normal,vin_225,6,0,598
train,LFP_normal_vin_225_vin_225_discharge_7,normal,vin_225,7,0,863
train,LFP_normal_vin_225_vin_225_discharge_8,normal,vin_225,8,0,1019
train,LFP_normal_vin_225_vin_225_discharge_9,normal,vin_225,9,0,936
train,LFP_normal_vin_225_vin_225_discharge_10,normal,vin_225,10,0,647
train,LFP_normal_vin_226_vin_226_discharge_1,normal,vin_226,1,0,645
train,LFP_normal_vin_226_vin_226_discharge_2,normal,vin_226,2,0,534
train,LFP_normal_vin_226_vin_226_discharge_3,normal,vin_226,3,0,537
train,LFP_normal_vin_226_vin_226_discharge_4,normal,vin_226,4,0,745
train,LFP_normal_vin_226_vin_226_discharge_5,normal,vin_226,5,0,856
train,LFP_normal_vin_226_vin_226_discharge_6,normal,vin_226,6,0,677
train,LFP_normal_vin_226_vin_226_discharge_7,normal,vin_226,7,0,670
train,LFP_normal_vin_226_vin_226_discharge_8,normal,vin_226,8,0,576
train,LFP_normal_vin_226_vin_226_discharge_9,normal,vin_226,9,0,537
train,LFP_normal_vin_226_vin_226_discharge_10,normal,vin_226,10,0,640
train,LFP_normal_vin_228_vin_228_discharge_1,normal,vin_228,1,0,785
train,LFP_normal_vin_228_vin_228_discharge_2,normal,vin_228,2,0,664
train,LFP_normal_vin_228_vin_228_discharge_3,normal,vin_228,3,0,619
train,LFP_normal_vin_228_vin_228_discharge_4,normal,vin_228,4,0,526
train,LFP_normal_vin_228_vin_228_discharge_5,normal,vin_228,5,0,583
train,LFP_normal_vin_228_vin_228_discharge_6,normal,vin_228,6,0,645
train,LFP_normal_vin_228_vin_228_discharge_7,normal,vin_228,7,0,807
train,LFP_normal_vin_228_vin_228_discharge_8,normal,vin_228,8,0,674
train,LFP_normal_vin_228_vin_228_discharge_9,normal,vin_228,9,0,619
train,LFP_normal_vin_228_vin_228_discharge_10,normal,vin_228,10,0,659
train,LFP_normal_vin_229_vin_229_discharge_1,normal,vin_229,1,0,632
train,LFP_normal_vin_229_vin_229_discharge_2,normal,vin_229,2,0,793
train,LFP_normal_vin_229_vin_229_discharge_3,normal,vin_229,3,0,587
train,LFP_normal_vin_229_vin_229_discharge_4,normal,vin_229,4,0,557
train,LFP_normal_vin_229_vin_229_discharge_5,normal,vin_229,5,0,563
train,LFP_normal_vin_229_vin_229_discharge_6,normal,vin_229,6,0,723
train,LFP_normal_vin_229_vin_229_discharge_7,normal,vin_229,7,0,673
train,LFP_normal_vin_229_vin_229_discharge_8,normal,vin_229,8,0,595
train,LFP_normal_vin_229_vin_229_discharge_9,normal,vin_229,9,0,600
train,LFP_normal_vin_229_vin_229_discharge_10,normal,vin_229,10,0,778
train,LFP_normal_vin_230_vin_230_discharge_1,normal,vin_230,1,0,575
train,LFP_normal_vin_230_vin_230_discharge_2,normal,vin_230,2,0,765
train,LFP_normal_vin_230_vin_230_discharge_3,normal,vin_230,3,0,588
train,LFP_normal_vin_230_vin_230_discharge_4,normal,vin_230,4,0,683
train,LFP_normal_vin_230_vin_230_discharge_5,normal,vin_230,5,0,530
train,LFP_normal_vin_230_vin_230_discharge_6,normal,vin_230,6,0,664
train,LFP_normal_vin_230_vin_230_discharge_7,normal,vin_230,7,0,705
train,LFP_normal_vin_230_vin_230_discharge_8,normal,vin_230,8,0,551
train,LFP_normal_vin_230_vin_230_discharge_9,normal,vin_230,9,0,582
train,LFP_normal_vin_230_vin_230_discharge_10,normal,vin_230,10,0,675
train,LFP_normal_vin_233_vin_233_discharge_1,normal,vin_233,1,0,586
train,LFP_normal_vin_233_vin_233_discharge_2,normal,vin_233,2,0,778
train,LFP_normal_vin_233_vin_233_discharge_3,normal,vin_233,3,0,642
train,LFP_normal_vin_233_vin_233_discharge_4,normal,vin_233,4,0,703
train,LFP_normal_vin_233_vin_233_discharge_5,normal,vin_233,5,0,712
train,LFP_normal_vin_233_vin_233_discharge_6,normal,vin_233,6,0,743
train,LFP_normal_vin_233_vin_233_discharge_7,normal,vin_233,7,0,888
train,LFP_normal_vin_233_vin_233_discharge_8,normal,vin_233,8,0,653
train,LFP_normal_vin_233_vin_233_discharge_9,normal,vin_233,9,0,649
train,LFP_normal_vin_233_vin_233_discharge_10,normal,vin_233,10,0,632
train,LFP_normal_vin_234_vin_234_discharge_1,normal,vin_234,1,0,612
train,LFP_normal_vin_234_vin_234_discharge_2,normal,vin_234,2,0,587
train,LFP_normal_vin_234_vin_234_discharge_3,normal,vin_234,3,0,508
train,LFP_normal_vin_234_vin_234_discharge_4,normal,vin_234,4,0,513
train,LFP_normal_vin_234_vin_234_discharge_5,normal,vin_234,5,0,865
train,LFP_normal_vin_234_vin_234_discharge_6,normal,vin_234,6,0,602
train,LFP_normal_vin_234_vin_234_discharge_7,normal,vin_234,7,0,627
train,LFP_normal_vin_234_vin_234_discharge_8,normal,vin_234,8,0,875
train,LFP_normal_vin_234_vin_234_discharge_9,normal,vin_234,9,0,560
train,LFP_normal_vin_234_vin_234_discharge_10,normal,vin_234,10,0,636
train,LFP_normal_vin_235_vin_235_discharge_1,normal,vin_235,1,0,661
train,LFP_normal_vin_235_vin_235_discharge_2,normal,vin_235,2,0,571
train,LFP_normal_vin_235_vin_235_discharge_3,normal,vin_235,3,0,511
train,LFP_normal_vin_235_vin_235_discharge_4,normal,vin_235,4,0,914
train,LFP_normal_vin_235_vin_235_discharge_5,normal,vin_235,5,0,926
train,LFP_normal_vin_235_vin_235_discharge_6,normal,vin_235,6,0,624
train,LFP_normal_vin_235_vin_235_discharge_7,normal,vin_235,7,0,568
train,LFP_normal_vin_235_vin_235_discharge_8,normal,vin_235,8,0,497
train,LFP_normal_vin_235_vin_235_discharge_9,normal,vin_235,9,0,616
train,LFP_normal_vin_235_vin_235_discharge_10,normal,vin_235,10,0,917
train,LFP_normal_vin_236_vin_236_discharge_1,normal,vin_236,1,0,547
train,LFP_normal_vin_236_vin_236_discharge_2,normal,vin_236,2,0,708
train,LFP_normal_vin_236_vin_236_discharge_3,normal,vin_236,3,0,587
train,LFP_normal_vin_236_vin_236_discharge_4,normal,vin_236,4,0,650
train,LFP_normal_vin_236_vin_236_discharge_5,normal,vin_236,5,0,525
train,LFP_normal_vin_236_vin_236_discharge_6,normal,vin_236,6,0,559
train,LFP_normal_vin_236_vin_236_discharge_7,normal,vin_236,7,0,747
train,LFP_normal_vin_236_vin_236_discharge_8,normal,vin_236,8,0,513
train,LFP_normal_vin_236_vin_236_discharge_9,normal,vin_236,9,0,630
train,LFP_normal_vin_236_vin_236_discharge_10,normal,vin_236,10,0,937
train,LFP_normal_vin_237_vin_237_discharge_1,normal,vin_237,1,0,755
train,LFP_normal_vin_237_vin_237_discharge_2,normal,vin_237,2,0,675
train,LFP_normal_vin_237_vin_237_discharge_3,normal,vin_237,3,0,882
train,LFP_normal_vin_237_vin_237_discharge_4,normal,vin_237,4,0,574
train,LFP_normal_vin_237_vin_237_discharge_5,normal,vin_237,5,0,592
train,LFP_normal_vin_237_vin_237_discharge_6,normal,vin_237,6,0,622
train,LFP_normal_vin_237_vin_237_discharge_7,normal,vin_237,7,0,547
train,LFP_normal_vin_237_vin_237_discharge_8,normal,vin_237,8,0,652
train,LFP_normal_vin_237_vin_237_discharge_9,normal,vin_237,9,0,720
train,LFP_normal_vin_237_vin_237_discharge_10,normal,vin_237,10,0,716
train,LFP_normal_vin_238_vin_238_discharge_1,normal,vin_238,1,0,606
train,LFP_normal_vin_238_vin_238_discharge_2,normal,vin_238,2,0,537
train,LFP_normal_vin_238_vin_238_discharge_3,normal,vin_238,3,0,655
train,LFP_normal_vin_238_vin_238_discharge_4,normal,vin_238,4,0,585
train,LFP_normal_vin_238_vin_238_discharge_5,normal,vin_238,5,0,911
train,LFP_normal_vin_238_vin_238_discharge_6,normal,vin_238,6,0,569
train,LFP_normal_vin_238_vin_238_discharge_7,normal,vin_238,7,0,1010
train,LFP_normal_vin_238_vin_238_discharge_8,normal,vin_238,8,0,714
train,LFP_normal_vin_238_vin_238_discharge_9,normal,vin_238,9,0,600
train,LFP_normal_vin_238_vin_238_discharge_10,normal,vin_238,10,0,548
train,LFP_normal_vin_239_vin_239_discharge_1,normal,vin_239,1,0,623
train,LFP_normal_vin_239_vin_239_discharge_2,normal,vin_239,2,0,628
train,LFP_normal_vin_239_vin_239_discharge_3,normal,vin_239,3,0,862
train,LFP_normal_vin_239_vin_239_discharge_4,normal,vin_239,4,0,759
train,LFP_normal_vin_239_vin_239_discharge_5,normal,vin_239,5,0,528
train,LFP_normal_vin_239_vin_239_discharge_6,normal,vin_239,6,0,601
train,LFP_normal_vin_239_vin_239_discharge_7,normal,vin_239,7,0,555
train,LFP_normal_vin_239_vin_239_discharge_8,normal,vin_239,8,0,545
train,LFP_normal_vin_239_vin_239_discharge_9,normal,vin_239,9,0,747
train,LFP_normal_vin_239_vin_239_discharge_10,normal,vin_239,10,0,851
train,LFP_normal_vin_240_vin_240_discharge_1,normal,vin_240,1,0,657
train,LFP_normal_vin_240_vin_240_discharge_2,normal,vin_240,2,0,555
train,LFP_normal_vin_240_vin_240_discharge_3,normal,vin_240,3,0,654
train,LFP_normal_vin_240_vin_240_discharge_4,normal,vin_240,4,0,560
train,LFP_normal_vin_240_vin_240_discharge_5,normal,vin_240,5,0,520
train,LFP_normal_vin_240_vin_240_discharge_6,normal,vin_240,6,0,605
train,LFP_normal_vin_240_vin_240_discharge_7,normal,vin_240,7,0,738
train,LFP_normal_vin_240_vin_240_discharge_8,normal,vin_240,8,0,686
train,LFP_normal_vin_240_vin_240_discharge_9,normal,vin_240,9,0,583
train,LFP_normal_vin_240_vin_240_discharge_10,normal,vin_240,10,0,601
train,LFP_normal_vin_241_vin_241_discharge_1,normal,vin_241,1,0,923
train,LFP_normal_vin_241_vin_241_discharge_2,normal,vin_241,2,0,561
train,LFP_normal_vin_241_vin_241_discharge_3,normal,vin_241,3,0,812
train,LFP_normal_vin_241_vin_241_discharge_4,normal,vin_241,4,0,587
train,LFP_normal_vin_241_vin_241_discharge_5,normal,vin_241,5,0,570
train,LFP_normal_vin_241_vin_241_discharge_6,normal,vin_241,6,0,631
train,LFP_normal_vin_241_vin_241_discharge_7,normal,vin_241,7,0,667
train,LFP_normal_vin_241_vin_241_discharge_8,normal,vin_241,8,0,621
train,LFP_normal_vin_241_vin_241_discharge_9,normal,vin_241,9,0,543
train,LFP_normal_vin_241_vin_241_discharge_10,normal,vin_241,10,0,561
train,LFP_normal_vin_242_vin_242_discharge_1,normal,vin_242,1,0,873
train,LFP_normal_vin_242_vin_242_discharge_2,normal,vin_242,2,0,618
train,LFP_normal_vin_242_vin_242_discharge_3,normal,vin_242,3,0,985
train,LFP_normal_vin_242_vin_242_discharge_4,normal,vin_242,4,0,510
train,LFP_normal_vin_242_vin_242_discharge_5,normal,vin_242,5,0,551
train,LFP_normal_vin_242_vin_242_discharge_6,normal,vin_242,6,0,629
train,LFP_normal_vin_242_vin_242_discharge_7,normal,vin_242,7,0,879
train,LFP_normal_vin_242_vin_242_discharge_8,normal,vin_242,8,0,583
train,LFP_normal_vin_242_vin_242_discharge_9,normal,vin_242,9,0,539
train,LFP_normal_vin_242_vin_242_discharge_10,normal,vin_242,10,0,773
train,LFP_normal_vin_243_vin_243_discharge_1,normal,vin_243,1,0,730
train,LFP_normal_vin_243_vin_243_discharge_2,normal,vin_243,2,0,650
train,LFP_normal_vin_243_vin_243_discharge_3,normal,vin_243,3,0,775
train,LFP_normal_vin_243_vin_243_discharge_4,normal,vin_243,4,0,588
train,LFP_normal_vin_243_vin_243_discharge_5,normal,vin_243,5,0,617
train,LFP_normal_vin_243_vin_243_discharge_6,normal,vin_243,6,0,529
train,LFP_normal_vin_243_vin_243_discharge_7,normal,vin_243,7,0,535
train,LFP_normal_vin_243_vin_243_discharge_8,normal,vin_243,8,0,709
train,LFP_normal_vin_243_vin_243_discharge_9,normal,vin_243,9,0,545
train,LFP_normal_vin_243_vin_243_discharge_10,normal,vin_243,10,0,600
train,LFP_normal_vin_244_vin_244_discharge_1,normal,vin_244,1,0,781
train,LFP_normal_vin_244_vin_244_discharge_2,normal,vin_244,2,0,838
train,LFP_normal_vin_244_vin_244_discharge_3,normal,vin_244,3,0,808
train,LFP_normal_vin_244_vin_244_discharge_4,normal,vin_244,4,0,654
train,LFP_normal_vin_244_vin_244_discharge_5,normal,vin_244,5,0,741
train,LFP_normal_vin_244_vin_244_discharge_6,normal,vin_244,6,0,499
train,LFP_normal_vin_244_vin_244_discharge_7,normal,vin_244,7,0,530
train,LFP_normal_vin_244_vin_244_discharge_8,normal,vin_244,8,0,592
train,LFP_normal_vin_244_vin_244_discharge_9,normal,vin_244,9,0,545
train,LFP_normal_vin_244_vin_244_discharge_10,normal,vin_244,10,0,707
train,LFP_normal_vin_245_vin_245_discharge_1,normal,vin_245,1,0,726
train,LFP_normal_vin_245_vin_245_discharge_2,normal,vin_245,2,0,506
train,LFP_normal_vin_245_vin_245_discharge_3,normal,vin_245,3,0,697
train,LFP_normal_vin_245_vin_245_discharge_4,normal,vin_245,4,0,639
train,LFP_normal_vin_245_vin_245_discharge_5,normal,vin_245,5,0,719
train,LFP_normal_vin_245_vin_245_discharge_6,normal,vin_245,6,0,570
train,LFP_normal_vin_245_vin_245_discharge_7,normal,vin_245,7,0,767
train,LFP_normal_vin_245_vin_245_discharge_8,normal,vin_245,8,0,614
train,LFP_normal_vin_245_vin_245_discharge_9,normal,vin_245,9,0,619
train,LFP_normal_vin_245_vin_245_discharge_10,normal,vin_245,10,0,638
train,LFP_normal_vin_246_vin_246_discharge_1,normal,vin_246,1,0,743
train,LFP_normal_vin_246_vin_246_discharge_2,normal,vin_246,2,0,653
train,LFP_normal_vin_246_vin_246_discharge_3,normal,vin_246,3,0,589
train,LFP_normal_vin_246_vin_246_discharge_4,normal,vin_246,4,0,650
train,LFP_normal_vin_246_vin_246_discharge_5,normal,vin_246,5,0,588
train,LFP_normal_vin_246_vin_246_discharge_6,normal,vin_246,6,0,684
train,LFP_normal_vin_246_vin_246_discharge_7,normal,vin_246,7,0,611
train,LFP_normal_vin_246_vin_246_discharge_8,normal,vin_246,8,0,573
train,LFP_normal_vin_246_vin_246_discharge_9,normal,vin_246,9,0,822
train,LFP_normal_vin_246_vin_246_discharge_10,normal,vin_246,10,0,547
train,LFP_normal_vin_247_vin_247_discharge_1,normal,vin_247,1,0,501
train,LFP_normal_vin_247_vin_247_discharge_2,normal,vin_247,2,0,901
train,LFP_normal_vin_247_vin_247_discharge_3,normal,vin_247,3,0,560
train,LFP_normal_vin_247_vin_247_discharge_4,normal,vin_247,4,0,530
train,LFP_normal_vin_247_vin_247_discharge_5,normal,vin_247,5,0,645
train,LFP_normal_vin_247_vin_247_discharge_6,normal,vin_247,6,0,665
train,LFP_normal_vin_247_vin_247_discharge_7,normal,vin_247,7,0,533
train,LFP_normal_vin_247_vin_247_discharge_8,normal,vin_247,8,0,517
train,LFP_normal_vin_247_vin_247_discharge_9,normal,vin_247,9,0,603
train,LFP_normal_vin_247_vin_247_discharge_10,normal,vin_247,10,0,622
train,LFP_normal_vin_248_vin_248_discharge_1,normal,vin_248,1,0,553
train,LFP_normal_vin_248_vin_248_discharge_2,normal,vin_248,2,0,537
train,LFP_normal_vin_248_vin_248_discharge_3,normal,vin_248,3,0,659
train,LFP_normal_vin_248_vin_248_discharge_4,normal,vin_248,4,0,768
train,LFP_normal_vin_248_vin_248_discharge_5,normal,vin_248,5,0,543
train,LFP_normal_vin_248_vin_248_discharge_6,normal,vin_248,6,0,555
train,LFP_normal_vin_248_vin_248_discharge_7,normal,vin_248,7,0,644
train,LFP_normal_vin_248_vin_248_discharge_8,normal,vin_248,8,0,585
train,LFP_normal_vin_248_vin_248_discharge_9,normal,vin_248,9,0,701
train,LFP_normal_vin_248_vin_248_discharge_10,normal,vin_248,10,0,654
train,LFP_normal_vin_250_vin_250_discharge_1,normal,vin_250,1,0,650
train,LFP_normal_vin_250_vin_250_discharge_2,normal,vin_250,2,0,707
train,LFP_normal_vin_250_vin_250_discharge_3,normal,vin_250,3,0,509
train,LFP_normal_vin_250_vin_250_discharge_4,normal,vin_250,4,0,659
train,LFP_normal_vin_250_vin_250_discharge_5,normal,vin_250,5,0,610
train,LFP_normal_vin_250_vin_250_discharge_6,normal,vin_250,6,0,822
train,LFP_normal_vin_250_vin_250_discharge_7,normal,vin_250,7,0,675
train,LFP_normal_vin_250_vin_250_discharge_8,normal,vin_250,8,0,735
train,LFP_normal_vin_250_vin_250_discharge_9,normal,vin_250,9,0,551
train,LFP_normal_vin_250_vin_250_discharge_10,normal,vin_250,10,0,619
train,LFP_normal_vin_251_vin_251_discharge_1,normal,vin_251,1,0,622
train,LFP_normal_vin_251_vin_251_discharge_2,normal,vin_251,2,0,720
train,LFP_normal_vin_251_vin_251_discharge_3,normal,vin_251,3,0,773
train,LFP_normal_vin_251_vin_251_discharge_4,normal,vin_251,4,0,568
train,LFP_normal_vin_251_vin_251_discharge_5,normal,vin_251,5,0,682
train,LFP_normal_vin_251_vin_251_discharge_6,normal,vin_251,6,0,776
train,LFP_normal_vin_251_vin_251_discharge_7,normal,vin_251,7,0,540
train,LFP_normal_vin_251_vin_251_discharge_8,normal,vin_251,8,0,625
train,LFP_normal_vin_251_vin_251_discharge_9,normal,vin_251,9,0,842
train,LFP_normal_vin_251_vin_251_discharge_10,normal,vin_251,10,0,611
train,LFP_normal_vin_253_vin_253_discharge_1,normal,vin_253,1,0,617
train,LFP_normal_vin_253_vin_253_discharge_2,normal,vin_253,2,0,514
train,LFP_normal_vin_253_vin_253_discharge_3,normal,vin_253,3,0,508
train,LFP_normal_vin_253_vin_253_discharge_4,normal,vin_253,4,0,629
train,LFP_normal_vin_253_vin_253_discharge_5,normal,vin_253,5,0,577
train,LFP_normal_vin_253_vin_253_discharge_6,normal,vin_253,6,0,525
train,LFP_normal_vin_253_vin_253_discharge_7,normal,vin_253,7,0,612
train,LFP_normal_vin_253_vin_253_discharge_8,normal,vin_253,8,0,558
train,LFP_normal_vin_253_vin_253_discharge_9,normal,vin_253,9,0,538
train,LFP_normal_vin_253_vin_253_discharge_10,normal,vin_253,10,0,679
train,LFP_normal_vin_257_vin_257_discharge_1,normal,vin_257,1,0,542
train,LFP_normal_vin_257_vin_257_discharge_2,normal,vin_257,2,0,688
train,LFP_normal_vin_257_vin_257_discharge_3,normal,vin_257,3,0,633
train,LFP_normal_vin_257_vin_257_discharge_4,normal,vin_257,4,0,807
train,LFP_normal_vin_257_vin_257_discharge_5,normal,vin_257,5,0,680
train,LFP_normal_vin_257_vin_257_discharge_6,normal,vin_257,6,0,549
train,LFP_normal_vin_257_vin_257_discharge_7,normal,vin_257,7,0,610
train,LFP_normal_vin_257_vin_257_discharge_8,normal,vin_257,8,0,948
train,LFP_normal_vin_257_vin_257_discharge_9,normal,vin_257,9,0,532
train,LFP_normal_vin_257_vin_257_discharge_10,normal,vin_257,10,0,540
train,LFP_normal_vin_258_vin_258_discharge_1,normal,vin_258,1,0,701
train,LFP_normal_vin_258_vin_258_discharge_2,normal,vin_258,2,0,616
train,LFP_normal_vin_258_vin_258_discharge_3,normal,vin_258,3,0,569
train,LFP_normal_vin_258_vin_258_discharge_4,normal,vin_258,4,0,629
train,LFP_normal_vin_258_vin_258_discharge_5,normal,vin_258,5,0,548
train,LFP_normal_vin_258_vin_258_discharge_6,normal,vin_258,6,0,593
train,LFP_normal_vin_258_vin_258_discharge_7,normal,vin_258,7,0,666
train,LFP_normal_vin_258_vin_258_discharge_8,normal,vin_258,8,0,765
train,LFP_normal_vin_258_vin_258_discharge_9,normal,vin_258,9,0,634
train,LFP_normal_vin_258_vin_258_discharge_10,normal,vin_258,10,0,559
train,LFP_normal_vin_259_vin_259_discharge_1,normal,vin_259,1,0,670
train,LFP_normal_vin_259_vin_259_discharge_2,normal,vin_259,2,0,1078
train,LFP_normal_vin_259_vin_259_discharge_3,normal,vin_259,3,0,833
train,LFP_normal_vin_259_vin_259_discharge_4,normal,vin_259,4,0,624
train,LFP_normal_vin_259_vin_259_discharge_5,normal,vin_259,5,0,606
train,LFP_normal_vin_259_vin_259_discharge_6,normal,vin_259,6,0,489
train,LFP_normal_vin_259_vin_259_discharge_7,normal,vin_259,7,0,517
train,LFP_normal_vin_259_vin_259_discharge_8,normal,vin_259,8,0,656
train,LFP_normal_vin_259_vin_259_discharge_9,normal,vin_259,9,0,549
train,LFP_normal_vin_259_vin_259_discharge_10,normal,vin_259,10,0,755
train,LFP_normal_vin_260_vin_260_discharge_1,normal,vin_260,1,0,614
train,LFP_normal_vin_260_vin_260_discharge_2,normal,vin_260,2,0,680
train,LFP_normal_vin_260_vin_260_discharge_3,normal,vin_260,3,0,526
train,LFP_normal_vin_260_vin_260_discharge_4,normal,vin_260,4,0,700
train,LFP_normal_vin_260_vin_260_discharge_5,normal,vin_260,5,0,823
train,LFP_normal_vin_260_vin_260_discharge_6,normal,vin_260,6,0,727
train,LFP_normal_vin_260_vin_260_discharge_7,normal,vin_260,7,0,577
train,LFP_normal_vin_260_vin_260_discharge_8,normal,vin_260,8,0,644
train,LFP_normal_vin_260_vin_260_discharge_9,normal,vin_260,9,0,527
train,LFP_normal_vin_260_vin_260_discharge_10,normal,vin_260,10,0,811
train,LFP_normal_vin_262_vin_262_discharge_1,normal,vin_262,1,0,637
train,LFP_normal_vin_262_vin_262_discharge_2,normal,vin_262,2,0,525
train,LFP_normal_vin_262_vin_262_discharge_3,normal,vin_262,3,0,756
train,LFP_normal_vin_262_vin_262_discharge_4,normal,vin_262,4,0,774
train,LFP_normal_vin_262_vin_262_discharge_5,normal,vin_262,5,0,575
train,LFP_normal_vin_262_vin_262_discharge_6,normal,vin_262,6,0,717
train,LFP_normal_vin_262_vin_262_discharge_7,normal,vin_262,7,0,785
train,LFP_normal_vin_262_vin_262_discharge_8,normal,vin_262,8,0,710
train,LFP_normal_vin_262_vin_262_discharge_9,normal,vin_262,9,0,788
train,LFP_normal_vin_262_vin_262_discharge_10,normal,vin_262,10,0,638
train,LFP_normal_vin_263_vin_263_discharge_1,normal,vin_263,1,0,740
train,LFP_normal_vin_263_vin_263_discharge_2,normal,vin_263,2,0,724
train,LFP_normal_vin_263_vin_263_discharge_3,normal,vin_263,3,0,780
train,LFP_normal_vin_263_vin_263_discharge_4,normal,vin_263,4,0,531
train,LFP_normal_vin_263_vin_263_discharge_5,normal,vin_263,5,0,374
train,LFP_normal_vin_263_vin_263_discharge_6,normal,vin_263,6,0,490
train,LFP_normal_vin_263_vin_263_discharge_7,normal,vin_263,7,0,971
train,LFP_normal_vin_263_vin_263_discharge_8,normal,vin_263,8,0,762
train,LFP_normal_vin_263_vin_263_discharge_9,normal,vin_263,9,0,370
train,LFP_normal_vin_263_vin_263_discharge_10,normal,vin_263,10,0,659
train,LFP_normal_vin_264_vin_264_discharge_1,normal,vin_264,1,0,686
train,LFP_normal_vin_264_vin_264_discharge_2,normal,vin_264,2,0,511
train,LFP_normal_vin_264_vin_264_discharge_3,normal,vin_264,3,0,489
train,LFP_normal_vin_264_vin_264_discharge_4,normal,vin_264,4,0,550
train,LFP_normal_vin_264_vin_264_discharge_5,normal,vin_264,5,0,571
train,LFP_normal_vin_264_vin_264_discharge_6,normal,vin_264,6,0,591
train,LFP_normal_vin_264_vin_264_discharge_7,normal,vin_264,7,0,518
train,LFP_normal_vin_264_vin_264_discharge_8,normal,vin_264,8,0,518
train,LFP_normal_vin_264_vin_264_discharge_9,normal,vin_264,9,0,728
train,LFP_normal_vin_264_vin_264_discharge_10,normal,vin_264,10,0,868
train,LFP_normal_vin_265_vin_265_discharge_1,normal,vin_265,1,0,702
train,LFP_normal_vin_265_vin_265_discharge_2,normal,vin_265,2,0,584
train,LFP_normal_vin_265_vin_265_discharge_3,normal,vin_265,3,0,751
train,LFP_normal_vin_265_vin_265_discharge_4,normal,vin_265,4,0,150
train,LFP_normal_vin_265_vin_265_discharge_5,normal,vin_265,5,0,511
train,LFP_normal_vin_265_vin_265_discharge_6,normal,vin_265,6,0,768
train,LFP_normal_vin_265_vin_265_discharge_7,normal,vin_265,7,0,867
train,LFP_normal_vin_265_vin_265_discharge_8,normal,vin_265,8,0,754
train,LFP_normal_vin_265_vin_265_discharge_9,normal,vin_265,9,0,488
train,LFP_normal_vin_265_vin_265_discharge_10,normal,vin_265,10,0,547
train,LFP_normal_vin_266_vin_266_discharge_1,normal,vin_266,1,0,523
train,LFP_normal_vin_266_vin_266_discharge_2,normal,vin_266,2,0,633
train,LFP_normal_vin_266_vin_266_discharge_3,normal,vin_266,3,0,586
train,LFP_normal_vin_266_vin_266_discharge_4,normal,vin_266,4,0,576
train,LFP_normal_vin_266_vin_266_discharge_5,normal,vin_266,5,0,979
train,LFP_normal_vin_266_vin_266_discharge_6,normal,vin_266,6,0,764
train,LFP_normal_vin_266_vin_266_discharge_7,normal,vin_266,7,0,676
train,LFP_normal_vin_266_vin_266_discharge_8,normal,vin_266,8,0,670
train,LFP_normal_vin_266_vin_266_discharge_9,normal,vin_266,9,0,782
train,LFP_normal_vin_266_vin_266_discharge_10,normal,vin_266,10,0,793
train,LFP_normal_vin_267_vin_267_discharge_1,normal,vin_267,1,0,565
train,LFP_normal_vin_267_vin_267_discharge_2,normal,vin_267,2,0,788
train,LFP_normal_vin_267_vin_267_discharge_3,normal,vin_267,3,0,560
train,LFP_normal_vin_267_vin_267_discharge_4,normal,vin_267,4,0,570
train,LFP_normal_vin_267_vin_267_discharge_5,normal,vin_267,5,0,504
train,LFP_normal_vin_267_vin_267_discharge_6,normal,vin_267,6,0,604
train,LFP_normal_vin_267_vin_267_discharge_7,normal,vin_267,7,0,487
train,LFP_normal_vin_267_vin_267_discharge_8,normal,vin_267,8,0,607
train,LFP_normal_vin_267_vin_267_discharge_9,normal,vin_267,9,0,615
train,LFP_normal_vin_267_vin_267_discharge_10,normal,vin_267,10,0,496
train,LFP_normal_vin_268_vin_268_discharge_1,normal,vin_268,1,0,582
train,LFP_normal_vin_268_vin_268_discharge_2,normal,vin_268,2,0,519
train,LFP_normal_vin_268_vin_268_discharge_3,normal,vin_268,3,0,550
train,LFP_normal_vin_268_vin_268_discharge_4,normal,vin_268,4,0,554
train,LFP_normal_vin_268_vin_268_discharge_5,normal,vin_268,5,0,484
train,LFP_normal_vin_268_vin_268_discharge_6,normal,vin_268,6,0,524
train,LFP_normal_vin_268_vin_268_discharge_7,normal,vin_268,7,0,632
train,LFP_normal_vin_268_vin_268_discharge_8,normal,vin_268,8,0,534
train,LFP_normal_vin_268_vin_268_discharge_9,normal,vin_268,9,0,789
train,LFP_normal_vin_268_vin_268_discharge_10,normal,vin_268,10,0,650
train,LFP_normal_vin_269_vin_269_discharge_1,normal,vin_269,1,0,511
train,LFP_normal_vin_269_vin_269_discharge_2,normal,vin_269,2,0,573
train,LFP_normal_vin_269_vin_269_discharge_3,normal,vin_269,3,0,711
train,LFP_normal_vin_269_vin_269_discharge_4,normal,vin_269,4,0,546
train,LFP_normal_vin_269_vin_269_discharge_5,normal,vin_269,5,0,708
train,LFP_normal_vin_269_vin_269_discharge_6,normal,vin_269,6,0,883
train,LFP_normal_vin_269_vin_269_discharge_7,normal,vin_269,7,0,542
train,LFP_normal_vin_269_vin_269_discharge_8,normal,vin_269,8,0,635
train,LFP_normal_vin_269_vin_269_discharge_9,normal,vin_269,9,0,597
train,LFP_normal_vin_269_vin_269_discharge_10,normal,vin_269,10,0,761
train,LFP_normal_vin_270_vin_270_discharge_1,normal,vin_270,1,0,730
train,LFP_normal_vin_270_vin_270_discharge_2,normal,vin_270,2,0,316
train,LFP_normal_vin_270_vin_270_discharge_3,normal,vin_270,3,0,634
train,LFP_normal_vin_270_vin_270_discharge_4,normal,vin_270,4,0,499
train,LFP_normal_vin_270_vin_270_discharge_5,normal,vin_270,5,0,683
train,LFP_normal_vin_270_vin_270_discharge_6,normal,vin_270,6,0,691
train,LFP_normal_vin_270_vin_270_discharge_7,normal,vin_270,7,0,520
train,LFP_normal_vin_270_vin_270_discharge_8,normal,vin_270,8,0,897
train,LFP_normal_vin_270_vin_270_discharge_9,normal,vin_270,9,0,573
train,LFP_normal_vin_270_vin_270_discharge_10,normal,vin_270,10,0,616
train,LFP_normal_vin_271_vin_271_discharge_1,normal,vin_271,1,0,625
train,LFP_normal_vin_271_vin_271_discharge_2,normal,vin_271,2,0,546
train,LFP_normal_vin_271_vin_271_discharge_3,normal,vin_271,3,0,583
train,LFP_normal_vin_271_vin_271_discharge_4,normal,vin_271,4,0,627
train,LFP_normal_vin_271_vin_271_discharge_5,normal,vin_271,5,0,520
train,LFP_normal_vin_271_vin_271_discharge_6,normal,vin_271,6,0,780
train,LFP_normal_vin_271_vin_271_discharge_7,normal,vin_271,7,0,603
train,LFP_normal_vin_271_vin_271_discharge_8,normal,vin_271,8,0,777
train,LFP_normal_vin_271_vin_271_discharge_9,normal,vin_271,9,0,576
train,LFP_normal_vin_271_vin_271_discharge_10,normal,vin_271,10,0,542
train,LFP_normal_vin_273_vin_273_discharge_1,normal,vin_273,1,0,774
train,LFP_normal_vin_273_vin_273_discharge_2,normal,vin_273,2,0,585
train,LFP_normal_vin_273_vin_273_discharge_3,normal,vin_273,3,0,686
train,LFP_normal_vin_273_vin_273_discharge_4,normal,vin_273,4,0,517
train,LFP_normal_vin_273_vin_273_discharge_5,normal,vin_273,5,0,495
train,LFP_normal_vin_273_vin_273_discharge_6,normal,vin_273,6,0,660
train,LFP_normal_vin_273_vin_273_discharge_7,normal,vin_273,7,0,508
train,LFP_normal_vin_273_vin_273_discharge_8,normal,vin_273,8,0,551
train,LFP_normal_vin_273_vin_273_discharge_9,normal,vin_273,9,0,607
train,LFP_normal_vin_273_vin_273_discharge_10,normal,vin_273,10,0,711
train,LFP_normal_vin_274_vin_274_discharge_1,normal,vin_274,1,0,901
train,LFP_normal_vin_274_vin_274_discharge_2,normal,vin_274,2,0,583
train,LFP_normal_vin_274_vin_274_discharge_3,normal,vin_274,3,0,564
train,LFP_normal_vin_274_vin_274_discharge_4,normal,vin_274,4,0,508
train,LFP_normal_vin_274_vin_274_discharge_5,normal,vin_274,5,0,668
train,LFP_normal_vin_274_vin_274_discharge_6,normal,vin_274,6,0,712
train,LFP_normal_vin_274_vin_274_discharge_7,normal,vin_274,7,0,624
train,LFP_normal_vin_274_vin_274_discharge_8,normal,vin_274,8,0,857
train,LFP_normal_vin_274_vin_274_discharge_9,normal,vin_274,9,0,505
train,LFP_normal_vin_274_vin_274_discharge_10,normal,vin_274,10,0,673
train,LFP_normal_vin_275_vin_275_discharge_1,normal,vin_275,1,0,549
train,LFP_normal_vin_275_vin_275_discharge_2,normal,vin_275,2,0,743
train,LFP_normal_vin_275_vin_275_discharge_3,normal,vin_275,3,0,964
train,LFP_normal_vin_275_vin_275_discharge_4,normal,vin_275,4,0,528
train,LFP_normal_vin_275_vin_275_discharge_5,normal,vin_275,5,0,607
train,LFP_normal_vin_275_vin_275_discharge_6,normal,vin_275,6,0,542
train,LFP_normal_vin_275_vin_275_discharge_7,normal,vin_275,7,0,688
train,LFP_normal_vin_275_vin_275_discharge_8,normal,vin_275,8,0,642
train,LFP_normal_vin_275_vin_275_discharge_9,normal,vin_275,9,0,651
train,LFP_normal_vin_275_vin_275_discharge_10,normal,vin_275,10,0,742
train,LFP_normal_vin_276_vin_276_discharge_1,normal,vin_276,1,0,631
train,LFP_normal_vin_276_vin_276_discharge_2,normal,vin_276,2,0,591
train,LFP_normal_vin_276_vin_276_discharge_3,normal,vin_276,3,0,518
train,LFP_normal_vin_276_vin_276_discharge_4,normal,vin_276,4,0,812
train,LFP_normal_vin_276_vin_276_discharge_5,normal,vin_276,5,0,625
train,LFP_normal_vin_276_vin_276_discharge_6,normal,vin_276,6,0,527
train,LFP_normal_vin_276_vin_276_discharge_7,normal,vin_276,7,0,589
train,LFP_normal_vin_276_vin_276_discharge_8,normal,vin_276,8,0,1009
train,LFP_normal_vin_276_vin_276_discharge_9,normal,vin_276,9,0,584
train,LFP_normal_vin_276_vin_276_discharge_10,normal,vin_276,10,0,746
train,LFP_normal_vin_278_vin_278_discharge_1,normal,vin_278,1,0,699
train,LFP_normal_vin_278_vin_278_discharge_2,normal,vin_278,2,0,684
train,LFP_normal_vin_278_vin_278_discharge_3,normal,vin_278,3,0,512
train,LFP_normal_vin_278_vin_278_discharge_4,normal,vin_278,4,0,587
train,LFP_normal_vin_278_vin_278_discharge_5,normal,vin_278,5,0,510
train,LFP_normal_vin_278_vin_278_discharge_6,normal,vin_278,6,0,711
train,LFP_normal_vin_278_vin_278_discharge_7,normal,vin_278,7,0,504
train,LFP_normal_vin_278_vin_278_discharge_8,normal,vin_278,8,0,585
train,LFP_normal_vin_278_vin_278_discharge_9,normal,vin_278,9,0,508
train,LFP_normal_vin_278_vin_278_discharge_10,normal,vin_278,10,0,722
train,LFP_normal_vin_279_vin_279_discharge_1,normal,vin_279,1,0,589
train,LFP_normal_vin_279_vin_279_discharge_2,normal,vin_279,2,0,890
train,LFP_normal_vin_279_vin_279_discharge_3,normal,vin_279,3,0,601
train,LFP_normal_vin_279_vin_279_discharge_4,normal,vin_279,4,0,982
train,LFP_normal_vin_279_vin_279_discharge_5,normal,vin_279,5,0,732
train,LFP_normal_vin_279_vin_279_discharge_6,normal,vin_279,6,0,606
train,LFP_normal_vin_279_vin_279_discharge_7,normal,vin_279,7,0,653
train,LFP_normal_vin_279_vin_279_discharge_8,normal,vin_279,8,0,526
train,LFP_normal_vin_279_vin_279_discharge_9,normal,vin_279,9,0,682
train,LFP_normal_vin_279_vin_279_discharge_10,normal,vin_279,10,0,596
train,LFP_normal_vin_280_vin_280_discharge_1,normal,vin_280,1,0,805
train,LFP_normal_vin_280_vin_280_discharge_2,normal,vin_280,2,0,641
train,LFP_normal_vin_280_vin_280_discharge_3,normal,vin_280,3,0,824
train,LFP_normal_vin_280_vin_280_discharge_4,normal,vin_280,4,0,717
train,LFP_normal_vin_280_vin_280_discharge_5,normal,vin_280,5,0,591
train,LFP_normal_vin_280_vin_280_discharge_6,normal,vin_280,6,0,567
train,LFP_normal_vin_280_vin_280_discharge_7,normal,vin_280,7,0,590
train,LFP_normal_vin_280_vin_280_discharge_8,normal,vin_280,8,0,538
train,LFP_normal_vin_280_vin_280_discharge_9,normal,vin_280,9,0,623
train,LFP_normal_vin_280_vin_280_discharge_10,normal,vin_280,10,0,636
train,LFP_normal_vin_281_vin_281_discharge_1,normal,vin_281,1,0,908
train,LFP_normal_vin_281_vin_281_discharge_2,normal,vin_281,2,0,640
train,LFP_normal_vin_281_vin_281_discharge_3,normal,vin_281,3,0,600
train,LFP_normal_vin_281_vin_281_discharge_4,normal,vin_281,4,0,531
train,LFP_normal_vin_281_vin_281_discharge_5,normal,vin_281,5,0,671
train,LFP_normal_vin_281_vin_281_discharge_6,normal,vin_281,6,0,543
train,LFP_normal_vin_281_vin_281_discharge_7,normal,vin_281,7,0,512
train,LFP_normal_vin_281_vin_281_discharge_8,normal,vin_281,8,0,613
train,LFP_normal_vin_281_vin_281_discharge_9,normal,vin_281,9,0,828
train,LFP_normal_vin_281_vin_281_discharge_10,normal,vin_281,10,0,644
train,LFP_normal_vin_282_vin_282_discharge_1,normal,vin_282,1,0,734
train,LFP_normal_vin_282_vin_282_discharge_2,normal,vin_282,2,0,720
train,LFP_normal_vin_282_vin_282_discharge_3,normal,vin_282,3,0,593
train,LFP_normal_vin_282_vin_282_discharge_4,normal,vin_282,4,0,586
train,LFP_normal_vin_282_vin_282_discharge_5,normal,vin_282,5,0,689
train,LFP_normal_vin_282_vin_282_discharge_6,normal,vin_282,6,0,528
train,LFP_normal_vin_282_vin_282_discharge_7,normal,vin_282,7,0,740
train,LFP_normal_vin_282_vin_282_discharge_8,normal,vin_282,8,0,643
train,LFP_normal_vin_282_vin_282_discharge_9,normal,vin_282,9,0,541
train,LFP_normal_vin_282_vin_282_discharge_10,normal,vin_282,10,0,520
train,LFP_normal_vin_283_vin_283_discharge_1,normal,vin_283,1,0,752
train,LFP_normal_vin_283_vin_283_discharge_2,normal,vin_283,2,0,945
train,LFP_normal_vin_283_vin_283_discharge_3,normal,vin_283,3,0,547
train,LFP_normal_vin_283_vin_283_discharge_4,normal,vin_283,4,0,696
train,LFP_normal_vin_283_vin_283_discharge_5,normal,vin_283,5,0,610
train,LFP_normal_vin_283_vin_283_discharge_6,normal,vin_283,6,0,567
train,LFP_normal_vin_283_vin_283_discharge_7,normal,vin_283,7,0,621
train,LFP_normal_vin_283_vin_283_discharge_8,normal,vin_283,8,0,601
train,LFP_normal_vin_283_vin_283_discharge_9,normal,vin_283,9,0,672
train,LFP_normal_vin_283_vin_283_discharge_10,normal,vin_283,10,0,525
train,LFP_normal_vin_284_vin_284_discharge_1,normal,vin_284,1,0,490
train,LFP_normal_vin_284_vin_284_discharge_2,normal,vin_284,2,0,576
train,LFP_normal_vin_284_vin_284_discharge_3,normal,vin_284,3,0,684
train,LFP_normal_vin_284_vin_284_discharge_4,normal,vin_284,4,0,712
train,LFP_normal_vin_284_vin_284_discharge_5,normal,vin_284,5,0,745
train,LFP_normal_vin_284_vin_284_discharge_6,normal,vin_284,6,0,694
train,LFP_normal_vin_284_vin_284_discharge_7,normal,vin_284,7,0,586
train,LFP_normal_vin_284_vin_284_discharge_8,normal,vin_284,8,0,621
train,LFP_normal_vin_284_vin_284_discharge_9,normal,vin_284,9,0,524
train,LFP_normal_vin_284_vin_284_discharge_10,normal,vin_284,10,0,656
train,LFP_normal_vin_286_vin_286_discharge_1,normal,vin_286,1,0,548
train,LFP_normal_vin_286_vin_286_discharge_2,normal,vin_286,2,0,559
train,LFP_normal_vin_286_vin_286_discharge_3,normal,vin_286,3,0,570
train,LFP_normal_vin_286_vin_286_discharge_4,normal,vin_286,4,0,592
train,LFP_normal_vin_286_vin_286_discharge_5,normal,vin_286,5,0,585
train,LFP_normal_vin_286_vin_286_discharge_6,normal,vin_286,6,0,671
train,LFP_normal_vin_286_vin_286_discharge_7,normal,vin_286,7,0,607
train,LFP_normal_vin_286_vin_286_discharge_8,normal,vin_286,8,0,488
train,LFP_normal_vin_286_vin_286_discharge_9,normal,vin_286,9,0,680
train,LFP_normal_vin_286_vin_286_discharge_10,normal,vin_286,10,0,500
train,LFP_normal_vin_287_vin_287_discharge_1,normal,vin_287,1,0,544
train,LFP_normal_vin_287_vin_287_discharge_2,normal,vin_287,2,0,685
train,LFP_normal_vin_287_vin_287_discharge_3,normal,vin_287,3,0,587
train,LFP_normal_vin_287_vin_287_discharge_4,normal,vin_287,4,0,716
train,LFP_normal_vin_287_vin_287_discharge_5,normal,vin_287,5,0,528
train,LFP_normal_vin_287_vin_287_discharge_6,normal,vin_287,6,0,691
train,LFP_normal_vin_287_vin_287_discharge_7,normal,vin_287,7,0,582
train,LFP_normal_vin_287_vin_287_discharge_8,normal,vin_287,8,0,552
train,LFP_normal_vin_287_vin_287_discharge_9,normal,vin_287,9,0,552
train,LFP_normal_vin_287_vin_287_discharge_10,normal,vin_287,10,0,605
train,LFP_normal_vin_290_vin_290_discharge_1,normal,vin_290,1,0,655
train,LFP_normal_vin_290_vin_290_discharge_2,normal,vin_290,2,0,566
train,LFP_normal_vin_290_vin_290_discharge_3,normal,vin_290,3,0,599
train,LFP_normal_vin_290_vin_290_discharge_4,normal,vin_290,4,0,888
train,LFP_normal_vin_290_vin_290_discharge_5,normal,vin_290,5,0,557
train,LFP_normal_vin_290_vin_290_discharge_6,normal,vin_290,6,0,509
train,LFP_normal_vin_290_vin_290_discharge_7,normal,vin_290,7,0,605
train,LFP_normal_vin_290_vin_290_discharge_8,normal,vin_290,8,0,518
train,LFP_normal_vin_290_vin_290_discharge_9,normal,vin_290,9,0,966
train,LFP_normal_vin_290_vin_290_discharge_10,normal,vin_290,10,0,600
train,LFP_normal_vin_291_vin_291_discharge_1,normal,vin_291,1,0,502
train,LFP_normal_vin_291_vin_291_discharge_2,normal,vin_291,2,0,579
train,LFP_normal_vin_291_vin_291_discharge_3,normal,vin_291,3,0,666
train,LFP_normal_vin_291_vin_291_discharge_4,normal,vin_291,4,0,623
train,LFP_normal_vin_291_vin_291_discharge_5,normal,vin_291,5,0,482
train,LFP_normal_vin_291_vin_291_discharge_6,normal,vin_291,6,0,551
train,LFP_normal_vin_291_vin_291_discharge_7,normal,vin_291,7,0,621
train,LFP_normal_vin_291_vin_291_discharge_8,normal,vin_291,8,0,502
train,LFP_normal_vin_291_vin_291_discharge_9,normal,vin_291,9,0,668
train,LFP_normal_vin_291_vin_291_discharge_10,normal,vin_291,10,0,876
train,LFP_normal_vin_292_vin_292_discharge_1,normal,vin_292,1,0,880
train,LFP_normal_vin_292_vin_292_discharge_2,normal,vin_292,2,0,553
train,LFP_normal_vin_292_vin_292_discharge_3,normal,vin_292,3,0,563
train,LFP_normal_vin_292_vin_292_discharge_4,normal,vin_292,4,0,664
train,LFP_normal_vin_292_vin_292_discharge_5,normal,vin_292,5,0,743
train,LFP_normal_vin_292_vin_292_discharge_6,normal,vin_292,6,0,593
train,LFP_normal_vin_292_vin_292_discharge_7,normal,vin_292,7,0,746
train,LFP_normal_vin_292_vin_292_discharge_8,normal,vin_292,8,0,645
train,LFP_normal_vin_292_vin_292_discharge_9,normal,vin_292,9,0,595
train,LFP_normal_vin_292_vin_292_discharge_10,normal,vin_292,10,0,885
train,LFP_normal_vin_293_vin_293_discharge_1,normal,vin_293,1,0,542
train,LFP_normal_vin_293_vin_293_discharge_2,normal,vin_293,2,0,718
train,LFP_normal_vin_293_vin_293_discharge_3,normal,vin_293,3,0,503
train,LFP_normal_vin_293_vin_293_discharge_4,normal,vin_293,4,0,653
train,LFP_normal_vin_293_vin_293_discharge_5,normal,vin_293,5,0,620
train,LFP_normal_vin_293_vin_293_discharge_6,normal,vin_293,6,0,867
train,LFP_normal_vin_293_vin_293_discharge_7,normal,vin_293,7,0,511
train,LFP_normal_vin_293_vin_293_discharge_8,normal,vin_293,8,0,593
train,LFP_normal_vin_293_vin_293_discharge_9,normal,vin_293,9,0,731
train,LFP_normal_vin_293_vin_293_discharge_10,normal,vin_293,10,0,686
train,LFP_normal_vin_294_vin_294_discharge_1,normal,vin_294,1,0,583
train,LFP_normal_vin_294_vin_294_discharge_2,normal,vin_294,2,0,737
train,LFP_normal_vin_294_vin_294_discharge_3,normal,vin_294,3,0,506
train,LFP_normal_vin_294_vin_294_discharge_4,normal,vin_294,4,0,865
train,LFP_normal_vin_294_vin_294_discharge_5,normal,vin_294,5,0,686
train,LFP_normal_vin_294_vin_294_discharge_6,normal,vin_294,6,0,602
train,LFP_normal_vin_294_vin_294_discharge_7,normal,vin_294,7,0,566
train,LFP_normal_vin_294_vin_294_discharge_8,normal,vin_294,8,0,508
train,LFP_normal_vin_294_vin_294_discharge_9,normal,vin_294,9,0,657
train,LFP_normal_vin_294_vin_294_discharge_10,normal,vin_294,10,0,780
train,LFP_normal_vin_295_vin_295_discharge_1,normal,vin_295,1,0,685
train,LFP_normal_vin_295_vin_295_discharge_2,normal,vin_295,2,0,662
train,LFP_normal_vin_295_vin_295_discharge_3,normal,vin_295,3,0,700
train,LFP_normal_vin_295_vin_295_discharge_4,normal,vin_295,4,0,580
train,LFP_normal_vin_295_vin_295_discharge_5,normal,vin_295,5,0,768
train,LFP_normal_vin_295_vin_295_discharge_6,normal,vin_295,6,0,582
train,LFP_normal_vin_295_vin_295_discharge_7,normal,vin_295,7,0,988
train,LFP_normal_vin_295_vin_295_discharge_8,normal,vin_295,8,0,551
train,LFP_normal_vin_295_vin_295_discharge_9,normal,vin_295,9,0,641
train,LFP_normal_vin_295_vin_295_discharge_10,normal,vin_295,10,0,745
train,LFP_normal_vin_296_vin_296_discharge_1,normal,vin_296,1,0,662
train,LFP_normal_vin_296_vin_296_discharge_2,normal,vin_296,2,0,742
train,LFP_normal_vin_296_vin_296_discharge_3,normal,vin_296,3,0,629
train,LFP_normal_vin_296_vin_296_discharge_4,normal,vin_296,4,0,717
train,LFP_normal_vin_296_vin_296_discharge_5,normal,vin_296,5,0,487
train,LFP_normal_vin_296_vin_296_discharge_6,normal,vin_296,6,0,768
train,LFP_normal_vin_296_vin_296_discharge_7,normal,vin_296,7,0,553
train,LFP_normal_vin_296_vin_296_discharge_8,normal,vin_296,8,0,665
train,LFP_normal_vin_296_vin_296_discharge_9,normal,vin_296,9,0,532
train,LFP_normal_vin_296_vin_296_discharge_10,normal,vin_296,10,0,1045
train,LFP_normal_vin_297_vin_297_discharge_1,normal,vin_297,1,0,894
train,LFP_normal_vin_297_vin_297_discharge_2,normal,vin_297,2,0,620
train,LFP_normal_vin_297_vin_297_discharge_3,normal,vin_297,3,0,732
train,LFP_normal_vin_297_vin_297_discharge_4,normal,vin_297,4,0,558
train,LFP_normal_vin_297_vin_297_discharge_5,normal,vin_297,5,0,576
train,LFP_normal_vin_297_vin_297_discharge_6,normal,vin_297,6,0,686
train,LFP_normal_vin_297_vin_297_discharge_7,normal,vin_297,7,0,617
train,LFP_normal_vin_297_vin_297_discharge_8,normal,vin_297,8,0,684
train,LFP_normal_vin_297_vin_297_discharge_9,normal,vin_297,9,0,483
train,LFP_normal_vin_297_vin_297_discharge_10,normal,vin_297,10,0,516
train,LFP_normal_vin_298_vin_298_discharge_1,normal,vin_298,1,0,405
train,LFP_normal_vin_298_vin_298_discharge_2,normal,vin_298,2,0,620
train,LFP_normal_vin_298_vin_298_discharge_3,normal,vin_298,3,0,578
train,LFP_normal_vin_298_vin_298_discharge_4,normal,vin_298,4,0,633
train,LFP_normal_vin_298_vin_298_discharge_5,normal,vin_298,5,0,548
train,LFP_normal_vin_298_vin_298_discharge_6,normal,vin_298,6,0,658
train,LFP_normal_vin_298_vin_298_discharge_7,normal,vin_298,7,0,625
train,LFP_normal_vin_298_vin_298_discharge_8,normal,vin_298,8,0,777
train,LFP_normal_vin_298_vin_298_discharge_9,normal,vin_298,9,0,623
train,LFP_normal_vin_298_vin_298_discharge_10,normal,vin_298,10,0,490
train,LFP_normal_vin_299_vin_299_discharge_1,normal,vin_299,1,0,520
train,LFP_normal_vin_299_vin_299_discharge_2,normal,vin_299,2,0,817
train,LFP_normal_vin_299_vin_299_discharge_3,normal,vin_299,3,0,587
train,LFP_normal_vin_299_vin_299_discharge_4,normal,vin_299,4,0,764
train,LFP_normal_vin_299_vin_299_discharge_5,normal,vin_299,5,0,698
train,LFP_normal_vin_299_vin_299_discharge_6,normal,vin_299,6,0,634
train,LFP_normal_vin_299_vin_299_discharge_7,normal,vin_299,7,0,619
train,LFP_normal_vin_299_vin_299_discharge_8,normal,vin_299,8,0,652
train,LFP_normal_vin_299_vin_299_discharge_9,normal,vin_299,9,0,654
train,LFP_normal_vin_299_vin_299_discharge_10,normal,vin_299,10,0,583
train,LFP_normal_vin_301_vin_301_discharge_1,normal,vin_301,1,0,641
train,LFP_normal_vin_301_vin_301_discharge_2,normal,vin_301,2,0,643
train,LFP_normal_vin_301_vin_301_discharge_3,normal,vin_301,3,0,737
train,LFP_normal_vin_301_vin_301_discharge_4,normal,vin_301,4,0,611
train,LFP_normal_vin_301_vin_301_discharge_5,normal,vin_301,5,0,566
train,LFP_normal_vin_301_vin_301_discharge_6,normal,vin_301,6,0,687
train,LFP_normal_vin_301_vin_301_discharge_7,normal,vin_301,7,0,633
train,LFP_normal_vin_301_vin_301_discharge_8,normal,vin_301,8,0,690
train,LFP_normal_vin_301_vin_301_discharge_9,normal,vin_301,9,0,828
train,LFP_normal_vin_301_vin_301_discharge_10,normal,vin_301,10,0,848
train,LFP_normal_vin_302_vin_302_discharge_1,normal,vin_302,1,0,704
train,LFP_normal_vin_302_vin_302_discharge_2,normal,vin_302,2,0,628
train,LFP_normal_vin_302_vin_302_discharge_3,normal,vin_302,3,0,803
train,LFP_normal_vin_302_vin_302_discharge_4,normal,vin_302,4,0,540
train,LFP_normal_vin_302_vin_302_discharge_5,normal,vin_302,5,0,569
train,LFP_normal_vin_302_vin_302_discharge_6,normal,vin_302,6,0,618
train,LFP_normal_vin_302_vin_302_discharge_7,normal,vin_302,7,0,694
train,LFP_normal_vin_302_vin_302_discharge_8,normal,vin_302,8,0,670
train,LFP_normal_vin_302_vin_302_discharge_9,normal,vin_302,9,0,802
train,LFP_normal_vin_302_vin_302_discharge_10,normal,vin_302,10,0,659
train,LFP_normal_vin_304_vin_304_discharge_1,normal,vin_304,1,0,615
train,LFP_normal_vin_304_vin_304_discharge_2,normal,vin_304,2,0,510
train,LFP_normal_vin_304_vin_304_discharge_3,normal,vin_304,3,0,670
train,LFP_normal_vin_304_vin_304_discharge_4,normal,vin_304,4,0,868
train,LFP_normal_vin_304_vin_304_discharge_5,normal,vin_304,5,0,575
train,LFP_normal_vin_304_vin_304_discharge_6,normal,vin_304,6,0,493
train,LFP_normal_vin_304_vin_304_discharge_7,normal,vin_304,7,0,906
train,LFP_normal_vin_304_vin_304_discharge_8,normal,vin_304,8,0,720
train,LFP_normal_vin_304_vin_304_discharge_9,normal,vin_304,9,0,678
train,LFP_normal_vin_304_vin_304_discharge_10,normal,vin_304,10,0,521
train,LFP_normal_vin_305_vin_305_discharge_1,normal,vin_305,1,0,749
train,LFP_normal_vin_305_vin_305_discharge_2,normal,vin_305,2,0,624
train,LFP_normal_vin_305_vin_305_discharge_3,normal,vin_305,3,0,524
train,LFP_normal_vin_305_vin_305_discharge_4,normal,vin_305,4,0,880
train,LFP_normal_vin_305_vin_305_discharge_5,normal,vin_305,5,0,677
train,LFP_normal_vin_305_vin_305_discharge_6,normal,vin_305,6,0,527
train,LFP_normal_vin_305_vin_305_discharge_7,normal,vin_305,7,0,651
train,LFP_normal_vin_305_vin_305_discharge_8,normal,vin_305,8,0,524
train,LFP_normal_vin_305_vin_305_discharge_9,normal,vin_305,9,0,609
train,LFP_normal_vin_305_vin_305_discharge_10,normal,vin_305,10,0,556
train,LFP_normal_vin_306_vin_306_discharge_1,normal,vin_306,1,0,539
train,LFP_normal_vin_306_vin_306_discharge_2,normal,vin_306,2,0,507
train,LFP_normal_vin_306_vin_306_discharge_3,normal,vin_306,3,0,595
train,LFP_normal_vin_306_vin_306_discharge_4,normal,vin_306,4,0,680
train,LFP_normal_vin_306_vin_306_discharge_5,normal,vin_306,5,0,692
train,LFP_normal_vin_306_vin_306_discharge_6,normal,vin_306,6,0,515
train,LFP_normal_vin_306_vin_306_discharge_7,normal,vin_306,7,0,589
train,LFP_normal_vin_306_vin_306_discharge_8,normal,vin_306,8,0,524
train,LFP_normal_vin_306_vin_306_discharge_9,normal,vin_306,9,0,772
train,LFP_normal_vin_306_vin_306_discharge_10,normal,vin_306,10,0,789
train,LFP_normal_vin_307_vin_307_discharge_1,normal,vin_307,1,0,578
train,LFP_normal_vin_307_vin_307_discharge_2,normal,vin_307,2,0,506
train,LFP_normal_vin_307_vin_307_discharge_3,normal,vin_307,3,0,522
train,LFP_normal_vin_307_vin_307_discharge_4,normal,vin_307,4,0,538
train,LFP_normal_vin_307_vin_307_discharge_5,normal,vin_307,5,0,622
train,LFP_normal_vin_307_vin_307_discharge_6,normal,vin_307,6,0,598
train,LFP_normal_vin_307_vin_307_discharge_7,normal,vin_307,7,0,633
train,LFP_normal_vin_307_vin_307_discharge_8,normal,vin_307,8,0,683
train,LFP_normal_vin_307_vin_307_discharge_9,normal,vin_307,9,0,551
train,LFP_normal_vin_307_vin_307_discharge_10,normal,vin_307,10,0,652
train,LFP_normal_vin_309_vin_309_discharge_1,normal,vin_309,1,0,511
train,LFP_normal_vin_309_vin_309_discharge_2,normal,vin_309,2,0,870
train,LFP_normal_vin_309_vin_309_discharge_3,normal,vin_309,3,0,806
train,LFP_normal_vin_309_vin_309_discharge_4,normal,vin_309,4,0,733
train,LFP_normal_vin_309_vin_309_discharge_5,normal,vin_309,5,0,484
train,LFP_normal_vin_309_vin_309_discharge_6,normal,vin_309,6,0,816
train,LFP_normal_vin_309_vin_309_discharge_7,normal,vin_309,7,0,580
train,LFP_normal_vin_309_vin_309_discharge_8,normal,vin_309,8,0,655
train,LFP_normal_vin_309_vin_309_discharge_9,normal,vin_309,9,0,912
train,LFP_normal_vin_309_vin_309_discharge_10,normal,vin_309,10,0,594
train,LFP_normal_vin_310_vin_310_discharge_1,normal,vin_310,1,0,688
train,LFP_normal_vin_310_vin_310_discharge_2,normal,vin_310,2,0,561
train,LFP_normal_vin_310_vin_310_discharge_3,normal,vin_310,3,0,598
train,LFP_normal_vin_310_vin_310_discharge_4,normal,vin_310,4,0,583
train,LFP_normal_vin_310_vin_310_discharge_5,normal,vin_310,5,0,557
train,LFP_normal_vin_310_vin_310_discharge_6,normal,vin_310,6,0,638
train,LFP_normal_vin_310_vin_310_discharge_7,normal,vin_310,7,0,522
train,LFP_normal_vin_310_vin_310_discharge_8,normal,vin_310,8,0,638
train,LFP_normal_vin_310_vin_310_discharge_9,normal,vin_310,9,0,538
train,LFP_normal_vin_310_vin_310_discharge_10,normal,vin_310,10,0,727
train,LFP_normal_vin_312_vin_312_discharge_1,normal,vin_312,1,0,518
train,LFP_normal_vin_312_vin_312_discharge_2,normal,vin_312,2,0,612
train,LFP_normal_vin_312_vin_312_discharge_3,normal,vin_312,3,0,561
train,LFP_normal_vin_312_vin_312_discharge_4,normal,vin_312,4,0,602
train,LFP_normal_vin_312_vin_312_discharge_5,normal,vin_312,5,0,707
train,LFP_normal_vin_312_vin_312_discharge_6,normal,vin_312,6,0,505
train,LFP_normal_vin_312_vin_312_discharge_7,normal,vin_312,7,0,739
train,LFP_normal_vin_312_vin_312_discharge_8,normal,vin_312,8,0,771
train,LFP_normal_vin_312_vin_312_discharge_9,normal,vin_312,9,0,702
train,LFP_normal_vin_312_vin_312_discharge_10,normal,vin_312,10,0,580
train,LFP_normal_vin_314_vin_314_discharge_1,normal,vin_314,1,0,600
train,LFP_normal_vin_314_vin_314_discharge_2,normal,vin_314,2,0,520
train,LFP_normal_vin_314_vin_314_discharge_3,normal,vin_314,3,0,531
train,LFP_normal_vin_314_vin_314_discharge_4,normal,vin_314,4,0,568
train,LFP_normal_vin_314_vin_314_discharge_5,normal,vin_314,5,0,514
train,LFP_normal_vin_314_vin_314_discharge_6,normal,vin_314,6,0,579
train,LFP_normal_vin_314_vin_314_discharge_7,normal,vin_314,7,0,915
train,LFP_normal_vin_314_vin_314_discharge_8,normal,vin_314,8,0,538
train,LFP_normal_vin_314_vin_314_discharge_9,normal,vin_314,9,0,880
train,LFP_normal_vin_314_vin_314_discharge_10,normal,vin_314,10,0,506
train,LFP_normal_vin_317_vin_317_discharge_1,normal,vin_317,1,0,620
train,LFP_normal_vin_317_vin_317_discharge_2,normal,vin_317,2,0,612
train,LFP_normal_vin_317_vin_317_discharge_3,normal,vin_317,3,0,827
train,LFP_normal_vin_317_vin_317_discharge_4,normal,vin_317,4,0,637
train,LFP_normal_vin_317_vin_317_discharge_5,normal,vin_317,5,0,929
train,LFP_normal_vin_317_vin_317_discharge_6,normal,vin_317,6,0,615
train,LFP_normal_vin_317_vin_317_discharge_7,normal,vin_317,7,0,509
train,LFP_normal_vin_317_vin_317_discharge_8,normal,vin_317,8,0,880
train,LFP_normal_vin_317_vin_317_discharge_9,normal,vin_317,9,0,597
train,LFP_normal_vin_317_vin_317_discharge_10,normal,vin_317,10,0,582
train,LFP_normal_vin_318_vin_318_discharge_1,normal,vin_318,1,0,502
train,LFP_normal_vin_318_vin_318_discharge_2,normal,vin_318,2,0,623
train,LFP_normal_vin_318_vin_318_discharge_3,normal,vin_318,3,0,699
train,LFP_normal_vin_318_vin_318_discharge_4,normal,vin_318,4,0,578
train,LFP_normal_vin_318_vin_318_discharge_5,normal,vin_318,5,0,858
train,LFP_normal_vin_318_vin_318_discharge_6,normal,vin_318,6,0,561
train,LFP_normal_vin_318_vin_318_discharge_7,normal,vin_318,7,0,858
train,LFP_normal_vin_318_vin_318_discharge_8,normal,vin_318,8,0,536
train,LFP_normal_vin_318_vin_318_discharge_9,normal,vin_318,9,0,561
train,LFP_normal_vin_318_vin_318_discharge_10,normal,vin_318,10,0,527
train,LFP_normal_vin_319_vin_319_discharge_1,normal,vin_319,1,0,596
train,LFP_normal_vin_319_vin_319_discharge_2,normal,vin_319,2,0,752
train,LFP_normal_vin_319_vin_319_discharge_3,normal,vin_319,3,0,764
train,LFP_normal_vin_319_vin_319_discharge_4,normal,vin_319,4,0,557
train,LFP_normal_vin_319_vin_319_discharge_5,normal,vin_319,5,0,614
train,LFP_normal_vin_319_vin_319_discharge_6,normal,vin_319,6,0,646
train,LFP_normal_vin_319_vin_319_discharge_7,normal,vin_319,7,0,572
train,LFP_normal_vin_319_vin_319_discharge_8,normal,vin_319,8,0,489
train,LFP_normal_vin_319_vin_319_discharge_9,normal,vin_319,9,0,569
train,LFP_normal_vin_319_vin_319_discharge_10,normal,vin_319,10,0,617
train,LFP_normal_vin_320_vin_320_discharge_1,normal,vin_320,1,0,711
train,LFP_normal_vin_320_vin_320_discharge_2,normal,vin_320,2,0,537
train,LFP_normal_vin_320_vin_320_discharge_3,normal,vin_320,3,0,560
train,LFP_normal_vin_320_vin_320_discharge_4,normal,vin_320,4,0,612
train,LFP_normal_vin_320_vin_320_discharge_5,normal,vin_320,5,0,547
train,LFP_normal_vin_320_vin_320_discharge_6,normal,vin_320,6,0,656
train,LFP_normal_vin_320_vin_320_discharge_7,normal,vin_320,7,0,559
train,LFP_normal_vin_320_vin_320_discharge_8,normal,vin_320,8,0,959
train,LFP_normal_vin_320_vin_320_discharge_9,normal,vin_320,9,0,638
train,LFP_normal_vin_320_vin_320_discharge_10,normal,vin_320,10,0,623
train,LFP_normal_vin_321_vin_321_discharge_1,normal,vin_321,1,0,568
train,LFP_normal_vin_321_vin_321_discharge_2,normal,vin_321,2,0,560
train,LFP_normal_vin_321_vin_321_discharge_3,normal,vin_321,3,0,890
train,LFP_normal_vin_321_vin_321_discharge_4,normal,vin_321,4,0,714
train,LFP_normal_vin_321_vin_321_discharge_5,normal,vin_321,5,0,668
train,LFP_normal_vin_321_vin_321_discharge_6,normal,vin_321,6,0,623
train,LFP_normal_vin_321_vin_321_discharge_7,normal,vin_321,7,0,643
train,LFP_normal_vin_321_vin_321_discharge_8,normal,vin_321,8,0,873
train,LFP_normal_vin_321_vin_321_discharge_9,normal,vin_321,9,0,781
train,LFP_normal_vin_321_vin_321_discharge_10,normal,vin_321,10,0,797
train,LFP_normal_vin_322_vin_322_discharge_1,normal,vin_322,1,0,592
train,LFP_normal_vin_322_vin_322_discharge_2,normal,vin_322,2,0,683
train,LFP_normal_vin_322_vin_322_discharge_3,normal,vin_322,3,0,945
train,LFP_normal_vin_322_vin_322_discharge_4,normal,vin_322,4,0,690
train,LFP_normal_vin_322_vin_322_discharge_5,normal,vin_322,5,0,611
train,LFP_normal_vin_322_vin_322_discharge_6,normal,vin_322,6,0,591
train,LFP_normal_vin_322_vin_322_discharge_7,normal,vin_322,7,0,881
train,LFP_normal_vin_322_vin_322_discharge_8,normal,vin_322,8,0,695
train,LFP_normal_vin_322_vin_322_discharge_9,normal,vin_322,9,0,938
train,LFP_normal_vin_322_vin_322_discharge_10,normal,vin_322,10,0,569
train,LFP_normal_vin_323_vin_323_discharge_1,normal,vin_323,1,0,815
train,LFP_normal_vin_323_vin_323_discharge_2,normal,vin_323,2,0,668
train,LFP_normal_vin_323_vin_323_discharge_3,normal,vin_323,3,0,662
train,LFP_normal_vin_323_vin_323_discharge_4,normal,vin_323,4,0,502
train,LFP_normal_vin_323_vin_323_discharge_5,normal,vin_323,5,0,665
train,LFP_normal_vin_323_vin_323_discharge_6,normal,vin_323,6,0,649
train,LFP_normal_vin_323_vin_323_discharge_7,normal,vin_323,7,0,567
train,LFP_normal_vin_323_vin_323_discharge_8,normal,vin_323,8,0,570
train,LFP_normal_vin_323_vin_323_discharge_9,normal,vin_323,9,0,565
train,LFP_normal_vin_323_vin_323_discharge_10,normal,vin_323,10,0,523
train,LFP_normal_vin_324_vin_324_discharge_1,normal,vin_324,1,0,568
train,LFP_normal_vin_324_vin_324_discharge_2,normal,vin_324,2,0,766
train,LFP_normal_vin_324_vin_324_discharge_3,normal,vin_324,3,0,544
train,LFP_normal_vin_324_vin_324_discharge_4,normal,vin_324,4,0,650
train,LFP_normal_vin_324_vin_324_discharge_5,normal,vin_324,5,0,993
train,LFP_normal_vin_324_vin_324_discharge_6,normal,vin_324,6,0,552
train,LFP_normal_vin_324_vin_324_discharge_7,normal,vin_324,7,0,770
train,LFP_normal_vin_324_vin_324_discharge_8,normal,vin_324,8,0,557
train,LFP_normal_vin_324_vin_324_discharge_9,normal,vin_324,9,0,727
train,LFP_normal_vin_324_vin_324_discharge_10,normal,vin_324,10,0,603
train,LFP_normal_vin_325_vin_325_discharge_1,normal,vin_325,1,0,542
train,LFP_normal_vin_325_vin_325_discharge_2,normal,vin_325,2,0,574
train,LFP_normal_vin_325_vin_325_discharge_3,normal,vin_325,3,0,640
train,LFP_normal_vin_325_vin_325_discharge_4,normal,vin_325,4,0,558
train,LFP_normal_vin_325_vin_325_discharge_5,normal,vin_325,5,0,632
train,LFP_normal_vin_325_vin_325_discharge_6,normal,vin_325,6,0,608
train,LFP_normal_vin_325_vin_325_discharge_7,normal,vin_325,7,0,621
train,LFP_normal_vin_325_vin_325_discharge_8,normal,vin_325,8,0,910
train,LFP_normal_vin_325_vin_325_discharge_9,normal,vin_325,9,0,589
train,LFP_normal_vin_325_vin_325_discharge_10,normal,vin_325,10,0,664
train,LFP_normal_vin_326_vin_326_discharge_1,normal,vin_326,1,0,312
train,LFP_normal_vin_326_vin_326_discharge_2,normal,vin_326,2,0,657
train,LFP_normal_vin_326_vin_326_discharge_3,normal,vin_326,3,0,595
train,LFP_normal_vin_326_vin_326_discharge_4,normal,vin_326,4,0,607
train,LFP_normal_vin_326_vin_326_discharge_5,normal,vin_326,5,0,602
train,LFP_normal_vin_326_vin_326_discharge_6,normal,vin_326,6,0,605
train,LFP_normal_vin_326_vin_326_discharge_7,normal,vin_326,7,0,501
train,LFP_normal_vin_326_vin_326_discharge_8,normal,vin_326,8,0,499
train,LFP_normal_vin_326_vin_326_discharge_9,normal,vin_326,9,0,643
train,LFP_normal_vin_326_vin_326_discharge_10,normal,vin_326,10,0,641
train,LFP_normal_vin_327_vin_327_discharge_1,normal,vin_327,1,0,514
train,LFP_normal_vin_327_vin_327_discharge_2,normal,vin_327,2,0,548
train,LFP_normal_vin_327_vin_327_discharge_3,normal,vin_327,3,0,495
train,LFP_normal_vin_327_vin_327_discharge_4,normal,vin_327,4,0,770
train,LFP_normal_vin_327_vin_327_discharge_5,normal,vin_327,5,0,635
train,LFP_normal_vin_327_vin_327_discharge_6,normal,vin_327,6,0,569
train,LFP_normal_vin_327_vin_327_discharge_7,normal,vin_327,7,0,501
train,LFP_normal_vin_327_vin_327_discharge_8,normal,vin_327,8,0,650
train,LFP_normal_vin_327_vin_327_discharge_9,normal,vin_327,9,0,574
train,LFP_normal_vin_327_vin_327_discharge_10,normal,vin_327,10,0,567
train,LFP_normal_vin_328_vin_328_discharge_1,normal,vin_328,1,0,659
train,LFP_normal_vin_328_vin_328_discharge_2,normal,vin_328,2,0,506
train,LFP_normal_vin_328_vin_328_discharge_3,normal,vin_328,3,0,584
train,LFP_normal_vin_328_vin_328_discharge_4,normal,vin_328,4,0,512
train,LFP_normal_vin_328_vin_328_discharge_5,normal,vin_328,5,0,526
train,LFP_normal_vin_328_vin_328_discharge_6,normal,vin_328,6,0,549
train,LFP_normal_vin_328_vin_328_discharge_7,normal,vin_328,7,0,729
train,LFP_normal_vin_328_vin_328_discharge_8,normal,vin_328,8,0,873
train,LFP_normal_vin_328_vin_328_discharge_9,normal,vin_328,9,0,662
train,LFP_normal_vin_328_vin_328_discharge_10,normal,vin_328,10,0,604
train,LFP_normal_vin_329_vin_329_discharge_1,normal,vin_329,1,0,551
train,LFP_normal_vin_329_vin_329_discharge_2,normal,vin_329,2,0,527
train,LFP_normal_vin_329_vin_329_discharge_3,normal,vin_329,3,0,683
train,LFP_normal_vin_329_vin_329_discharge_4,normal,vin_329,4,0,549
train,LFP_normal_vin_329_vin_329_discharge_5,normal,vin_329,5,0,574
train,LFP_normal_vin_329_vin_329_discharge_6,normal,vin_329,6,0,983
train,LFP_normal_vin_329_vin_329_discharge_7,normal,vin_329,7,0,753
train,LFP_normal_vin_329_vin_329_discharge_8,normal,vin_329,8,0,739
train,LFP_normal_vin_329_vin_329_discharge_9,normal,vin_329,9,0,615
train,LFP_normal_vin_329_vin_329_discharge_10,normal,vin_329,10,0,643
train,LFP_normal_vin_330_vin_330_discharge_1,normal,vin_330,1,0,641
train,LFP_normal_vin_330_vin_330_discharge_2,normal,vin_330,2,0,920
train,LFP_normal_vin_330_vin_330_discharge_3,normal,vin_330,3,0,599
train,LFP_normal_vin_330_vin_330_discharge_4,normal,vin_330,4,0,933
train,LFP_normal_vin_330_vin_330_discharge_5,normal,vin_330,5,0,675
train,LFP_normal_vin_330_vin_330_discharge_6,normal,vin_330,6,0,668
train,LFP_normal_vin_330_vin_330_discharge_7,normal,vin_330,7,0,521
train,LFP_normal_vin_330_vin_330_discharge_8,normal,vin_330,8,0,507
train,LFP_normal_vin_330_vin_330_discharge_9,normal,vin_330,9,0,842
train,LFP_normal_vin_330_vin_330_discharge_10,normal,vin_330,10,0,547
train,LFP_normal_vin_331_vin_331_discharge_1,normal,vin_331,1,0,794
train,LFP_normal_vin_331_vin_331_discharge_2,normal,vin_331,2,0,657
train,LFP_normal_vin_331_vin_331_discharge_3,normal,vin_331,3,0,579
train,LFP_normal_vin_331_vin_331_discharge_4,normal,vin_331,4,0,545
train,LFP_normal_vin_331_vin_331_discharge_5,normal,vin_331,5,0,723
train,LFP_normal_vin_331_vin_331_discharge_6,normal,vin_331,6,0,518
train,LFP_normal_vin_331_vin_331_discharge_7,normal,vin_331,7,0,634
train,LFP_normal_vin_331_vin_331_discharge_8,normal,vin_331,8,0,585
train,LFP_normal_vin_331_vin_331_discharge_9,normal,vin_331,9,0,507
train,LFP_normal_vin_331_vin_331_discharge_10,normal,vin_331,10,0,597
train,LFP_normal_vin_332_vin_332_discharge_1,normal,vin_332,1,0,907
train,LFP_normal_vin_332_vin_332_discharge_2,normal,vin_332,2,0,651
train,LFP_normal_vin_332_vin_332_discharge_3,normal,vin_332,3,0,716
train,LFP_normal_vin_332_vin_332_discharge_4,normal,vin_332,4,0,662
train,LFP_normal_vin_332_vin_332_discharge_5,normal,vin_332,5,0,673
train,LFP_normal_vin_332_vin_332_discharge_6,normal,vin_332,6,0,648
train,LFP_normal_vin_332_vin_332_discharge_7,normal,vin_332,7,0,834
train,LFP_normal_vin_332_vin_332_discharge_8,normal,vin_332,8,0,664
train,LFP_normal_vin_332_vin_332_discharge_9,normal,vin_332,9,0,608
train,LFP_normal_vin_332_vin_332_discharge_10,normal,vin_332,10,0,675
train,LFP_normal_vin_333_vin_333_discharge_1,normal,vin_333,1,0,618
train,LFP_normal_vin_333_vin_333_discharge_2,normal,vin_333,2,0,927
train,LFP_normal_vin_333_vin_333_discharge_3,normal,vin_333,3,0,865
train,LFP_normal_vin_333_vin_333_discharge_4,normal,vin_333,4,0,644
train,LFP_normal_vin_333_vin_333_discharge_5,normal,vin_333,5,0,784
train,LFP_normal_vin_333_vin_333_discharge_6,normal,vin_333,6,0,588
train,LFP_normal_vin_333_vin_333_discharge_7,normal,vin_333,7,0,674
train,LFP_normal_vin_333_vin_333_discharge_8,normal,vin_333,8,0,747
train,LFP_normal_vin_333_vin_333_discharge_9,normal,vin_333,9,0,569
train,LFP_normal_vin_333_vin_333_discharge_10,normal,vin_333,10,0,611
train,LFP_normal_vin_335_vin_335_discharge_1,normal,vin_335,1,0,894
train,LFP_normal_vin_335_vin_335_discharge_2,normal,vin_335,2,0,715
train,LFP_normal_vin_335_vin_335_discharge_3,normal,vin_335,3,0,605
train,LFP_normal_vin_335_vin_335_discharge_4,normal,vin_335,4,0,776
train,LFP_normal_vin_335_vin_335_discharge_5,normal,vin_335,5,0,687
train,LFP_normal_vin_335_vin_335_discharge_6,normal,vin_335,6,0,603
train,LFP_normal_vin_335_vin_335_discharge_7,normal,vin_335,7,0,702
train,LFP_normal_vin_335_vin_335_discharge_8,normal,vin_335,8,0,581
train,LFP_normal_vin_335_vin_335_discharge_9,normal,vin_335,9,0,621
train,LFP_normal_vin_335_vin_335_discharge_10,normal,vin_335,10,0,604
train,LFP_normal_vin_336_vin_336_discharge_1,normal,vin_336,1,0,523
train,LFP_normal_vin_336_vin_336_discharge_2,normal,vin_336,2,0,512
train,LFP_normal_vin_336_vin_336_discharge_3,normal,vin_336,3,0,570
train,LFP_normal_vin_336_vin_336_discharge_4,normal,vin_336,4,0,594
train,LFP_normal_vin_336_vin_336_discharge_5,normal,vin_336,5,0,562
train,LFP_normal_vin_336_vin_336_discharge_6,normal,vin_336,6,0,514
train,LFP_normal_vin_336_vin_336_discharge_7,normal,vin_336,7,0,541
train,LFP_normal_vin_336_vin_336_discharge_8,normal,vin_336,8,0,602
train,LFP_normal_vin_336_vin_336_discharge_9,normal,vin_336,9,0,528
train,LFP_normal_vin_336_vin_336_discharge_10,normal,vin_336,10,0,575
train,LFP_normal_vin_337_vin_337_discharge_1,normal,vin_337,1,0,609
train,LFP_normal_vin_337_vin_337_discharge_2,normal,vin_337,2,0,529
train,LFP_normal_vin_337_vin_337_discharge_3,normal,vin_337,3,0,548
train,LFP_normal_vin_337_vin_337_discharge_4,normal,vin_337,4,0,641
train,LFP_normal_vin_337_vin_337_discharge_5,normal,vin_337,5,0,569
train,LFP_normal_vin_337_vin_337_discharge_6,normal,vin_337,6,0,651
train,LFP_normal_vin_337_vin_337_discharge_7,normal,vin_337,7,0,715
train,LFP_normal_vin_337_vin_337_discharge_8,normal,vin_337,8,0,709
train,LFP_normal_vin_337_vin_337_discharge_9,normal,vin_337,9,0,508
train,LFP_normal_vin_337_vin_337_discharge_10,normal,vin_337,10,0,535
train,LFP_normal_vin_338_vin_338_discharge_1,normal,vin_338,1,0,500
train,LFP_normal_vin_338_vin_338_discharge_2,normal,vin_338,2,0,489
train,LFP_normal_vin_338_vin_338_discharge_3,normal,vin_338,3,0,500
train,LFP_normal_vin_338_vin_338_discharge_4,normal,vin_338,4,0,586
train,LFP_normal_vin_338_vin_338_discharge_5,normal,vin_338,5,0,564
train,LFP_normal_vin_338_vin_338_discharge_6,normal,vin_338,6,0,521
train,LFP_normal_vin_338_vin_338_discharge_7,normal,vin_338,7,0,521
train,LFP_normal_vin_338_vin_338_discharge_8,normal,vin_338,8,0,657
train,LFP_normal_vin_338_vin_338_discharge_9,normal,vin_338,9,0,607
train,LFP_normal_vin_338_vin_338_discharge_10,normal,vin_338,10,0,601
train,LFP_normal_vin_339_vin_339_discharge_1,normal,vin_339,1,0,538
train,LFP_normal_vin_339_vin_339_discharge_2,normal,vin_339,2,0,580
train,LFP_normal_vin_339_vin_339_discharge_3,normal,vin_339,3,0,562
train,LFP_normal_vin_339_vin_339_discharge_4,normal,vin_339,4,0,913
train,LFP_normal_vin_339_vin_339_discharge_5,normal,vin_339,5,0,595
train,LFP_normal_vin_339_vin_339_discharge_6,normal,vin_339,6,0,675
train,LFP_normal_vin_339_vin_339_discharge_7,normal,vin_339,7,0,749
train,LFP_normal_vin_339_vin_339_discharge_8,normal,vin_339,8,0,570
train,LFP_normal_vin_339_vin_339_discharge_9,normal,vin_339,9,0,690
train,LFP_normal_vin_339_vin_339_discharge_10,normal,vin_339,10,0,1113
train,LFP_normal_vin_341_vin_341_discharge_1,normal,vin_341,1,0,697
train,LFP_normal_vin_341_vin_341_discharge_2,normal,vin_341,2,0,650
train,LFP_normal_vin_341_vin_341_discharge_3,normal,vin_341,3,0,524
train,LFP_normal_vin_341_vin_341_discharge_4,normal,vin_341,4,0,695
train,LFP_normal_vin_341_vin_341_discharge_5,normal,vin_341,5,0,610
train,LFP_normal_vin_341_vin_341_discharge_6,normal,vin_341,6,0,686
train,LFP_normal_vin_341_vin_341_discharge_7,normal,vin_341,7,0,663
train,LFP_normal_vin_341_vin_341_discharge_8,normal,vin_341,8,0,624
train,LFP_normal_vin_341_vin_341_discharge_9,normal,vin_341,9,0,687
train,LFP_normal_vin_341_vin_341_discharge_10,normal,vin_341,10,0,505
train,LFP_normal_vin_342_vin_342_discharge_1,normal,vin_342,1,0,604
train,LFP_normal_vin_342_vin_342_discharge_2,normal,vin_342,2,0,1224
train,LFP_normal_vin_342_vin_342_discharge_3,normal,vin_342,3,0,640
train,LFP_normal_vin_342_vin_342_discharge_4,normal,vin_342,4,0,600
train,LFP_normal_vin_342_vin_342_discharge_5,normal,vin_342,5,0,635
train,LFP_normal_vin_342_vin_342_discharge_6,normal,vin_342,6,0,539
train,LFP_normal_vin_342_vin_342_discharge_7,normal,vin_342,7,0,736
train,LFP_normal_vin_342_vin_342_discharge_8,normal,vin_342,8,0,635
train,LFP_normal_vin_342_vin_342_discharge_9,normal,vin_342,9,0,815
train,LFP_normal_vin_342_vin_342_discharge_10,normal,vin_342,10,0,974
train,LFP_normal_vin_345_vin_345_discharge_1,normal,vin_345,1,0,695
train,LFP_normal_vin_345_vin_345_discharge_2,normal,vin_345,2,0,1052
train,LFP_normal_vin_345_vin_345_discharge_3,normal,vin_345,3,0,898
train,LFP_normal_vin_345_vin_345_discharge_4,normal,vin_345,4,0,545
train,LFP_normal_vin_345_vin_345_discharge_5,normal,vin_345,5,0,512
train,LFP_normal_vin_345_vin_345_discharge_6,normal,vin_345,6,0,606
train,LFP_normal_vin_345_vin_345_discharge_7,normal,vin_345,7,0,767
train,LFP_normal_vin_345_vin_345_discharge_8,normal,vin_345,8,0,805
train,LFP_normal_vin_345_vin_345_discharge_9,normal,vin_345,9,0,657
train,LFP_normal_vin_345_vin_345_discharge_10,normal,vin_345,10,0,602
train,LFP_normal_vin_348_vin_348_discharge_1,normal,vin_348,1,0,612
train,LFP_normal_vin_348_vin_348_discharge_2,normal,vin_348,2,0,527
train,LFP_normal_vin_348_vin_348_discharge_3,normal,vin_348,3,0,520
train,LFP_normal_vin_348_vin_348_discharge_4,normal,vin_348,4,0,588
train,LFP_normal_vin_348_vin_348_discharge_5,normal,vin_348,5,0,758
train,LFP_normal_vin_348_vin_348_discharge_6,normal,vin_348,6,0,766
train,LFP_normal_vin_348_vin_348_discharge_7,normal,vin_348,7,0,558
train,LFP_normal_vin_348_vin_348_discharge_8,normal,vin_348,8,0,573
train,LFP_normal_vin_348_vin_348_discharge_9,normal,vin_348,9,0,784
train,LFP_normal_vin_348_vin_348_discharge_10,normal,vin_348,10,0,973
train,LFP_normal_vin_349_vin_349_discharge_1,normal,vin_349,1,0,632
train,LFP_normal_vin_349_vin_349_discharge_2,normal,vin_349,2,0,513
train,LFP_normal_vin_349_vin_349_discharge_3,normal,vin_349,3,0,638
train,LFP_normal_vin_349_vin_349_discharge_4,normal,vin_349,4,0,509
train,LFP_normal_vin_349_vin_349_discharge_5,normal,vin_349,5,0,618
train,LFP_normal_vin_349_vin_349_discharge_6,normal,vin_349,6,0,617
train,LFP_normal_vin_349_vin_349_discharge_7,normal,vin_349,7,0,579
train,LFP_normal_vin_349_vin_349_discharge_8,normal,vin_349,8,0,660
train,LFP_normal_vin_349_vin_349_discharge_9,normal,vin_349,9,0,571
train,LFP_normal_vin_349_vin_349_discharge_10,normal,vin_349,10,0,665
train,LFP_normal_vin_350_vin_350_discharge_1,normal,vin_350,1,0,575
train,LFP_normal_vin_350_vin_350_discharge_2,normal,vin_350,2,0,704
train,LFP_normal_vin_350_vin_350_discharge_3,normal,vin_350,3,0,626
train,LFP_normal_vin_350_vin_350_discharge_4,normal,vin_350,4,0,648
train,LFP_normal_vin_350_vin_350_discharge_5,normal,vin_350,5,0,570
train,LFP_normal_vin_350_vin_350_discharge_6,normal,vin_350,6,0,590
train,LFP_normal_vin_350_vin_350_discharge_7,normal,vin_350,7,0,631
train,LFP_normal_vin_350_vin_350_discharge_8,normal,vin_350,8,0,566
train,LFP_normal_vin_350_vin_350_discharge_9,normal,vin_350,9,0,652
train,LFP_normal_vin_350_vin_350_discharge_10,normal,vin_350,10,0,635
train,LFP_normal_vin_351_vin_351_discharge_1,normal,vin_351,1,0,499
train,LFP_normal_vin_351_vin_351_discharge_2,normal,vin_351,2,0,560
train,LFP_normal_vin_351_vin_351_discharge_3,normal,vin_351,3,0,538
train,LFP_normal_vin_351_vin_351_discharge_4,normal,vin_351,4,0,577
train,LFP_normal_vin_351_vin_351_discharge_5,normal,vin_351,5,0,518
train,LFP_normal_vin_351_vin_351_discharge_6,normal,vin_351,6,0,882
train,LFP_normal_vin_351_vin_351_discharge_7,normal,vin_351,7,0,626
train,LFP_normal_vin_351_vin_351_discharge_8,normal,vin_351,8,0,651
train,LFP_normal_vin_351_vin_351_discharge_9,normal,vin_351,9,0,570
train,LFP_normal_vin_351_vin_351_discharge_10,normal,vin_351,10,0,688
train,LFP_normal_vin_352_vin_352_discharge_1,normal,vin_352,1,0,703
train,LFP_normal_vin_352_vin_352_discharge_2,normal,vin_352,2,0,626
train,LFP_normal_vin_352_vin_352_discharge_3,normal,vin_352,3,0,652
train,LFP_normal_vin_352_vin_352_discharge_4,normal,vin_352,4,0,721
train,LFP_normal_vin_352_vin_352_discharge_5,normal,vin_352,5,0,727
train,LFP_normal_vin_352_vin_352_discharge_6,normal,vin_352,6,0,610
train,LFP_normal_vin_352_vin_352_discharge_7,normal,vin_352,7,0,631
train,LFP_normal_vin_352_vin_352_discharge_8,normal,vin_352,8,0,743
train,LFP_normal_vin_352_vin_352_discharge_9,normal,vin_352,9,0,678
train,LFP_normal_vin_352_vin_352_discharge_10,normal,vin_352,10,0,527
train,LFP_normal_vin_355_vin_355_discharge_1,normal,vin_355,1,0,873
train,LFP_normal_vin_355_vin_355_discharge_2,normal,vin_355,2,0,606
train,LFP_normal_vin_355_vin_355_discharge_3,normal,vin_355,3,0,611
train,LFP_normal_vin_355_vin_355_discharge_4,normal,vin_355,4,0,735
train,LFP_normal_vin_355_vin_355_discharge_5,normal,vin_355,5,0,505
train,LFP_normal_vin_355_vin_355_discharge_6,normal,vin_355,6,0,730
train,LFP_normal_vin_355_vin_355_discharge_7,normal,vin_355,7,0,567
train,LFP_normal_vin_355_vin_355_discharge_8,normal,vin_355,8,0,852
train,LFP_normal_vin_355_vin_355_discharge_9,normal,vin_355,9,0,633
train,LFP_normal_vin_355_vin_355_discharge_10,normal,vin_355,10,0,917
train,LFP_normal_vin_356_vin_356_discharge_1,normal,vin_356,1,0,582
train,LFP_normal_vin_356_vin_356_discharge_2,normal,vin_356,2,0,560
train,LFP_normal_vin_356_vin_356_discharge_3,normal,vin_356,3,0,890
train,LFP_normal_vin_356_vin_356_discharge_4,normal,vin_356,4,0,559
train,LFP_normal_vin_356_vin_356_discharge_5,normal,vin_356,5,0,720
train,LFP_normal_vin_356_vin_356_discharge_6,normal,vin_356,6,0,580
train,LFP_normal_vin_356_vin_356_discharge_7,normal,vin_356,7,0,704
train,LFP_normal_vin_356_vin_356_discharge_8,normal,vin_356,8,0,884
train,LFP_normal_vin_356_vin_356_discharge_9,normal,vin_356,9,0,793
train,LFP_normal_vin_356_vin_356_discharge_10,normal,vin_356,10,0,585
train,LFP_normal_vin_357_vin_357_discharge_1,normal,vin_357,1,0,587
train,LFP_normal_vin_357_vin_357_discharge_2,normal,vin_357,2,0,684
train,LFP_normal_vin_357_vin_357_discharge_3,normal,vin_357,3,0,663
train,LFP_normal_vin_357_vin_357_discharge_4,normal,vin_357,4,0,598
train,LFP_normal_vin_357_vin_357_discharge_5,normal,vin_357,5,0,584
train,LFP_normal_vin_357_vin_357_discharge_6,normal,vin_357,6,0,564
train,LFP_normal_vin_357_vin_357_discharge_7,normal,vin_357,7,0,717
train,LFP_normal_vin_357_vin_357_discharge_8,normal,vin_357,8,0,943
train,LFP_normal_vin_357_vin_357_discharge_9,normal,vin_357,9,0,558
train,LFP_normal_vin_357_vin_357_discharge_10,normal,vin_357,10,0,583
train,LFP_normal_vin_359_vin_359_discharge_1,normal,vin_359,1,0,765
train,LFP_normal_vin_359_vin_359_discharge_2,normal,vin_359,2,0,586
train,LFP_normal_vin_359_vin_359_discharge_3,normal,vin_359,3,0,639
train,LFP_normal_vin_359_vin_359_discharge_4,normal,vin_359,4,0,674
train,LFP_normal_vin_359_vin_359_discharge_5,normal,vin_359,5,0,608
train,LFP_normal_vin_359_vin_359_discharge_6,normal,vin_359,6,0,878
train,LFP_normal_vin_359_vin_359_discharge_7,normal,vin_359,7,0,503
train,LFP_normal_vin_359_vin_359_discharge_8,normal,vin_359,8,0,622
train,LFP_normal_vin_359_vin_359_discharge_9,normal,vin_359,9,0,525
train,LFP_normal_vin_359_vin_359_discharge_10,normal,vin_359,10,0,857
train,LFP_normal_vin_360_vin_360_discharge_1,normal,vin_360,1,0,559
train,LFP_normal_vin_360_vin_360_discharge_2,normal,vin_360,2,0,547
train,LFP_normal_vin_360_vin_360_discharge_3,normal,vin_360,3,0,537
train,LFP_normal_vin_360_vin_360_discharge_4,normal,vin_360,4,0,700
train,LFP_normal_vin_360_vin_360_discharge_5,normal,vin_360,5,0,550
train,LFP_normal_vin_360_vin_360_discharge_6,normal,vin_360,6,0,523
train,LFP_normal_vin_360_vin_360_discharge_7,normal,vin_360,7,0,569
train,LFP_normal_vin_360_vin_360_discharge_8,normal,vin_360,8,0,677
train,LFP_normal_vin_360_vin_360_discharge_9,normal,vin_360,9,0,514
train,LFP_normal_vin_360_vin_360_discharge_10,normal,vin_360,10,0,687
train,LFP_normal_vin_361_vin_361_discharge_1,normal,vin_361,1,0,631
train,LFP_normal_vin_361_vin_361_discharge_2,normal,vin_361,2,0,701
train,LFP_normal_vin_361_vin_361_discharge_3,normal,vin_361,3,0,646
train,LFP_normal_vin_361_vin_361_discharge_4,normal,vin_361,4,0,662
train,LFP_normal_vin_361_vin_361_discharge_5,normal,vin_361,5,0,749
train,LFP_normal_vin_361_vin_361_discharge_6,normal,vin_361,6,0,733
train,LFP_normal_vin_361_vin_361_discharge_7,normal,vin_361,7,0,672
train,LFP_normal_vin_361_vin_361_discharge_8,normal,vin_361,8,0,567
train,LFP_normal_vin_361_vin_361_discharge_9,normal,vin_361,9,0,602
train,LFP_normal_vin_361_vin_361_discharge_10,normal,vin_361,10,0,700
train,LFP_normal_vin_362_vin_362_discharge_1,normal,vin_362,1,0,857
train,LFP_normal_vin_362_vin_362_discharge_2,normal,vin_362,2,0,612
train,LFP_normal_vin_362_vin_362_discharge_3,normal,vin_362,3,0,623
train,LFP_normal_vin_362_vin_362_discharge_4,normal,vin_362,4,0,520
train,LFP_normal_vin_362_vin_362_discharge_5,normal,vin_362,5,0,656
train,LFP_normal_vin_362_vin_362_discharge_6,normal,vin_362,6,0,591
train,LFP_normal_vin_362_vin_362_discharge_7,normal,vin_362,7,0,1036
train,LFP_normal_vin_362_vin_362_discharge_8,normal,vin_362,8,0,517
train,LFP_normal_vin_362_vin_362_discharge_9,normal,vin_362,9,0,736
train,LFP_normal_vin_362_vin_362_discharge_10,normal,vin_362,10,0,524
train,LFP_normal_vin_363_vin_363_discharge_1,normal,vin_363,1,0,608
train,LFP_normal_vin_363_vin_363_discharge_2,normal,vin_363,2,0,608
train,LFP_normal_vin_363_vin_363_discharge_3,normal,vin_363,3,0,536
train,LFP_normal_vin_363_vin_363_discharge_4,normal,vin_363,4,0,642
train,LFP_normal_vin_363_vin_363_discharge_5,normal,vin_363,5,0,675
train,LFP_normal_vin_363_vin_363_discharge_6,normal,vin_363,6,0,508
train,LFP_normal_vin_363_vin_363_discharge_7,normal,vin_363,7,0,534
train,LFP_normal_vin_363_vin_363_discharge_8,normal,vin_363,8,0,767
train,LFP_normal_vin_363_vin_363_discharge_9,normal,vin_363,9,0,878
train,LFP_normal_vin_363_vin_363_discharge_10,normal,vin_363,10,0,517
train,LFP_normal_vin_364_vin_364_discharge_1,normal,vin_364,1,0,821
train,LFP_normal_vin_364_vin_364_discharge_2,normal,vin_364,2,0,661
train,LFP_normal_vin_364_vin_364_discharge_3,normal,vin_364,3,0,585
train,LFP_normal_vin_364_vin_364_discharge_4,normal,vin_364,4,0,776
train,LFP_normal_vin_364_vin_364_discharge_5,normal,vin_364,5,0,515
train,LFP_normal_vin_364_vin_364_discharge_6,normal,vin_364,6,0,579
train,LFP_normal_vin_364_vin_364_discharge_7,normal,vin_364,7,0,513
train,LFP_normal_vin_364_vin_364_discharge_8,normal,vin_364,8,0,732
train,LFP_normal_vin_364_vin_364_discharge_9,normal,vin_364,9,0,526
train,LFP_normal_vin_364_vin_364_discharge_10,normal,vin_364,10,0,516
train,LFP_normal_vin_366_vin_366_discharge_1,normal,vin_366,1,0,540
train,LFP_normal_vin_366_vin_366_discharge_2,normal,vin_366,2,0,519
train,LFP_normal_vin_366_vin_366_discharge_3,normal,vin_366,3,0,596
train,LFP_normal_vin_366_vin_366_discharge_4,normal,vin_366,4,0,767
train,LFP_normal_vin_366_vin_366_discharge_5,normal,vin_366,5,0,570
train,LFP_normal_vin_366_vin_366_discharge_6,normal,vin_366,6,0,673
train,LFP_normal_vin_366_vin_366_discharge_7,normal,vin_366,7,0,625
train,LFP_normal_vin_366_vin_366_discharge_8,normal,vin_366,8,0,557
train,LFP_normal_vin_366_vin_366_discharge_9,normal,vin_366,9,0,660
train,LFP_normal_vin_366_vin_366_discharge_10,normal,vin_366,10,0,607
train,LFP_normal_vin_367_vin_367_discharge_1,normal,vin_367,1,0,635
train,LFP_normal_vin_367_vin_367_discharge_2,normal,vin_367,2,0,677
train,LFP_normal_vin_367_vin_367_discharge_3,normal,vin_367,3,0,590
train,LFP_normal_vin_367_vin_367_discharge_4,normal,vin_367,4,0,577
train,LFP_normal_vin_367_vin_367_discharge_5,normal,vin_367,5,0,532
train,LFP_normal_vin_367_vin_367_discharge_6,normal,vin_367,6,0,592
train,LFP_normal_vin_367_vin_367_discharge_7,normal,vin_367,7,0,557
train,LFP_normal_vin_367_vin_367_discharge_8,normal,vin_367,8,0,525
train,LFP_normal_vin_367_vin_367_discharge_9,normal,vin_367,9,0,546
train,LFP_normal_vin_367_vin_367_discharge_10,normal,vin_367,10,0,506
train,LFP_normal_vin_368_vin_368_discharge_1,normal,vin_368,1,0,607
train,LFP_normal_vin_368_vin_368_discharge_2,normal,vin_368,2,0,539
train,LFP_normal_vin_368_vin_368_discharge_3,normal,vin_368,3,0,657
train,LFP_normal_vin_368_vin_368_discharge_4,normal,vin_368,4,0,514
train,LFP_normal_vin_368_vin_368_discharge_5,normal,vin_368,5,0,543
train,LFP_normal_vin_368_vin_368_discharge_6,normal,vin_368,6,0,685
train,LFP_normal_vin_368_vin_368_discharge_7,normal,vin_368,7,0,497
train,LFP_normal_vin_368_vin_368_discharge_8,normal,vin_368,8,0,709
train,LFP_normal_vin_368_vin_368_discharge_9,normal,vin_368,9,0,889
train,LFP_normal_vin_368_vin_368_discharge_10,normal,vin_368,10,0,668
train,LFP_normal_vin_371_vin_371_discharge_1,normal,vin_371,1,0,511
train,LFP_normal_vin_371_vin_371_discharge_2,normal,vin_371,2,0,664
train,LFP_normal_vin_371_vin_371_discharge_3,normal,vin_371,3,0,657
train,LFP_normal_vin_371_vin_371_discharge_4,normal,vin_371,4,0,668
train,LFP_normal_vin_371_vin_371_discharge_5,normal,vin_371,5,0,746
train,LFP_normal_vin_371_vin_371_discharge_6,normal,vin_371,6,0,598
train,LFP_normal_vin_371_vin_371_discharge_7,normal,vin_371,7,0,470
train,LFP_normal_vin_371_vin_371_discharge_8,normal,vin_371,8,0,1010
train,LFP_normal_vin_371_vin_371_discharge_9,normal,vin_371,9,0,548
train,LFP_normal_vin_371_vin_371_discharge_10,normal,vin_371,10,0,545
train,LFP_normal_vin_372_vin_372_discharge_1,normal,vin_372,1,0,558
train,LFP_normal_vin_372_vin_372_discharge_2,normal,vin_372,2,0,543
train,LFP_normal_vin_372_vin_372_discharge_3,normal,vin_372,3,0,678
train,LFP_normal_vin_372_vin_372_discharge_4,normal,vin_372,4,0,948
train,LFP_normal_vin_372_vin_372_discharge_5,normal,vin_372,5,0,698
train,LFP_normal_vin_372_vin_372_discharge_6,normal,vin_372,6,0,544
train,LFP_normal_vin_372_vin_372_discharge_7,normal,vin_372,7,0,488
train,LFP_normal_vin_372_vin_372_discharge_8,normal,vin_372,8,0,817
train,LFP_normal_vin_372_vin_372_discharge_9,normal,vin_372,9,0,525
train,LFP_normal_vin_372_vin_372_discharge_10,normal,vin_372,10,0,623
train,LFP_normal_vin_375_vin_375_discharge_1,normal,vin_375,1,0,703
train,LFP_normal_vin_375_vin_375_discharge_2,normal,vin_375,2,0,671
train,LFP_normal_vin_375_vin_375_discharge_3,normal,vin_375,3,0,567
train,LFP_normal_vin_375_vin_375_discharge_4,normal,vin_375,4,0,684
train,LFP_normal_vin_375_vin_375_discharge_5,normal,vin_375,5,0,887
train,LFP_normal_vin_375_vin_375_discharge_6,normal,vin_375,6,0,576
train,LFP_normal_vin_375_vin_375_discharge_7,normal,vin_375,7,0,555
train,LFP_normal_vin_375_vin_375_discharge_8,normal,vin_375,8,0,518
train,LFP_normal_vin_375_vin_375_discharge_9,normal,vin_375,9,0,592
train,LFP_normal_vin_375_vin_375_discharge_10,normal,vin_375,10,0,597
train,LFP_normal_vin_376_vin_376_discharge_1,normal,vin_376,1,0,703
train,LFP_normal_vin_376_vin_376_discharge_2,normal,vin_376,2,0,880
train,LFP_normal_vin_376_vin_376_discharge_3,normal,vin_376,3,0,618
train,LFP_normal_vin_376_vin_376_discharge_4,normal,vin_376,4,0,668
train,LFP_normal_vin_376_vin_376_discharge_5,normal,vin_376,5,0,577
train,LFP_normal_vin_376_vin_376_discharge_6,normal,vin_376,6,0,732
train,LFP_normal_vin_376_vin_376_discharge_7,normal,vin_376,7,0,661
train,LFP_normal_vin_376_vin_376_discharge_8,normal,vin_376,8,0,639
train,LFP_normal_vin_376_vin_376_discharge_9,normal,vin_376,9,0,587
train,LFP_normal_vin_376_vin_376_discharge_10,normal,vin_376,10,0,549
train,LFP_normal_vin_378_vin_378_discharge_1,normal,vin_378,1,0,716
train,LFP_normal_vin_378_vin_378_discharge_2,normal,vin_378,2,0,717
train,LFP_normal_vin_378_vin_378_discharge_3,normal,vin_378,3,0,704
train,LFP_normal_vin_378_vin_378_discharge_4,normal,vin_378,4,0,752
train,LFP_normal_vin_378_vin_378_discharge_5,normal,vin_378,5,0,585
train,LFP_normal_vin_378_vin_378_discharge_6,normal,vin_378,6,0,528
train,LFP_normal_vin_378_vin_378_discharge_7,normal,vin_378,7,0,789
train,LFP_normal_vin_378_vin_378_discharge_8,normal,vin_378,8,0,689
train,LFP_normal_vin_378_vin_378_discharge_9,normal,vin_378,9,0,573
train,LFP_normal_vin_378_vin_378_discharge_10,normal,vin_378,10,0,575
train,LFP_normal_vin_382_vin_382_discharge_1,normal,vin_382,1,0,874
train,LFP_normal_vin_382_vin_382_discharge_2,normal,vin_382,2,0,550
train,LFP_normal_vin_382_vin_382_discharge_3,normal,vin_382,3,0,665
train,LFP_normal_vin_382_vin_382_discharge_4,normal,vin_382,4,0,626
train,LFP_normal_vin_382_vin_382_discharge_5,normal,vin_382,5,0,966
train,LFP_normal_vin_382_vin_382_discharge_6,normal,vin_382,6,0,560
train,LFP_normal_vin_382_vin_382_discharge_7,normal,vin_382,7,0,591
train,LFP_normal_vin_382_vin_382_discharge_8,normal,vin_382,8,0,818
train,LFP_normal_vin_382_vin_382_discharge_9,normal,vin_382,9,0,527
train,LFP_normal_vin_382_vin_382_discharge_10,normal,vin_382,10,0,626
train,LFP_normal_vin_383_vin_383_discharge_1,normal,vin_383,1,0,711
train,LFP_normal_vin_383_vin_383_discharge_2,normal,vin_383,2,0,803
train,LFP_normal_vin_383_vin_383_discharge_3,normal,vin_383,3,0,620
train,LFP_normal_vin_383_vin_383_discharge_4,normal,vin_383,4,0,643
train,LFP_normal_vin_383_vin_383_discharge_5,normal,vin_383,5,0,928
train,LFP_normal_vin_383_vin_383_discharge_6,normal,vin_383,6,0,739
train,LFP_normal_vin_383_vin_383_discharge_7,normal,vin_383,7,0,606
train,LFP_normal_vin_383_vin_383_discharge_8,normal,vin_383,8,0,683
train,LFP_normal_vin_383_vin_383_discharge_9,normal,vin_383,9,0,544
train,LFP_normal_vin_383_vin_383_discharge_10,normal,vin_383,10,0,838
train,LFP_normal_vin_384_vin_384_discharge_1,normal,vin_384,1,0,491
train,LFP_normal_vin_384_vin_384_discharge_2,normal,vin_384,2,0,748
train,LFP_normal_vin_384_vin_384_discharge_3,normal,vin_384,3,0,597
train,LFP_normal_vin_384_vin_384_discharge_4,normal,vin_384,4,0,498
train,LFP_normal_vin_384_vin_384_discharge_5,normal,vin_384,5,0,491
train,LFP_normal_vin_384_vin_384_discharge_6,normal,vin_384,6,0,588
train,LFP_normal_vin_384_vin_384_discharge_7,normal,vin_384,7,0,547
train,LFP_normal_vin_384_vin_384_discharge_8,normal,vin_384,8,0,627
train,LFP_normal_vin_384_vin_384_discharge_9,normal,vin_384,9,0,491
train,LFP_normal_vin_384_vin_384_discharge_10,normal,vin_384,10,0,858
train,LFP_normal_vin_385_vin_385_discharge_1,normal,vin_385,1,0,512
train,LFP_normal_vin_385_vin_385_discharge_2,normal,vin_385,2,0,715
train,LFP_normal_vin_385_vin_385_discharge_3,normal,vin_385,3,0,539
train,LFP_normal_vin_385_vin_385_discharge_4,normal,vin_385,4,0,621
train,LFP_normal_vin_385_vin_385_discharge_5,normal,vin_385,5,0,588
train,LFP_normal_vin_385_vin_385_discharge_6,normal,vin_385,6,0,677
train,LFP_normal_vin_385_vin_385_discharge_7,normal,vin_385,7,0,713
train,LFP_normal_vin_385_vin_385_discharge_8,normal,vin_385,8,0,752
train,LFP_normal_vin_385_vin_385_discharge_9,normal,vin_385,9,0,518
train,LFP_normal_vin_385_vin_385_discharge_10,normal,vin_385,10,0,522
train,LFP_normal_vin_386_vin_386_discharge_1,normal,vin_386,1,0,586
train,LFP_normal_vin_386_vin_386_discharge_2,normal,vin_386,2,0,680
train,LFP_normal_vin_386_vin_386_discharge_3,normal,vin_386,3,0,530
train,LFP_normal_vin_386_vin_386_discharge_4,normal,vin_386,4,0,1006
train,LFP_normal_vin_386_vin_386_discharge_5,normal,vin_386,5,0,660
train,LFP_normal_vin_386_vin_386_discharge_6,normal,vin_386,6,0,587
train,LFP_normal_vin_386_vin_386_discharge_7,normal,vin_386,7,0,701
train,LFP_normal_vin_386_vin_386_discharge_8,normal,vin_386,8,0,654
train,LFP_normal_vin_386_vin_386_discharge_9,normal,vin_386,9,0,572
train,LFP_normal_vin_386_vin_386_discharge_10,normal,vin_386,10,0,649
train,LFP_normal_vin_387_vin_387_discharge_1,normal,vin_387,1,0,508
train,LFP_normal_vin_387_vin_387_discharge_2,normal,vin_387,2,0,699
train,LFP_normal_vin_387_vin_387_discharge_3,normal,vin_387,3,0,694
train,LFP_normal_vin_387_vin_387_discharge_4,normal,vin_387,4,0,587
train,LFP_normal_vin_387_vin_387_discharge_5,normal,vin_387,5,0,507
train,LFP_normal_vin_387_vin_387_discharge_6,normal,vin_387,6,0,1084
train,LFP_normal_vin_387_vin_387_discharge_7,normal,vin_387,7,0,587
train,LFP_normal_vin_387_vin_387_discharge_8,normal,vin_387,8,0,591
train,LFP_normal_vin_387_vin_387_discharge_9,normal,vin_387,9,0,654
train,LFP_normal_vin_387_vin_387_discharge_10,normal,vin_387,10,0,627
train,LFP_normal_vin_388_vin_388_discharge_1,normal,vin_388,1,0,742
train,LFP_normal_vin_388_vin_388_discharge_2,normal,vin_388,2,0,984
train,LFP_normal_vin_388_vin_388_discharge_3,normal,vin_388,3,0,504
train,LFP_normal_vin_388_vin_388_discharge_4,normal,vin_388,4,0,363
train,LFP_normal_vin_388_vin_388_discharge_5,normal,vin_388,5,0,730
train,LFP_normal_vin_388_vin_388_discharge_6,normal,vin_388,6,0,535
train,LFP_normal_vin_388_vin_388_discharge_7,normal,vin_388,7,0,606
train,LFP_normal_vin_388_vin_388_discharge_8,normal,vin_388,8,0,662
train,LFP_normal_vin_388_vin_388_discharge_9,normal,vin_388,9,0,610
train,LFP_normal_vin_388_vin_388_discharge_10,normal,vin_388,10,0,743
train,LFP_normal_vin_389_vin_389_discharge_1,normal,vin_389,1,0,795
train,LFP_normal_vin_389_vin_389_discharge_2,normal,vin_389,2,0,538
train,LFP_normal_vin_389_vin_389_discharge_3,normal,vin_389,3,0,602
train,LFP_normal_vin_389_vin_389_discharge_4,normal,vin_389,4,0,758
train,LFP_normal_vin_389_vin_389_discharge_5,normal,vin_389,5,0,534
train,LFP_normal_vin_389_vin_389_discharge_6,normal,vin_389,6,0,784
train,LFP_normal_vin_389_vin_389_discharge_7,normal,vin_389,7,0,523
train,LFP_normal_vin_389_vin_389_discharge_8,normal,vin_389,8,0,837
train,LFP_normal_vin_389_vin_389_discharge_9,normal,vin_389,9,0,581
train,LFP_normal_vin_389_vin_389_discharge_10,normal,vin_389,10,0,643
train,LFP_normal_vin_390_vin_390_discharge_1,normal,vin_390,1,0,673
train,LFP_normal_vin_390_vin_390_discharge_2,normal,vin_390,2,0,499
train,LFP_normal_vin_390_vin_390_discharge_3,normal,vin_390,3,0,650
train,LFP_normal_vin_390_vin_390_discharge_4,normal,vin_390,4,0,630
train,LFP_normal_vin_390_vin_390_discharge_5,normal,vin_390,5,0,715
train,LFP_normal_vin_390_vin_390_discharge_6,normal,vin_390,6,0,764
train,LFP_normal_vin_390_vin_390_discharge_7,normal,vin_390,7,0,652
train,LFP_normal_vin_390_vin_390_discharge_8,normal,vin_390,8,0,759
train,LFP_normal_vin_390_vin_390_discharge_9,normal,vin_390,9,0,584
train,LFP_normal_vin_390_vin_390_discharge_10,normal,vin_390,10,0,607
train,LFP_normal_vin_392_vin_392_discharge_1,normal,vin_392,1,0,515
train,LFP_normal_vin_392_vin_392_discharge_2,normal,vin_392,2,0,582
train,LFP_normal_vin_392_vin_392_discharge_3,normal,vin_392,3,0,614
train,LFP_normal_vin_392_vin_392_discharge_4,normal,vin_392,4,0,550
train,LFP_normal_vin_392_vin_392_discharge_5,normal,vin_392,5,0,533
train,LFP_normal_vin_392_vin_392_discharge_6,normal,vin_392,6,0,639
train,LFP_normal_vin_392_vin_392_discharge_7,normal,vin_392,7,0,717
train,LFP_normal_vin_392_vin_392_discharge_8,normal,vin_392,8,0,715
train,LFP_normal_vin_392_vin_392_discharge_9,normal,vin_392,9,0,521
train,LFP_normal_vin_392_vin_392_discharge_10,normal,vin_392,10,0,570
train,LFP_normal_vin_393_vin_393_discharge_1,normal,vin_393,1,0,748
train,LFP_normal_vin_393_vin_393_discharge_2,normal,vin_393,2,0,619
train,LFP_normal_vin_393_vin_393_discharge_3,normal,vin_393,3,0,613
train,LFP_normal_vin_393_vin_393_discharge_4,normal,vin_393,4,0,782
train,LFP_normal_vin_393_vin_393_discharge_5,normal,vin_393,5,0,513
train,LFP_normal_vin_393_vin_393_discharge_6,normal,vin_393,6,0,985
train,LFP_normal_vin_393_vin_393_discharge_7,normal,vin_393,7,0,636
train,LFP_normal_vin_393_vin_393_discharge_8,normal,vin_393,8,0,551
train,LFP_normal_vin_393_vin_393_discharge_9,normal,vin_393,9,0,538
train,LFP_normal_vin_393_vin_393_discharge_10,normal,vin_393,10,0,721
train,LFP_normal_vin_395_vin_395_discharge_1,normal,vin_395,1,0,551
train,LFP_normal_vin_395_vin_395_discharge_2,normal,vin_395,2,0,900
train,LFP_normal_vin_395_vin_395_discharge_3,normal,vin_395,3,0,613
train,LFP_normal_vin_395_vin_395_discharge_4,normal,vin_395,4,0,944
train,LFP_normal_vin_395_vin_395_discharge_5,normal,vin_395,5,0,699
train,LFP_normal_vin_395_vin_395_discharge_6,normal,vin_395,6,0,538
train,LFP_normal_vin_395_vin_395_discharge_7,normal,vin_395,7,0,526
train,LFP_normal_vin_395_vin_395_discharge_8,normal,vin_395,8,0,676
train,LFP_normal_vin_395_vin_395_discharge_9,normal,vin_395,9,0,659
train,LFP_normal_vin_395_vin_395_discharge_10,normal,vin_395,10,0,639
train,LFP_normal_vin_396_vin_396_discharge_1,normal,vin_396,1,0,549
train,LFP_normal_vin_396_vin_396_discharge_2,normal,vin_396,2,0,560
train,LFP_normal_vin_396_vin_396_discharge_3,normal,vin_396,3,0,679
train,LFP_normal_vin_396_vin_396_discharge_4,normal,vin_396,4,0,908
train,LFP_normal_vin_396_vin_396_discharge_5,normal,vin_396,5,0,609
train,LFP_normal_vin_396_vin_396_discharge_6,normal,vin_396,6,0,590
train,LFP_normal_vin_396_vin_396_discharge_7,normal,vin_396,7,0,1099
train,LFP_normal_vin_396_vin_396_discharge_8,normal,vin_396,8,0,590
train,LFP_normal_vin_396_vin_396_discharge_9,normal,vin_396,9,0,559
train,LFP_normal_vin_396_vin_396_discharge_10,normal,vin_396,10,0,578
train,LFP_normal_vin_397_vin_397_discharge_1,normal,vin_397,1,0,593
train,LFP_normal_vin_397_vin_397_discharge_2,normal,vin_397,2,0,1028
train,LFP_normal_vin_397_vin_397_discharge_3,normal,vin_397,3,0,933
train,LFP_normal_vin_397_vin_397_discharge_4,normal,vin_397,4,0,697
train,LFP_normal_vin_397_vin_397_discharge_5,normal,vin_397,5,0,570
train,LFP_normal_vin_397_vin_397_discharge_6,normal,vin_397,6,0,690
train,LFP_normal_vin_397_vin_397_discharge_7,normal,vin_397,7,0,510
train,LFP_normal_vin_397_vin_397_discharge_8,normal,vin_397,8,0,774
train,LFP_normal_vin_397_vin_397_discharge_9,normal,vin_397,9,0,660
train,LFP_normal_vin_397_vin_397_discharge_10,normal,vin_397,10,0,521
train,LFP_normal_vin_400_vin_400_discharge_1,normal,vin_400,1,0,708
train,LFP_normal_vin_400_vin_400_discharge_2,normal,vin_400,2,0,738
train,LFP_normal_vin_400_vin_400_discharge_3,normal,vin_400,3,0,506
train,LFP_normal_vin_400_vin_400_discharge_4,normal,vin_400,4,0,507
train,LFP_normal_vin_400_vin_400_discharge_5,normal,vin_400,5,0,573
train,LFP_normal_vin_400_vin_400_discharge_6,normal,vin_400,6,0,691
train,LFP_normal_vin_400_vin_400_discharge_7,normal,vin_400,7,0,514
train,LFP_normal_vin_400_vin_400_discharge_8,normal,vin_400,8,0,594
train,LFP_normal_vin_400_vin_400_discharge_9,normal,vin_400,9,0,850
train,LFP_normal_vin_400_vin_400_discharge_10,normal,vin_400,10,0,574
train,LFP_normal_vin_401_vin_401_discharge_1,normal,vin_401,1,0,699
train,LFP_normal_vin_401_vin_401_discharge_2,normal,vin_401,2,0,764
train,LFP_normal_vin_401_vin_401_discharge_3,normal,vin_401,3,0,572
train,LFP_normal_vin_401_vin_401_discharge_4,normal,vin_401,4,0,553
train,LFP_normal_vin_401_vin_401_discharge_5,normal,vin_401,5,0,613
train,LFP_normal_vin_401_vin_401_discharge_6,normal,vin_401,6,0,631
train,LFP_normal_vin_401_vin_401_discharge_7,normal,vin_401,7,0,602
train,LFP_normal_vin_401_vin_401_discharge_8,normal,vin_401,8,0,585
train,LFP_normal_vin_401_vin_401_discharge_9,normal,vin_401,9,0,689
train,LFP_normal_vin_401_vin_401_discharge_10,normal,vin_401,10,0,733
train,LFP_normal_vin_404_vin_404_discharge_1,normal,vin_404,1,0,500
train,LFP_normal_vin_404_vin_404_discharge_2,normal,vin_404,2,0,644
train,LFP_normal_vin_404_vin_404_discharge_3,normal,vin_404,3,0,906
train,LFP_normal_vin_404_vin_404_discharge_4,normal,vin_404,4,0,566
train,LFP_normal_vin_404_vin_404_discharge_5,normal,vin_404,5,0,578
train,LFP_normal_vin_404_vin_404_discharge_6,normal,vin_404,6,0,623
train,LFP_normal_vin_404_vin_404_discharge_7,normal,vin_404,7,0,579
train,LFP_normal_vin_404_vin_404_discharge_8,normal,vin_404,8,0,804
train,LFP_normal_vin_404_vin_404_discharge_9,normal,vin_404,9,0,722
train,LFP_normal_vin_404_vin_404_discharge_10,normal,vin_404,10,0,751
train,LFP_normal_vin_406_vin_406_discharge_1,normal,vin_406,1,0,633
train,LFP_normal_vin_406_vin_406_discharge_2,normal,vin_406,2,0,666
train,LFP_normal_vin_406_vin_406_discharge_3,normal,vin_406,3,0,788
train,LFP_normal_vin_406_vin_406_discharge_4,normal,vin_406,4,0,699
train,LFP_normal_vin_406_vin_406_discharge_5,normal,vin_406,5,0,672
train,LFP_normal_vin_406_vin_406_discharge_6,normal,vin_406,6,0,587
train,LFP_normal_vin_406_vin_406_discharge_7,normal,vin_406,7,0,554
train,LFP_normal_vin_406_vin_406_discharge_8,normal,vin_406,8,0,511
train,LFP_normal_vin_406_vin_406_discharge_9,normal,vin_406,9,0,564
train,LFP_normal_vin_406_vin_406_discharge_10,normal,vin_406,10,0,1050
train,LFP_normal_vin_409_vin_409_discharge_1,normal,vin_409,1,0,547
train,LFP_normal_vin_409_vin_409_discharge_2,normal,vin_409,2,0,750
train,LFP_normal_vin_409_vin_409_discharge_3,normal,vin_409,3,0,585
train,LFP_normal_vin_409_vin_409_discharge_4,normal,vin_409,4,0,633
train,LFP_normal_vin_409_vin_409_discharge_5,normal,vin_409,5,0,505
train,LFP_normal_vin_409_vin_409_discharge_6,normal,vin_409,6,0,608
train,LFP_normal_vin_409_vin_409_discharge_7,normal,vin_409,7,0,608
train,LFP_normal_vin_409_vin_409_discharge_8,normal,vin_409,8,0,635
train,LFP_normal_vin_409_vin_409_discharge_9,normal,vin_409,9,0,667
train,LFP_normal_vin_409_vin_409_discharge_10,normal,vin_409,10,0,802
train,LFP_normal_vin_410_vin_410_discharge_1,normal,vin_410,1,0,604
train,LFP_normal_vin_410_vin_410_discharge_2,normal,vin_410,2,0,684
train,LFP_normal_vin_410_vin_410_discharge_3,normal,vin_410,3,0,499
train,LFP_normal_vin_410_vin_410_discharge_4,normal,vin_410,4,0,504
train,LFP_normal_vin_410_vin_410_discharge_5,normal,vin_410,5,0,622
train,LFP_normal_vin_410_vin_410_discharge_6,normal,vin_410,6,0,929
train,LFP_normal_vin_410_vin_410_discharge_7,normal,vin_410,7,0,757
train,LFP_normal_vin_410_vin_410_discharge_8,normal,vin_410,8,0,739
train,LFP_normal_vin_410_vin_410_discharge_9,normal,vin_410,9,0,658
train,LFP_normal_vin_410_vin_410_discharge_10,normal,vin_410,10,0,555
train,LFP_normal_vin_411_vin_411_discharge_1,normal,vin_411,1,0,474
train,LFP_normal_vin_411_vin_411_discharge_2,normal,vin_411,2,0,655
train,LFP_normal_vin_411_vin_411_discharge_3,normal,vin_411,3,0,583
train,LFP_normal_vin_411_vin_411_discharge_4,normal,vin_411,4,0,538
train,LFP_normal_vin_411_vin_411_discharge_5,normal,vin_411,5,0,789
train,LFP_normal_vin_411_vin_411_discharge_6,normal,vin_411,6,0,1122
train,LFP_normal_vin_411_vin_411_discharge_7,normal,vin_411,7,0,508
train,LFP_normal_vin_411_vin_411_discharge_8,normal,vin_411,8,0,648
train,LFP_normal_vin_411_vin_411_discharge_9,normal,vin_411,9,0,859
train,LFP_normal_vin_411_vin_411_discharge_10,normal,vin_411,10,0,636
train,LFP_normal_vin_412_vin_412_discharge_1,normal,vin_412,1,0,640
train,LFP_normal_vin_412_vin_412_discharge_2,normal,vin_412,2,0,637
train,LFP_normal_vin_412_vin_412_discharge_3,normal,vin_412,3,0,566
train,LFP_normal_vin_412_vin_412_discharge_4,normal,vin_412,4,0,750
train,LFP_normal_vin_412_vin_412_discharge_5,normal,vin_412,5,0,534
train,LFP_normal_vin_412_vin_412_discharge_6,normal,vin_412,6,0,943
train,LFP_normal_vin_412_vin_412_discharge_7,normal,vin_412,7,0,725
train,LFP_normal_vin_412_vin_412_discharge_8,normal,vin_412,8,0,860
train,LFP_normal_vin_412_vin_412_discharge_9,normal,vin_412,9,0,646
train,LFP_normal_vin_412_vin_412_discharge_10,normal,vin_412,10,0,922
train,LFP_normal_vin_413_vin_413_discharge_1,normal,vin_413,1,0,523
train,LFP_normal_vin_413_vin_413_discharge_2,normal,vin_413,2,0,583
train,LFP_normal_vin_413_vin_413_discharge_3,normal,vin_413,3,0,904
train,LFP_normal_vin_413_vin_413_discharge_4,normal,vin_413,4,0,583
train,LFP_normal_vin_413_vin_413_discharge_5,normal,vin_413,5,0,509
train,LFP_normal_vin_413_vin_413_discharge_6,normal,vin_413,6,0,543
train,LFP_normal_vin_413_vin_413_discharge_7,normal,vin_413,7,0,735
train,LFP_normal_vin_413_vin_413_discharge_8,normal,vin_413,8,0,590
train,LFP_normal_vin_413_vin_413_discharge_9,normal,vin_413,9,0,704
train,LFP_normal_vin_413_vin_413_discharge_10,normal,vin_413,10,0,554
train,LFP_normal_vin_414_vin_414_discharge_1,normal,vin_414,1,0,583
train,LFP_normal_vin_414_vin_414_discharge_2,normal,vin_414,2,0,544
train,LFP_normal_vin_414_vin_414_discharge_3,normal,vin_414,3,0,519
train,LFP_normal_vin_414_vin_414_discharge_4,normal,vin_414,4,0,757
train,LFP_normal_vin_414_vin_414_discharge_5,normal,vin_414,5,0,700
train,LFP_normal_vin_414_vin_414_discharge_6,normal,vin_414,6,0,607
train,LFP_normal_vin_414_vin_414_discharge_7,normal,vin_414,7,0,967
train,LFP_normal_vin_414_vin_414_discharge_8,normal,vin_414,8,0,832
train,LFP_normal_vin_414_vin_414_discharge_9,normal,vin_414,9,0,542
train,LFP_normal_vin_414_vin_414_discharge_10,normal,vin_414,10,0,745
train,LFP_normal_vin_415_vin_415_discharge_1,normal,vin_415,1,0,558
train,LFP_normal_vin_415_vin_415_discharge_2,normal,vin_415,2,0,615
train,LFP_normal_vin_415_vin_415_discharge_3,normal,vin_415,3,0,791
train,LFP_normal_vin_415_vin_415_discharge_4,normal,vin_415,4,0,898
train,LFP_normal_vin_415_vin_415_discharge_5,normal,vin_415,5,0,792
train,LFP_normal_vin_415_vin_415_discharge_6,normal,vin_415,6,0,716
train,LFP_normal_vin_415_vin_415_discharge_7,normal,vin_415,7,0,710
train,LFP_normal_vin_415_vin_415_discharge_8,normal,vin_415,8,0,553
train,LFP_normal_vin_415_vin_415_discharge_9,normal,vin_415,9,0,518
train,LFP_normal_vin_415_vin_415_discharge_10,normal,vin_415,10,0,549
train,LFP_normal_vin_416_vin_416_discharge_1,normal,vin_416,1,0,595
train,LFP_normal_vin_416_vin_416_discharge_2,normal,vin_416,2,0,510
train,LFP_normal_vin_416_vin_416_discharge_3,normal,vin_416,3,0,523
train,LFP_normal_vin_416_vin_416_discharge_4,normal,vin_416,4,0,933
train,LFP_normal_vin_416_vin_416_discharge_5,normal,vin_416,5,0,551
train,LFP_normal_vin_416_vin_416_discharge_6,normal,vin_416,6,0,663
train,LFP_normal_vin_416_vin_416_discharge_7,normal,vin_416,7,0,554
train,LFP_normal_vin_416_vin_416_discharge_8,normal,vin_416,8,0,854
train,LFP_normal_vin_416_vin_416_discharge_9,normal,vin_416,9,0,604
train,LFP_normal_vin_416_vin_416_discharge_10,normal,vin_416,10,0,564
train,LFP_normal_vin_417_vin_417_discharge_1,normal,vin_417,1,0,514
train,LFP_normal_vin_417_vin_417_discharge_2,normal,vin_417,2,0,598
train,LFP_normal_vin_417_vin_417_discharge_3,normal,vin_417,3,0,585
train,LFP_normal_vin_417_vin_417_discharge_4,normal,vin_417,4,0,712
train,LFP_normal_vin_417_vin_417_discharge_5,normal,vin_417,5,0,550
train,LFP_normal_vin_417_vin_417_discharge_6,normal,vin_417,6,0,615
train,LFP_normal_vin_417_vin_417_discharge_7,normal,vin_417,7,0,637
train,LFP_normal_vin_417_vin_417_discharge_8,normal,vin_417,8,0,535
train,LFP_normal_vin_417_vin_417_discharge_9,normal,vin_417,9,0,616
train,LFP_normal_vin_417_vin_417_discharge_10,normal,vin_417,10,0,768
train,LFP_normal_vin_418_vin_418_discharge_1,normal,vin_418,1,0,572
train,LFP_normal_vin_418_vin_418_discharge_2,normal,vin_418,2,0,636
train,LFP_normal_vin_418_vin_418_discharge_3,normal,vin_418,3,0,937
train,LFP_normal_vin_418_vin_418_discharge_4,normal,vin_418,4,0,497
train,LFP_normal_vin_418_vin_418_discharge_5,normal,vin_418,5,0,549
train,LFP_normal_vin_418_vin_418_discharge_6,normal,vin_418,6,0,579
train,LFP_normal_vin_418_vin_418_discharge_7,normal,vin_418,7,0,569
train,LFP_normal_vin_418_vin_418_discharge_8,normal,vin_418,8,0,523
train,LFP_normal_vin_418_vin_418_discharge_9,normal,vin_418,9,0,626
train,LFP_normal_vin_418_vin_418_discharge_10,normal,vin_418,10,0,598
train,LFP_normal_vin_419_vin_419_discharge_1,normal,vin_419,1,0,549
train,LFP_normal_vin_419_vin_419_discharge_2,normal,vin_419,2,0,733
train,LFP_normal_vin_419_vin_419_discharge_3,normal,vin_419,3,0,773
train,LFP_normal_vin_419_vin_419_discharge_4,normal,vin_419,4,0,558
train,LFP_normal_vin_419_vin_419_discharge_5,normal,vin_419,5,0,721
train,LFP_normal_vin_419_vin_419_discharge_6,normal,vin_419,6,0,580
train,LFP_normal_vin_419_vin_419_discharge_7,normal,vin_419,7,0,646
train,LFP_normal_vin_419_vin_419_discharge_8,normal,vin_419,8,0,567
train,LFP_normal_vin_419_vin_419_discharge_9,normal,vin_419,9,0,732
train,LFP_normal_vin_419_vin_419_discharge_10,normal,vin_419,10,0,546
train,LFP_normal_vin_420_vin_420_discharge_1,normal,vin_420,1,0,650
train,LFP_normal_vin_420_vin_420_discharge_2,normal,vin_420,2,0,571
train,LFP_normal_vin_420_vin_420_discharge_3,normal,vin_420,3,0,549
train,LFP_normal_vin_420_vin_420_discharge_4,normal,vin_420,4,0,625
train,LFP_normal_vin_420_vin_420_discharge_5,normal,vin_420,5,0,603
train,LFP_normal_vin_420_vin_420_discharge_6,normal,vin_420,6,0,587
train,LFP_normal_vin_420_vin_420_discharge_7,normal,vin_420,7,0,739
train,LFP_normal_vin_420_vin_420_discharge_8,normal,vin_420,8,0,533
train,LFP_normal_vin_420_vin_420_discharge_9,normal,vin_420,9,0,698
train,LFP_normal_vin_420_vin_420_discharge_10,normal,vin_420,10,0,524
train,LFP_normal_vin_421_vin_421_discharge_1,normal,vin_421,1,0,619
train,LFP_normal_vin_421_vin_421_discharge_2,normal,vin_421,2,0,629
train,LFP_normal_vin_421_vin_421_discharge_3,normal,vin_421,3,0,694
train,LFP_normal_vin_421_vin_421_discharge_4,normal,vin_421,4,0,666
train,LFP_normal_vin_421_vin_421_discharge_5,normal,vin_421,5,0,483
train,LFP_normal_vin_421_vin_421_discharge_6,normal,vin_421,6,0,673
train,LFP_normal_vin_421_vin_421_discharge_7,normal,vin_421,7,0,484
train,LFP_normal_vin_421_vin_421_discharge_8,normal,vin_421,8,0,875
train,LFP_normal_vin_421_vin_421_discharge_9,normal,vin_421,9,0,558
train,LFP_normal_vin_421_vin_421_discharge_10,normal,vin_421,10,0,779
train,LFP_normal_vin_422_vin_422_discharge_1,normal,vin_422,1,0,619
train,LFP_normal_vin_422_vin_422_discharge_2,normal,vin_422,2,0,519
train,LFP_normal_vin_422_vin_422_discharge_3,normal,vin_422,3,0,593
train,LFP_normal_vin_422_vin_422_discharge_4,normal,vin_422,4,0,662
train,LFP_normal_vin_422_vin_422_discharge_5,normal,vin_422,5,0,893
train,LFP_normal_vin_422_vin_422_discharge_6,normal,vin_422,6,0,562
train,LFP_normal_vin_422_vin_422_discharge_7,normal,vin_422,7,0,629
train,LFP_normal_vin_422_vin_422_discharge_8,normal,vin_422,8,0,806
train,LFP_normal_vin_422_vin_422_discharge_9,normal,vin_422,9,0,610
train,LFP_normal_vin_422_vin_422_discharge_10,normal,vin_422,10,0,573
train,LFP_normal_vin_423_vin_423_discharge_1,normal,vin_423,1,0,567
train,LFP_normal_vin_423_vin_423_discharge_2,normal,vin_423,2,0,842
train,LFP_normal_vin_423_vin_423_discharge_3,normal,vin_423,3,0,802
train,LFP_normal_vin_423_vin_423_discharge_4,normal,vin_423,4,0,672
train,LFP_normal_vin_423_vin_423_discharge_5,normal,vin_423,5,0,152
train,LFP_normal_vin_423_vin_423_discharge_6,normal,vin_423,6,0,832
train,LFP_normal_vin_423_vin_423_discharge_7,normal,vin_423,7,0,577
train,LFP_normal_vin_423_vin_423_discharge_8,normal,vin_423,8,0,519
train,LFP_normal_vin_423_vin_423_discharge_9,normal,vin_423,9,0,593
train,LFP_normal_vin_423_vin_423_discharge_10,normal,vin_423,10,0,559
train,LFP_normal_vin_425_vin_425_discharge_1,normal,vin_425,1,0,716
train,LFP_normal_vin_425_vin_425_discharge_2,normal,vin_425,2,0,499
train,LFP_normal_vin_425_vin_425_discharge_3,normal,vin_425,3,0,614
train,LFP_normal_vin_425_vin_425_discharge_4,normal,vin_425,4,0,596
train,LFP_normal_vin_425_vin_425_discharge_5,normal,vin_425,5,0,652
train,LFP_normal_vin_425_vin_425_discharge_6,normal,vin_425,6,0,495
train,LFP_normal_vin_425_vin_425_discharge_7,normal,vin_425,7,0,674
train,LFP_normal_vin_425_vin_425_discharge_8,normal,vin_425,8,0,588
train,LFP_normal_vin_425_vin_425_discharge_9,normal,vin_425,9,0,995
train,LFP_normal_vin_425_vin_425_discharge_10,normal,vin_425,10,0,747
train,LFP_normal_vin_427_vin_427_discharge_1,normal,vin_427,1,0,710
train,LFP_normal_vin_427_vin_427_discharge_2,normal,vin_427,2,0,535
train,LFP_normal_vin_427_vin_427_discharge_3,normal,vin_427,3,0,700
train,LFP_normal_vin_427_vin_427_discharge_4,normal,vin_427,4,0,516
train,LFP_normal_vin_427_vin_427_discharge_5,normal,vin_427,5,0,633
train,LFP_normal_vin_427_vin_427_discharge_6,normal,vin_427,6,0,655
train,LFP_normal_vin_427_vin_427_discharge_7,normal,vin_427,7,0,558
train,LFP_normal_vin_427_vin_427_discharge_8,normal,vin_427,8,0,620
train,LFP_normal_vin_427_vin_427_discharge_9,normal,vin_427,9,0,504
train,LFP_normal_vin_427_vin_427_discharge_10,normal,vin_427,10,0,716
train,LFP_normal_vin_429_vin_429_discharge_1,normal,vin_429,1,0,562
train,LFP_normal_vin_429_vin_429_discharge_2,normal,vin_429,2,0,735
train,LFP_normal_vin_429_vin_429_discharge_3,normal,vin_429,3,0,567
train,LFP_normal_vin_429_vin_429_discharge_4,normal,vin_429,4,0,856
train,LFP_normal_vin_429_vin_429_discharge_5,normal,vin_429,5,0,568
train,LFP_normal_vin_429_vin_429_discharge_6,normal,vin_429,6,0,526
train,LFP_normal_vin_429_vin_429_discharge_7,normal,vin_429,7,0,594
train,LFP_normal_vin_429_vin_429_discharge_8,normal,vin_429,8,0,492
train,LFP_normal_vin_429_vin_429_discharge_9,normal,vin_429,9,0,534
train,LFP_normal_vin_429_vin_429_discharge_10,normal,vin_429,10,0,773
train,LFP_normal_vin_430_vin_430_discharge_1,normal,vin_430,1,0,911
train,LFP_normal_vin_430_vin_430_discharge_2,normal,vin_430,2,0,563
train,LFP_normal_vin_430_vin_430_discharge_3,normal,vin_430,3,0,520
train,LFP_normal_vin_430_vin_430_discharge_4,normal,vin_430,4,0,526
train,LFP_normal_vin_430_vin_430_discharge_5,normal,vin_430,5,0,661
train,LFP_normal_vin_430_vin_430_discharge_6,normal,vin_430,6,0,619
train,LFP_normal_vin_430_vin_430_discharge_7,normal,vin_430,7,0,542
train,LFP_normal_vin_430_vin_430_discharge_8,normal,vin_430,8,0,542
train,LFP_normal_vin_430_vin_430_discharge_9,normal,vin_430,9,0,302
train,LFP_normal_vin_430_vin_430_discharge_10,normal,vin_430,10,0,502
train,LFP_normal_vin_431_vin_431_discharge_1,normal,vin_431,1,0,499
train,LFP_normal_vin_431_vin_431_discharge_2,normal,vin_431,2,0,612
train,LFP_normal_vin_431_vin_431_discharge_3,normal,vin_431,3,0,604
train,LFP_normal_vin_431_vin_431_discharge_4,normal,vin_431,4,0,857
train,LFP_normal_vin_431_vin_431_discharge_5,normal,vin_431,5,0,768
train,LFP_normal_vin_431_vin_431_discharge_6,normal,vin_431,6,0,521
train,LFP_normal_vin_431_vin_431_discharge_7,normal,vin_431,7,0,603
train,LFP_normal_vin_431_vin_431_discharge_8,normal,vin_431,8,0,886
train,LFP_normal_vin_431_vin_431_discharge_9,normal,vin_431,9,0,650
train,LFP_normal_vin_431_vin_431_discharge_10,normal,vin_431,10,0,632
train,LFP_normal_vin_432_vin_432_discharge_1,normal,vin_432,1,0,992
train,LFP_normal_vin_432_vin_432_discharge_2,normal,vin_432,2,0,552
train,LFP_normal_vin_432_vin_432_discharge_3,normal,vin_432,3,0,552
train,LFP_normal_vin_432_vin_432_discharge_4,normal,vin_432,4,0,529
train,LFP_normal_vin_432_vin_432_discharge_5,normal,vin_432,5,0,684
train,LFP_normal_vin_432_vin_432_discharge_6,normal,vin_432,6,0,871
train,LFP_normal_vin_432_vin_432_discharge_7,normal,vin_432,7,0,645
train,LFP_normal_vin_432_vin_432_discharge_8,normal,vin_432,8,0,665
train,LFP_normal_vin_432_vin_432_discharge_9,normal,vin_432,9,0,561
train,LFP_normal_vin_432_vin_432_discharge_10,normal,vin_432,10,0,738
train,LFP_normal_vin_433_vin_433_discharge_1,normal,vin_433,1,0,536
train,LFP_normal_vin_433_vin_433_discharge_2,normal,vin_433,2,0,808
train,LFP_normal_vin_433_vin_433_discharge_3,normal,vin_433,3,0,711
train,LFP_normal_vin_433_vin_433_discharge_4,normal,vin_433,4,0,637
train,LFP_normal_vin_433_vin_433_discharge_5,normal,vin_433,5,0,582
train,LFP_normal_vin_433_vin_433_discharge_6,normal,vin_433,6,0,581
train,LFP_normal_vin_433_vin_433_discharge_7,normal,vin_433,7,0,774
train,LFP_normal_vin_433_vin_433_discharge_8,normal,vin_433,8,0,596
train,LFP_normal_vin_433_vin_433_discharge_9,normal,vin_433,9,0,637
train,LFP_normal_vin_433_vin_433_discharge_10,normal,vin_433,10,0,896
train,LFP_normal_vin_435_vin_435_discharge_1,normal,vin_435,1,0,499
train,LFP_normal_vin_435_vin_435_discharge_2,normal,vin_435,2,0,509
train,LFP_normal_vin_435_vin_435_discharge_3,normal,vin_435,3,0,497
train,LFP_normal_vin_435_vin_435_discharge_4,normal,vin_435,4,0,512
train,LFP_normal_vin_435_vin_435_discharge_5,normal,vin_435,5,0,849
train,LFP_normal_vin_435_vin_435_discharge_6,normal,vin_435,6,0,587
train,LFP_normal_vin_435_vin_435_discharge_7,normal,vin_435,7,0,609
train,LFP_normal_vin_435_vin_435_discharge_8,normal,vin_435,8,0,555
train,LFP_normal_vin_435_vin_435_discharge_9,normal,vin_435,9,0,586
train,LFP_normal_vin_435_vin_435_discharge_10,normal,vin_435,10,0,622
train,LFP_normal_vin_436_vin_436_discharge_1,normal,vin_436,1,0,631
train,LFP_normal_vin_436_vin_436_discharge_2,normal,vin_436,2,0,624
train,LFP_normal_vin_436_vin_436_discharge_3,normal,vin_436,3,0,885
train,LFP_normal_vin_436_vin_436_discharge_4,normal,vin_436,4,0,748
train,LFP_normal_vin_436_vin_436_discharge_5,normal,vin_436,5,0,769
train,LFP_normal_vin_436_vin_436_discharge_6,normal,vin_436,6,0,525
train,LFP_normal_vin_436_vin_436_discharge_7,normal,vin_436,7,0,557
train,LFP_normal_vin_436_vin_436_discharge_8,normal,vin_436,8,0,701
train,LFP_normal_vin_436_vin_436_discharge_9,normal,vin_436,9,0,555
train,LFP_normal_vin_436_vin_436_discharge_10,normal,vin_436,10,0,670
train,LFP_normal_vin_437_vin_437_discharge_1,normal,vin_437,1,0,590
train,LFP_normal_vin_437_vin_437_discharge_2,normal,vin_437,2,0,633
train,LFP_normal_vin_437_vin_437_discharge_3,normal,vin_437,3,0,582
train,LFP_normal_vin_437_vin_437_discharge_4,normal,vin_437,4,0,625
train,LFP_normal_vin_437_vin_437_discharge_5,normal,vin_437,5,0,635
train,LFP_normal_vin_437_vin_437_discharge_6,normal,vin_437,6,0,504
train,LFP_normal_vin_437_vin_437_discharge_7,normal,vin_437,7,0,674
train,LFP_normal_vin_437_vin_437_discharge_8,normal,vin_437,8,0,701
train,LFP_normal_vin_437_vin_437_discharge_9,normal,vin_437,9,0,660
train,LFP_normal_vin_437_vin_437_discharge_10,normal,vin_437,10,0,668
train,LFP_normal_vin_438_vin_438_discharge_1,normal,vin_438,1,0,525
train,LFP_normal_vin_438_vin_438_discharge_2,normal,vin_438,2,0,725
train,LFP_normal_vin_438_vin_438_discharge_3,normal,vin_438,3,0,585
train,LFP_normal_vin_438_vin_438_discharge_4,normal,vin_438,4,0,799
train,LFP_normal_vin_438_vin_438_discharge_5,normal,vin_438,5,0,636
train,LFP_normal_vin_438_vin_438_discharge_6,normal,vin_438,6,0,717
train,LFP_normal_vin_438_vin_438_discharge_7,normal,vin_438,7,0,540
train,LFP_normal_vin_438_vin_438_discharge_8,normal,vin_438,8,0,617
train,LFP_normal_vin_438_vin_438_discharge_9,normal,vin_438,9,0,600
train,LFP_normal_vin_438_vin_438_discharge_10,normal,vin_438,10,0,556
train,LFP_normal_vin_439_vin_439_discharge_1,normal,vin_439,1,0,579
train,LFP_normal_vin_439_vin_439_discharge_2,normal,vin_439,2,0,739
train,LFP_normal_vin_439_vin_439_discharge_3,normal,vin_439,3,0,533
train,LFP_normal_vin_439_vin_439_discharge_4,normal,vin_439,4,0,744
train,LFP_normal_vin_439_vin_439_discharge_5,normal,vin_439,5,0,594
train,LFP_normal_vin_439_vin_439_discharge_6,normal,vin_439,6,0,817
train,LFP_normal_vin_439_vin_439_discharge_7,normal,vin_439,7,0,844
train,LFP_normal_vin_439_vin_439_discharge_8,normal,vin_439,8,0,885
train,LFP_normal_vin_439_vin_439_discharge_9,normal,vin_439,9,0,565
train,LFP_normal_vin_439_vin_439_discharge_10,normal,vin_439,10,0,505
train,LFP_normal_vin_440_vin_440_discharge_1,normal,vin_440,1,0,653
train,LFP_normal_vin_440_vin_440_discharge_2,normal,vin_440,2,0,661
train,LFP_normal_vin_440_vin_440_discharge_3,normal,vin_440,3,0,671
train,LFP_normal_vin_440_vin_440_discharge_4,normal,vin_440,4,0,783
train,LFP_normal_vin_440_vin_440_discharge_5,normal,vin_440,5,0,598
train,LFP_normal_vin_440_vin_440_discharge_6,normal,vin_440,6,0,521
train,LFP_normal_vin_440_vin_440_discharge_7,normal,vin_440,7,0,775
train,LFP_normal_vin_440_vin_440_discharge_8,normal,vin_440,8,0,632
train,LFP_normal_vin_440_vin_440_discharge_9,normal,vin_440,9,0,532
train,LFP_normal_vin_440_vin_440_discharge_10,normal,vin_440,10,0,519
train,LFP_normal_vin_442_vin_442_discharge_1,normal,vin_442,1,0,588
train,LFP_normal_vin_442_vin_442_discharge_2,normal,vin_442,2,0,654
train,LFP_normal_vin_442_vin_442_discharge_3,normal,vin_442,3,0,522
train,LFP_normal_vin_442_vin_442_discharge_4,normal,vin_442,4,0,781
train,LFP_normal_vin_442_vin_442_discharge_5,normal,vin_442,5,0,793
train,LFP_normal_vin_442_vin_442_discharge_6,normal,vin_442,6,0,610
train,LFP_normal_vin_442_vin_442_discharge_7,normal,vin_442,7,0,723
train,LFP_normal_vin_442_vin_442_discharge_8,normal,vin_442,8,0,679
train,LFP_normal_vin_442_vin_442_discharge_9,normal,vin_442,9,0,644
train,LFP_normal_vin_442_vin_442_discharge_10,normal,vin_442,10,0,571
train,LFP_normal_vin_443_vin_443_discharge_1,normal,vin_443,1,0,1071
train,LFP_normal_vin_443_vin_443_discharge_2,normal,vin_443,2,0,687
train,LFP_normal_vin_443_vin_443_discharge_3,normal,vin_443,3,0,980
train,LFP_normal_vin_443_vin_443_discharge_4,normal,vin_443,4,0,694
train,LFP_normal_vin_443_vin_443_discharge_5,normal,vin_443,5,0,625
train,LFP_normal_vin_443_vin_443_discharge_6,normal,vin_443,6,0,577
train,LFP_normal_vin_443_vin_443_discharge_7,normal,vin_443,7,0,828
train,LFP_normal_vin_443_vin_443_discharge_8,normal,vin_443,8,0,571
train,LFP_normal_vin_443_vin_443_discharge_9,normal,vin_443,9,0,624
train,LFP_normal_vin_443_vin_443_discharge_10,normal,vin_443,10,0,877
train,LFP_normal_vin_444_vin_444_discharge_1,normal,vin_444,1,0,536
train,LFP_normal_vin_444_vin_444_discharge_2,normal,vin_444,2,0,823
train,LFP_normal_vin_444_vin_444_discharge_3,normal,vin_444,3,0,510
train,LFP_normal_vin_444_vin_444_discharge_4,normal,vin_444,4,0,583
train,LFP_normal_vin_444_vin_444_discharge_5,normal,vin_444,5,0,897
train,LFP_normal_vin_444_vin_444_discharge_6,normal,vin_444,6,0,525
train,LFP_normal_vin_444_vin_444_discharge_7,normal,vin_444,7,0,1023
train,LFP_normal_vin_444_vin_444_discharge_8,normal,vin_444,8,0,838
train,LFP_normal_vin_444_vin_444_discharge_9,normal,vin_444,9,0,930
train,LFP_normal_vin_444_vin_444_discharge_10,normal,vin_444,10,0,556
train,LFP_normal_vin_445_vin_445_discharge_1,normal,vin_445,1,0,887
train,LFP_normal_vin_445_vin_445_discharge_2,normal,vin_445,2,0,926
train,LFP_normal_vin_445_vin_445_discharge_3,normal,vin_445,3,0,706
train,LFP_normal_vin_445_vin_445_discharge_4,normal,vin_445,4,0,994
train,LFP_normal_vin_445_vin_445_discharge_5,normal,vin_445,5,0,702
train,LFP_normal_vin_445_vin_445_discharge_6,normal,vin_445,6,0,628
train,LFP_normal_vin_445_vin_445_discharge_7,normal,vin_445,7,0,672
train,LFP_normal_vin_445_vin_445_discharge_8,normal,vin_445,8,0,830
train,LFP_normal_vin_445_vin_445_discharge_9,normal,vin_445,9,0,568
train,LFP_normal_vin_445_vin_445_discharge_10,normal,vin_445,10,0,550
train,LFP_normal_vin_446_vin_446_discharge_1,normal,vin_446,1,0,894
train,LFP_normal_vin_446_vin_446_discharge_2,normal,vin_446,2,0,977
train,LFP_normal_vin_446_vin_446_discharge_3,normal,vin_446,3,0,609
train,LFP_normal_vin_446_vin_446_discharge_4,normal,vin_446,4,0,665
train,LFP_normal_vin_446_vin_446_discharge_5,normal,vin_446,5,0,657
train,LFP_normal_vin_446_vin_446_discharge_6,normal,vin_446,6,0,529
train,LFP_normal_vin_446_vin_446_discharge_7,normal,vin_446,7,0,608
train,LFP_normal_vin_446_vin_446_discharge_8,normal,vin_446,8,0,522
train,LFP_normal_vin_446_vin_446_discharge_9,normal,vin_446,9,0,657
train,LFP_normal_vin_446_vin_446_discharge_10,normal,vin_446,10,0,486
train,LFP_normal_vin_448_vin_448_discharge_1,normal,vin_448,1,0,910
train,LFP_normal_vin_448_vin_448_discharge_2,normal,vin_448,2,0,887
train,LFP_normal_vin_448_vin_448_discharge_3,normal,vin_448,3,0,672
train,LFP_normal_vin_448_vin_448_discharge_4,normal,vin_448,4,0,744
train,LFP_normal_vin_448_vin_448_discharge_5,normal,vin_448,5,0,571
train,LFP_normal_vin_448_vin_448_discharge_6,normal,vin_448,6,0,555
train,LFP_normal_vin_448_vin_448_discharge_7,normal,vin_448,7,0,744
train,LFP_normal_vin_448_vin_448_discharge_8,normal,vin_448,8,0,590
train,LFP_normal_vin_448_vin_448_discharge_9,normal,vin_448,9,0,587
train,LFP_normal_vin_448_vin_448_discharge_10,normal,vin_448,10,0,745
train,LFP_normal_vin_449_vin_449_discharge_1,normal,vin_449,1,0,784
train,LFP_normal_vin_449_vin_449_discharge_2,normal,vin_449,2,0,717
train,LFP_normal_vin_449_vin_449_discharge_3,normal,vin_449,3,0,693
train,LFP_normal_vin_449_vin_449_discharge_4,normal,vin_449,4,0,836
train,LFP_normal_vin_449_vin_449_discharge_5,normal,vin_449,5,0,517
train,LFP_normal_vin_449_vin_449_discharge_6,normal,vin_449,6,0,557
train,LFP_normal_vin_449_vin_449_discharge_7,normal,vin_449,7,0,699
train,LFP_normal_vin_449_vin_449_discharge_8,normal,vin_449,8,0,574
train,LFP_normal_vin_449_vin_449_discharge_9,normal,vin_449,9,0,738
train,LFP_normal_vin_449_vin_449_discharge_10,normal,vin_449,10,0,574
train,LFP_normal_vin_450_vin_450_discharge_1,normal,vin_450,1,0,1073
train,LFP_normal_vin_450_vin_450_discharge_2,normal,vin_450,2,0,668
train,LFP_normal_vin_450_vin_450_discharge_3,normal,vin_450,3,0,587
train,LFP_normal_vin_450_vin_450_discharge_4,normal,vin_450,4,0,877
train,LFP_normal_vin_450_vin_450_discharge_5,normal,vin_450,5,0,669
train,LFP_normal_vin_450_vin_450_discharge_6,normal,vin_450,6,0,616
train,LFP_normal_vin_450_vin_450_discharge_7,normal,vin_450,7,0,553
train,LFP_normal_vin_450_vin_450_discharge_8,normal,vin_450,8,0,566
train,LFP_normal_vin_450_vin_450_discharge_9,normal,vin_450,9,0,998
train,LFP_normal_vin_450_vin_450_discharge_10,normal,vin_450,10,0,767
train,LFP_normal_vin_451_vin_451_discharge_1,normal,vin_451,1,0,793
train,LFP_normal_vin_451_vin_451_discharge_2,normal,vin_451,2,0,845
train,LFP_normal_vin_451_vin_451_discharge_3,normal,vin_451,3,0,766
train,LFP_normal_vin_451_vin_451_discharge_4,normal,vin_451,4,0,553
train,LFP_normal_vin_451_vin_451_discharge_5,normal,vin_451,5,0,741
train,LFP_normal_vin_451_vin_451_discharge_6,normal,vin_451,6,0,820
train,LFP_normal_vin_451_vin_451_discharge_7,normal,vin_451,7,0,490
train,LFP_normal_vin_451_vin_451_discharge_8,normal,vin_451,8,0,549
train,LFP_normal_vin_451_vin_451_discharge_9,normal,vin_451,9,0,612
train,LFP_normal_vin_451_vin_451_discharge_10,normal,vin_451,10,0,587
train,LFP_normal_vin_452_vin_452_discharge_1,normal,vin_452,1,0,648
train,LFP_normal_vin_452_vin_452_discharge_2,normal,vin_452,2,0,753
train,LFP_normal_vin_452_vin_452_discharge_3,normal,vin_452,3,0,898
train,LFP_normal_vin_452_vin_452_discharge_4,normal,vin_452,4,0,749
train,LFP_normal_vin_452_vin_452_discharge_5,normal,vin_452,5,0,588
train,LFP_normal_vin_452_vin_452_discharge_6,normal,vin_452,6,0,512
train,LFP_normal_vin_452_vin_452_discharge_7,normal,vin_452,7,0,599
train,LFP_normal_vin_452_vin_452_discharge_8,normal,vin_452,8,0,716
train,LFP_normal_vin_452_vin_452_discharge_9,normal,vin_452,9,0,665
train,LFP_normal_vin_452_vin_452_discharge_10,normal,vin_452,10,0,558
train,LFP_normal_vin_453_vin_453_discharge_1,normal,vin_453,1,0,826
train,LFP_normal_vin_453_vin_453_discharge_2,normal,vin_453,2,0,664
train,LFP_normal_vin_453_vin_453_discharge_3,normal,vin_453,3,0,730
train,LFP_normal_vin_453_vin_453_discharge_4,normal,vin_453,4,0,787
train,LFP_normal_vin_453_vin_453_discharge_5,normal,vin_453,5,0,543
train,LFP_normal_vin_453_vin_453_discharge_6,normal,vin_453,6,0,536
train,LFP_normal_vin_453_vin_453_discharge_7,normal,vin_453,7,0,974
train,LFP_normal_vin_453_vin_453_discharge_8,normal,vin_453,8,0,535
train,LFP_normal_vin_453_vin_453_discharge_9,normal,vin_453,9,0,533
train,LFP_normal_vin_453_vin_453_discharge_10,normal,vin_453,10,0,958
train,LFP_normal_vin_455_vin_455_discharge_1,normal,vin_455,1,0,627
train,LFP_normal_vin_455_vin_455_discharge_2,normal,vin_455,2,0,528
train,LFP_normal_vin_455_vin_455_discharge_3,normal,vin_455,3,0,753
train,LFP_normal_vin_455_vin_455_discharge_4,normal,vin_455,4,0,618
train,LFP_normal_vin_455_vin_455_discharge_5,normal,vin_455,5,0,866
train,LFP_normal_vin_455_vin_455_discharge_6,normal,vin_455,6,0,753
train,LFP_normal_vin_455_vin_455_discharge_7,normal,vin_455,7,0,655
train,LFP_normal_vin_455_vin_455_discharge_8,normal,vin_455,8,0,524
train,LFP_normal_vin_455_vin_455_discharge_9,normal,vin_455,9,0,550
train,LFP_normal_vin_455_vin_455_discharge_10,normal,vin_455,10,0,518
train,LFP_normal_vin_456_vin_456_discharge_1,normal,vin_456,1,0,727
train,LFP_normal_vin_456_vin_456_discharge_2,normal,vin_456,2,0,549
train,LFP_normal_vin_456_vin_456_discharge_3,normal,vin_456,3,0,640
train,LFP_normal_vin_456_vin_456_discharge_4,normal,vin_456,4,0,609
train,LFP_normal_vin_456_vin_456_discharge_5,normal,vin_456,5,0,632
train,LFP_normal_vin_456_vin_456_discharge_6,normal,vin_456,6,0,686
train,LFP_normal_vin_456_vin_456_discharge_7,normal,vin_456,7,0,630
train,LFP_normal_vin_456_vin_456_discharge_8,normal,vin_456,8,0,567
train,LFP_normal_vin_456_vin_456_discharge_9,normal,vin_456,9,0,774
train,LFP_normal_vin_456_vin_456_discharge_10,normal,vin_456,10,0,564
train,LFP_normal_vin_457_vin_457_discharge_1,normal,vin_457,1,0,1086
train,LFP_normal_vin_457_vin_457_discharge_2,normal,vin_457,2,0,567
train,LFP_normal_vin_457_vin_457_discharge_3,normal,vin_457,3,0,643
train,LFP_normal_vin_457_vin_457_discharge_4,normal,vin_457,4,0,659
train,LFP_normal_vin_457_vin_457_discharge_5,normal,vin_457,5,0,727
train,LFP_normal_vin_457_vin_457_discharge_6,normal,vin_457,6,0,535
train,LFP_normal_vin_457_vin_457_discharge_7,normal,vin_457,7,0,880
train,LFP_normal_vin_457_vin_457_discharge_8,normal,vin_457,8,0,526
train,LFP_normal_vin_457_vin_457_discharge_9,normal,vin_457,9,0,590
train,LFP_normal_vin_457_vin_457_discharge_10,normal,vin_457,10,0,638
train,LFP_normal_vin_458_vin_458_discharge_1,normal,vin_458,1,0,563
train,LFP_normal_vin_458_vin_458_discharge_2,normal,vin_458,2,0,599
train,LFP_normal_vin_458_vin_458_discharge_3,normal,vin_458,3,0,744
train,LFP_normal_vin_458_vin_458_discharge_4,normal,vin_458,4,0,878
train,LFP_normal_vin_458_vin_458_discharge_5,normal,vin_458,5,0,604
train,LFP_normal_vin_458_vin_458_discharge_6,normal,vin_458,6,0,493
train,LFP_normal_vin_458_vin_458_discharge_7,normal,vin_458,7,0,626
train,LFP_normal_vin_458_vin_458_discharge_8,normal,vin_458,8,0,647
train,LFP_normal_vin_458_vin_458_discharge_9,normal,vin_458,9,0,624
train,LFP_normal_vin_458_vin_458_discharge_10,normal,vin_458,10,0,551
train,LFP_normal_vin_459_vin_459_discharge_1,normal,vin_459,1,0,538
train,LFP_normal_vin_459_vin_459_discharge_2,normal,vin_459,2,0,619
train,LFP_normal_vin_459_vin_459_discharge_3,normal,vin_459,3,0,785
train,LFP_normal_vin_459_vin_459_discharge_4,normal,vin_459,4,0,602
train,LFP_normal_vin_459_vin_459_discharge_5,normal,vin_459,5,0,680
train,LFP_normal_vin_459_vin_459_discharge_6,normal,vin_459,6,0,744
train,LFP_normal_vin_459_vin_459_discharge_7,normal,vin_459,7,0,626
train,LFP_normal_vin_459_vin_459_discharge_8,normal,vin_459,8,0,572
train,LFP_normal_vin_459_vin_459_discharge_9,normal,vin_459,9,0,568
train,LFP_normal_vin_459_vin_459_discharge_10,normal,vin_459,10,0,560
train,LFP_normal_vin_460_vin_460_discharge_1,normal,vin_460,1,0,546
train,LFP_normal_vin_460_vin_460_discharge_2,normal,vin_460,2,0,730
train,LFP_normal_vin_460_vin_460_discharge_3,normal,vin_460,3,0,601
train,LFP_normal_vin_460_vin_460_discharge_4,normal,vin_460,4,0,838
train,LFP_normal_vin_460_vin_460_discharge_5,normal,vin_460,5,0,600
train,LFP_normal_vin_460_vin_460_discharge_6,normal,vin_460,6,0,601
train,LFP_normal_vin_460_vin_460_discharge_7,normal,vin_460,7,0,599
train,LFP_normal_vin_460_vin_460_discharge_8,normal,vin_460,8,0,713
train,LFP_normal_vin_460_vin_460_discharge_9,normal,vin_460,9,0,696
train,LFP_normal_vin_460_vin_460_discharge_10,normal,vin_460,10,0,626
train,LFP_normal_vin_462_vin_462_discharge_1,normal,vin_462,1,0,697
train,LFP_normal_vin_462_vin_462_discharge_2,normal,vin_462,2,0,716
train,LFP_normal_vin_462_vin_462_discharge_3,normal,vin_462,3,0,567
train,LFP_normal_vin_462_vin_462_discharge_4,normal,vin_462,4,0,546
train,LFP_normal_vin_462_vin_462_discharge_5,normal,vin_462,5,0,697
train,LFP_normal_vin_462_vin_462_discharge_6,normal,vin_462,6,0,665
train,LFP_normal_vin_462_vin_462_discharge_7,normal,vin_462,7,0,642
train,LFP_normal_vin_462_vin_462_discharge_8,normal,vin_462,8,0,538
train,LFP_normal_vin_462_vin_462_discharge_9,normal,vin_462,9,0,527
train,LFP_normal_vin_462_vin_462_discharge_10,normal,vin_462,10,0,500
train,LFP_normal_vin_463_vin_463_discharge_1,normal,vin_463,1,0,705
train,LFP_normal_vin_463_vin_463_discharge_2,normal,vin_463,2,0,717
train,LFP_normal_vin_463_vin_463_discharge_3,normal,vin_463,3,0,631
train,LFP_normal_vin_463_vin_463_discharge_4,normal,vin_463,4,0,564
train,LFP_normal_vin_463_vin_463_discharge_5,normal,vin_463,5,0,561
train,LFP_normal_vin_463_vin_463_discharge_6,normal,vin_463,6,0,553
train,LFP_normal_vin_463_vin_463_discharge_7,normal,vin_463,7,0,1102
train,LFP_normal_vin_463_vin_463_discharge_8,normal,vin_463,8,0,600
train,LFP_normal_vin_463_vin_463_discharge_9,normal,vin_463,9,0,491
train,LFP_normal_vin_463_vin_463_discharge_10,normal,vin_463,10,0,527
train,LFP_normal_vin_464_vin_464_discharge_1,normal,vin_464,1,0,537
train,LFP_normal_vin_464_vin_464_discharge_2,normal,vin_464,2,0,561
train,LFP_normal_vin_464_vin_464_discharge_3,normal,vin_464,3,0,890
train,LFP_normal_vin_464_vin_464_discharge_4,normal,vin_464,4,0,742
train,LFP_normal_vin_464_vin_464_discharge_5,normal,vin_464,5,0,696
train,LFP_normal_vin_464_vin_464_discharge_6,normal,vin_464,6,0,682
train,LFP_normal_vin_464_vin_464_discharge_7,normal,vin_464,7,0,670
train,LFP_normal_vin_464_vin_464_discharge_8,normal,vin_464,8,0,704
train,LFP_normal_vin_464_vin_464_discharge_9,normal,vin_464,9,0,611
train,LFP_normal_vin_464_vin_464_discharge_10,normal,vin_464,10,0,793
train,LFP_normal_vin_466_vin_466_discharge_1,normal,vin_466,1,0,499
train,LFP_normal_vin_466_vin_466_discharge_2,normal,vin_466,2,0,666
train,LFP_normal_vin_466_vin_466_discharge_3,normal,vin_466,3,0,593
train,LFP_normal_vin_466_vin_466_discharge_4,normal,vin_466,4,0,526
train,LFP_normal_vin_466_vin_466_discharge_5,normal,vin_466,5,0,520
train,LFP_normal_vin_466_vin_466_discharge_6,normal,vin_466,6,0,508
train,LFP_normal_vin_466_vin_466_discharge_7,normal,vin_466,7,0,535
train,LFP_normal_vin_466_vin_466_discharge_8,normal,vin_466,8,0,834
train,LFP_normal_vin_466_vin_466_discharge_9,normal,vin_466,9,0,726
train,LFP_normal_vin_466_vin_466_discharge_10,normal,vin_466,10,0,689
train,LFP_normal_vin_467_vin_467_discharge_1,normal,vin_467,1,0,610
train,LFP_normal_vin_467_vin_467_discharge_2,normal,vin_467,2,0,579
train,LFP_normal_vin_467_vin_467_discharge_3,normal,vin_467,3,0,668
train,LFP_normal_vin_467_vin_467_discharge_4,normal,vin_467,4,0,560
train,LFP_normal_vin_467_vin_467_discharge_5,normal,vin_467,5,0,770
train,LFP_normal_vin_467_vin_467_discharge_6,normal,vin_467,6,0,795
train,LFP_normal_vin_467_vin_467_discharge_7,normal,vin_467,7,0,651
train,LFP_normal_vin_467_vin_467_discharge_8,normal,vin_467,8,0,535
train,LFP_normal_vin_467_vin_467_discharge_9,normal,vin_467,9,0,626
train,LFP_normal_vin_467_vin_467_discharge_10,normal,vin_467,10,0,661
train,LFP_normal_vin_470_vin_470_discharge_1,normal,vin_470,1,0,504
train,LFP_normal_vin_470_vin_470_discharge_2,normal,vin_470,2,0,907
train,LFP_normal_vin_470_vin_470_discharge_3,normal,vin_470,3,0,577
train,LFP_normal_vin_470_vin_470_discharge_4,normal,vin_470,4,0,570
train,LFP_normal_vin_470_vin_470_discharge_5,normal,vin_470,5,0,710
train,LFP_normal_vin_470_vin_470_discharge_6,normal,vin_470,6,0,615
train,LFP_normal_vin_470_vin_470_discharge_7,normal,vin_470,7,0,1054
train,LFP_normal_vin_470_vin_470_discharge_8,normal,vin_470,8,0,662
train,LFP_normal_vin_470_vin_470_discharge_9,normal,vin_470,9,0,655
train,LFP_normal_vin_470_vin_470_discharge_10,normal,vin_470,10,0,660
train,LFP_normal_vin_471_vin_471_discharge_1,normal,vin_471,1,0,529
train,LFP_normal_vin_471_vin_471_discharge_2,normal,vin_471,2,0,496
train,LFP_normal_vin_471_vin_471_discharge_3,normal,vin_471,3,0,564
train,LFP_normal_vin_471_vin_471_discharge_4,normal,vin_471,4,0,802
train,LFP_normal_vin_471_vin_471_discharge_5,normal,vin_471,5,0,509
train,LFP_normal_vin_471_vin_471_discharge_6,normal,vin_471,6,0,706
train,LFP_normal_vin_471_vin_471_discharge_7,normal,vin_471,7,0,604
train,LFP_normal_vin_471_vin_471_discharge_8,normal,vin_471,8,0,540
train,LFP_normal_vin_471_vin_471_discharge_9,normal,vin_471,9,0,779
train,LFP_normal_vin_471_vin_471_discharge_10,normal,vin_471,10,0,634
train,LFP_normal_vin_473_vin_473_discharge_1,normal,vin_473,1,0,534
train,LFP_normal_vin_473_vin_473_discharge_2,normal,vin_473,2,0,577
train,LFP_normal_vin_473_vin_473_discharge_3,normal,vin_473,3,0,497
train,LFP_normal_vin_473_vin_473_discharge_4,normal,vin_473,4,0,593
train,LFP_normal_vin_473_vin_473_discharge_5,normal,vin_473,5,0,520
train,LFP_normal_vin_473_vin_473_discharge_6,normal,vin_473,6,0,531
train,LFP_normal_vin_473_vin_473_discharge_7,normal,vin_473,7,0,541
train,LFP_normal_vin_473_vin_473_discharge_8,normal,vin_473,8,0,536
train,LFP_normal_vin_473_vin_473_discharge_9,normal,vin_473,9,0,656
train,LFP_normal_vin_473_vin_473_discharge_10,normal,vin_473,10,0,624
train,LFP_normal_vin_475_vin_475_discharge_1,normal,vin_475,1,0,634
train,LFP_normal_vin_475_vin_475_discharge_2,normal,vin_475,2,0,796
train,LFP_normal_vin_475_vin_475_discharge_3,normal,vin_475,3,0,533
train,LFP_normal_vin_475_vin_475_discharge_4,normal,vin_475,4,0,667
train,LFP_normal_vin_475_vin_475_discharge_5,normal,vin_475,5,0,636
train,LFP_normal_vin_475_vin_475_discharge_6,normal,vin_475,6,0,703
train,LFP_normal_vin_475_vin_475_discharge_7,normal,vin_475,7,0,702
train,LFP_normal_vin_475_vin_475_discharge_8,normal,vin_475,8,0,599
train,LFP_normal_vin_475_vin_475_discharge_9,normal,vin_475,9,0,533
train,LFP_normal_vin_475_vin_475_discharge_10,normal,vin_475,10,0,519
train,LFP_normal_vin_476_vin_476_discharge_1,normal,vin_476,1,0,672
train,LFP_normal_vin_476_vin_476_discharge_2,normal,vin_476,2,0,574
train,LFP_normal_vin_476_vin_476_discharge_3,normal,vin_476,3,0,724
train,LFP_normal_vin_476_vin_476_discharge_4,normal,vin_476,4,0,582
train,LFP_normal_vin_476_vin_476_discharge_5,normal,vin_476,5,0,820
train,LFP_normal_vin_476_vin_476_discharge_6,normal,vin_476,6,0,608
train,LFP_normal_vin_476_vin_476_discharge_7,normal,vin_476,7,0,557
train,LFP_normal_vin_476_vin_476_discharge_8,normal,vin_476,8,0,618
train,LFP_normal_vin_476_vin_476_discharge_9,normal,vin_476,9,0,653
train,LFP_normal_vin_476_vin_476_discharge_10,normal,vin_476,10,0,520
train,LFP_normal_vin_478_vin_478_discharge_1,normal,vin_478,1,0,757
train,LFP_normal_vin_478_vin_478_discharge_2,normal,vin_478,2,0,561
train,LFP_normal_vin_478_vin_478_discharge_3,normal,vin_478,3,0,578
train,LFP_normal_vin_478_vin_478_discharge_4,normal,vin_478,4,0,595
train,LFP_normal_vin_478_vin_478_discharge_5,normal,vin_478,5,0,948
train,LFP_normal_vin_478_vin_478_discharge_6,normal,vin_478,6,0,558
train,LFP_normal_vin_478_vin_478_discharge_7,normal,vin_478,7,0,612
train,LFP_normal_vin_478_vin_478_discharge_8,normal,vin_478,8,0,577
train,LFP_normal_vin_478_vin_478_discharge_9,normal,vin_478,9,0,573
train,LFP_normal_vin_478_vin_478_discharge_10,normal,vin_478,10,0,561
train,LFP_normal_vin_479_vin_479_discharge_1,normal,vin_479,1,0,526
train,LFP_normal_vin_479_vin_479_discharge_2,normal,vin_479,2,0,666
train,LFP_normal_vin_479_vin_479_discharge_3,normal,vin_479,3,0,658
train,LFP_normal_vin_479_vin_479_discharge_4,normal,vin_479,4,0,655
train,LFP_normal_vin_479_vin_479_discharge_5,normal,vin_479,5,0,553
train,LFP_normal_vin_479_vin_479_discharge_6,normal,vin_479,6,0,614
train,LFP_normal_vin_479_vin_479_discharge_7,normal,vin_479,7,0,696
train,LFP_normal_vin_479_vin_479_discharge_8,normal,vin_479,8,0,926
train,LFP_normal_vin_479_vin_479_discharge_9,normal,vin_479,9,0,717
train,LFP_normal_vin_479_vin_479_discharge_10,normal,vin_479,10,0,537
train,LFP_normal_vin_480_vin_480_discharge_1,normal,vin_480,1,0,525
train,LFP_normal_vin_480_vin_480_discharge_2,normal,vin_480,2,0,919
train,LFP_normal_vin_480_vin_480_discharge_3,normal,vin_480,3,0,725
train,LFP_normal_vin_480_vin_480_discharge_4,normal,vin_480,4,0,719
train,LFP_normal_vin_480_vin_480_discharge_5,normal,vin_480,5,0,669
train,LFP_normal_vin_480_vin_480_discharge_6,normal,vin_480,6,0,823
train,LFP_normal_vin_480_vin_480_discharge_7,normal,vin_480,7,0,880
train,LFP_normal_vin_480_vin_480_discharge_8,normal,vin_480,8,0,515
train,LFP_normal_vin_480_vin_480_discharge_9,normal,vin_480,9,0,549
train,LFP_normal_vin_480_vin_480_discharge_10,normal,vin_480,10,0,868
train,LFP_normal_vin_482_vin_482_discharge_1,normal,vin_482,1,0,530
train,LFP_normal_vin_482_vin_482_discharge_2,normal,vin_482,2,0,596
train,LFP_normal_vin_482_vin_482_discharge_3,normal,vin_482,3,0,547
train,LFP_normal_vin_482_vin_482_discharge_4,normal,vin_482,4,0,970
train,LFP_normal_vin_482_vin_482_discharge_5,normal,vin_482,5,0,693
train,LFP_normal_vin_482_vin_482_discharge_6,normal,vin_482,6,0,696
train,LFP_normal_vin_482_vin_482_discharge_7,normal,vin_482,7,0,599
train,LFP_normal_vin_482_vin_482_discharge_8,normal,vin_482,8,0,612
train,LFP_normal_vin_482_vin_482_discharge_9,normal,vin_482,9,0,701
train,LFP_normal_vin_482_vin_482_discharge_10,normal,vin_482,10,0,519
train,LFP_normal_vin_483_vin_483_discharge_1,normal,vin_483,1,0,511
train,LFP_normal_vin_483_vin_483_discharge_2,normal,vin_483,2,0,566
train,LFP_normal_vin_483_vin_483_discharge_3,normal,vin_483,3,0,652
train,LFP_normal_vin_483_vin_483_discharge_4,normal,vin_483,4,0,632
train,LFP_normal_vin_483_vin_483_discharge_5,normal,vin_483,5,0,632
train,LFP_normal_vin_483_vin_483_discharge_6,normal,vin_483,6,0,682
train,LFP_normal_vin_483_vin_483_discharge_7,normal,vin_483,7,0,622
train,LFP_normal_vin_483_vin_483_discharge_8,normal,vin_483,8,0,704
train,LFP_normal_vin_483_vin_483_discharge_9,normal,vin_483,9,0,562
train,LFP_normal_vin_483_vin_483_discharge_10,normal,vin_483,10,0,544
train,LFP_normal_vin_485_vin_485_discharge_1,normal,vin_485,1,0,611
train,LFP_normal_vin_485_vin_485_discharge_2,normal,vin_485,2,0,686
train,LFP_normal_vin_485_vin_485_discharge_3,normal,vin_485,3,0,728
train,LFP_normal_vin_485_vin_485_discharge_4,normal,vin_485,4,0,605
train,LFP_normal_vin_485_vin_485_discharge_5,normal,vin_485,5,0,546
train,LFP_normal_vin_485_vin_485_discharge_6,normal,vin_485,6,0,793
train,LFP_normal_vin_485_vin_485_discharge_7,normal,vin_485,7,0,570
train,LFP_normal_vin_485_vin_485_discharge_8,normal,vin_485,8,0,662
train,LFP_normal_vin_485_vin_485_discharge_9,normal,vin_485,9,0,688
train,LFP_normal_vin_485_vin_485_discharge_10,normal,vin_485,10,0,595
train,LFP_normal_vin_486_vin_486_discharge_1,normal,vin_486,1,0,755
train,LFP_normal_vin_486_vin_486_discharge_2,normal,vin_486,2,0,614
train,LFP_normal_vin_486_vin_486_discharge_3,normal,vin_486,3,0,901
train,LFP_normal_vin_486_vin_486_discharge_4,normal,vin_486,4,0,594
train,LFP_normal_vin_486_vin_486_discharge_5,normal,vin_486,5,0,772
train,LFP_normal_vin_486_vin_486_discharge_6,normal,vin_486,6,0,956
train,LFP_normal_vin_486_vin_486_discharge_7,normal,vin_486,7,0,591
train,LFP_normal_vin_486_vin_486_discharge_8,normal,vin_486,8,0,535
train,LFP_normal_vin_486_vin_486_discharge_9,normal,vin_486,9,0,696
train,LFP_normal_vin_486_vin_486_discharge_10,normal,vin_486,10,0,676
train,LFP_normal_vin_487_vin_487_discharge_1,normal,vin_487,1,0,688
train,LFP_normal_vin_487_vin_487_discharge_2,normal,vin_487,2,0,925
train,LFP_normal_vin_487_vin_487_discharge_3,normal,vin_487,3,0,506
train,LFP_normal_vin_487_vin_487_discharge_4,normal,vin_487,4,0,642
train,LFP_normal_vin_487_vin_487_discharge_5,normal,vin_487,5,0,652
train,LFP_normal_vin_487_vin_487_discharge_6,normal,vin_487,6,0,598
train,LFP_normal_vin_487_vin_487_discharge_7,normal,vin_487,7,0,809
train,LFP_normal_vin_487_vin_487_discharge_8,normal,vin_487,8,0,645
train,LFP_normal_vin_487_vin_487_discharge_9,normal,vin_487,9,0,677
train,LFP_normal_vin_487_vin_487_discharge_10,normal,vin_487,10,0,744
train,LFP_normal_vin_488_vin_488_discharge_1,normal,vin_488,1,0,575
train,LFP_normal_vin_488_vin_488_discharge_2,normal,vin_488,2,0,588
train,LFP_normal_vin_488_vin_488_discharge_3,normal,vin_488,3,0,516
train,LFP_normal_vin_488_vin_488_discharge_4,normal,vin_488,4,0,547
train,LFP_normal_vin_488_vin_488_discharge_5,normal,vin_488,5,0,514
train,LFP_normal_vin_488_vin_488_discharge_6,normal,vin_488,6,0,560
train,LFP_normal_vin_488_vin_488_discharge_7,normal,vin_488,7,0,669
train,LFP_normal_vin_488_vin_488_discharge_8,normal,vin_488,8,0,607
train,LFP_normal_vin_488_vin_488_discharge_9,normal,vin_488,9,0,727
train,LFP_normal_vin_488_vin_488_discharge_10,normal,vin_488,10,0,697
train,LFP_normal_vin_489_vin_489_discharge_1,normal,vin_489,1,0,623
train,LFP_normal_vin_489_vin_489_discharge_2,normal,vin_489,2,0,749
train,LFP_normal_vin_489_vin_489_discharge_3,normal,vin_489,3,0,706
train,LFP_normal_vin_489_vin_489_discharge_4,normal,vin_489,4,0,744
train,LFP_normal_vin_489_vin_489_discharge_5,normal,vin_489,5,0,755
train,LFP_normal_vin_489_vin_489_discharge_6,normal,vin_489,6,0,544
train,LFP_normal_vin_489_vin_489_discharge_7,normal,vin_489,7,0,562
train,LFP_normal_vin_489_vin_489_discharge_8,normal,vin_489,8,0,1063
train,LFP_normal_vin_489_vin_489_discharge_9,normal,vin_489,9,0,578
train,LFP_normal_vin_489_vin_489_discharge_10,normal,vin_489,10,0,661
train,LFP_normal_vin_490_vin_490_discharge_1,normal,vin_490,1,0,621
train,LFP_normal_vin_490_vin_490_discharge_2,normal,vin_490,2,0,593
train,LFP_normal_vin_490_vin_490_discharge_3,normal,vin_490,3,0,748
train,LFP_normal_vin_490_vin_490_discharge_4,normal,vin_490,4,0,543
train,LFP_normal_vin_490_vin_490_discharge_5,normal,vin_490,5,0,586
train,LFP_normal_vin_490_vin_490_discharge_6,normal,vin_490,6,0,547
train,LFP_normal_vin_490_vin_490_discharge_7,normal,vin_490,7,0,726
train,LFP_normal_vin_490_vin_490_discharge_8,normal,vin_490,8,0,682
train,LFP_normal_vin_490_vin_490_discharge_9,normal,vin_490,9,0,567
train,LFP_normal_vin_490_vin_490_discharge_10,normal,vin_490,10,0,853
train,LFP_normal_vin_491_vin_491_discharge_1,normal,vin_491,1,0,816
train,LFP_normal_vin_491_vin_491_discharge_2,normal,vin_491,2,0,753
train,LFP_normal_vin_491_vin_491_discharge_3,normal,vin_491,3,0,518
train,LFP_normal_vin_491_vin_491_discharge_4,normal,vin_491,4,0,540
train,LFP_normal_vin_491_vin_491_discharge_5,normal,vin_491,5,0,707
train,LFP_normal_vin_491_vin_491_discharge_6,normal,vin_491,6,0,526
train,LFP_normal_vin_491_vin_491_discharge_7,normal,vin_491,7,0,588
train,LFP_normal_vin_491_vin_491_discharge_8,normal,vin_491,8,0,531
train,LFP_normal_vin_491_vin_491_discharge_9,normal,vin_491,9,0,622
train,LFP_normal_vin_491_vin_491_discharge_10,normal,vin_491,10,0,706
train,LFP_normal_vin_492_vin_492_discharge_1,normal,vin_492,1,0,666
train,LFP_normal_vin_492_vin_492_discharge_2,normal,vin_492,2,0,639
train,LFP_normal_vin_492_vin_492_discharge_3,normal,vin_492,3,0,631
train,LFP_normal_vin_492_vin_492_discharge_4,normal,vin_492,4,0,1062
train,LFP_normal_vin_492_vin_492_discharge_5,normal,vin_492,5,0,673
train,LFP_normal_vin_492_vin_492_discharge_6,normal,vin_492,6,0,525
train,LFP_normal_vin_492_vin_492_discharge_7,normal,vin_492,7,0,591
train,LFP_normal_vin_492_vin_492_discharge_8,normal,vin_492,8,0,478
train,LFP_normal_vin_492_vin_492_discharge_9,normal,vin_492,9,0,788
train,LFP_normal_vin_492_vin_492_discharge_10,normal,vin_492,10,0,770
train,LFP_normal_vin_493_vin_493_discharge_1,normal,vin_493,1,0,597
train,LFP_normal_vin_493_vin_493_discharge_2,normal,vin_493,2,0,501
train,LFP_normal_vin_493_vin_493_discharge_3,normal,vin_493,3,0,524
train,LFP_normal_vin_493_vin_493_discharge_4,normal,vin_493,4,0,970
train,LFP_normal_vin_493_vin_493_discharge_5,normal,vin_493,5,0,597
train,LFP_normal_vin_493_vin_493_discharge_6,normal,vin_493,6,0,619
train,LFP_normal_vin_493_vin_493_discharge_7,normal,vin_493,7,0,745
train,LFP_normal_vin_493_vin_493_discharge_8,normal,vin_493,8,0,516
train,LFP_normal_vin_493_vin_493_discharge_9,normal,vin_493,9,0,701
train,LFP_normal_vin_493_vin_493_discharge_10,normal,vin_493,10,0,615
train,LFP_normal_vin_494_vin_494_discharge_1,normal,vin_494,1,0,547
train,LFP_normal_vin_494_vin_494_discharge_2,normal,vin_494,2,0,236
train,LFP_normal_vin_494_vin_494_discharge_3,normal,vin_494,3,0,640
train,LFP_normal_vin_494_vin_494_discharge_4,normal,vin_494,4,0,515
train,LFP_normal_vin_494_vin_494_discharge_5,normal,vin_494,5,0,803
train,LFP_normal_vin_494_vin_494_discharge_6,normal,vin_494,6,0,712
train,LFP_normal_vin_494_vin_494_discharge_7,normal,vin_494,7,0,784
train,LFP_normal_vin_494_vin_494_discharge_8,normal,vin_494,8,0,680
train,LFP_normal_vin_494_vin_494_discharge_9,normal,vin_494,9,0,690
train,LFP_normal_vin_494_vin_494_discharge_10,normal,vin_494,10,0,697
train,LFP_normal_vin_495_vin_495_discharge_1,normal,vin_495,1,0,588
train,LFP_normal_vin_495_vin_495_discharge_2,normal,vin_495,2,0,790
train,LFP_normal_vin_495_vin_495_discharge_3,normal,vin_495,3,0,753
train,LFP_normal_vin_495_vin_495_discharge_4,normal,vin_495,4,0,717
train,LFP_normal_vin_495_vin_495_discharge_5,normal,vin_495,5,0,529
train,LFP_normal_vin_495_vin_495_discharge_6,normal,vin_495,6,0,623
train,LFP_normal_vin_495_vin_495_discharge_7,normal,vin_495,7,0,645
train,LFP_normal_vin_495_vin_495_discharge_8,normal,vin_495,8,0,935
train,LFP_normal_vin_495_vin_495_discharge_9,normal,vin_495,9,0,611
train,LFP_normal_vin_495_vin_495_discharge_10,normal,vin_495,10,0,657
train,LFP_normal_vin_496_vin_496_discharge_1,normal,vin_496,1,0,681
train,LFP_normal_vin_496_vin_496_discharge_2,normal,vin_496,2,0,703
train,LFP_normal_vin_496_vin_496_discharge_3,normal,vin_496,3,0,530
train,LFP_normal_vin_496_vin_496_discharge_4,normal,vin_496,4,0,537
train,LFP_normal_vin_496_vin_496_discharge_5,normal,vin_496,5,0,689
train,LFP_normal_vin_496_vin_496_discharge_6,normal,vin_496,6,0,738
train,LFP_normal_vin_496_vin_496_discharge_7,normal,vin_496,7,0,609
train,LFP_normal_vin_496_vin_496_discharge_8,normal,vin_496,8,0,724
train,LFP_normal_vin_496_vin_496_discharge_9,normal,vin_496,9,0,858
train,LFP_normal_vin_496_vin_496_discharge_10,normal,vin_496,10,0,690
train,LFP_normal_vin_497_vin_497_discharge_1,normal,vin_497,1,0,695
train,LFP_normal_vin_497_vin_497_discharge_2,normal,vin_497,2,0,593
train,LFP_normal_vin_497_vin_497_discharge_3,normal,vin_497,3,0,679
train,LFP_normal_vin_497_vin_497_discharge_4,normal,vin_497,4,0,757
train,LFP_normal_vin_497_vin_497_discharge_5,normal,vin_497,5,0,644
train,LFP_normal_vin_497_vin_497_discharge_6,normal,vin_497,6,0,690
train,LFP_normal_vin_497_vin_497_discharge_7,normal,vin_497,7,0,696
train,LFP_normal_vin_497_vin_497_discharge_8,normal,vin_497,8,0,559
train,LFP_normal_vin_497_vin_497_discharge_9,normal,vin_497,9,0,707
train,LFP_normal_vin_497_vin_497_discharge_10,normal,vin_497,10,0,550
train,LFP_normal_vin_498_vin_498_discharge_1,normal,vin_498,1,0,857
train,LFP_normal_vin_498_vin_498_discharge_2,normal,vin_498,2,0,516
train,LFP_normal_vin_498_vin_498_discharge_3,normal,vin_498,3,0,514
train,LFP_normal_vin_498_vin_498_discharge_4,normal,vin_498,4,0,935
train,LFP_normal_vin_498_vin_498_discharge_5,normal,vin_498,5,0,580
train,LFP_normal_vin_498_vin_498_discharge_6,normal,vin_498,6,0,618
train,LFP_normal_vin_498_vin_498_discharge_7,normal,vin_498,7,0,542
train,LFP_normal_vin_498_vin_498_discharge_8,normal,vin_498,8,0,596
train,LFP_normal_vin_498_vin_498_discharge_9,normal,vin_498,9,0,728
train,LFP_normal_vin_498_vin_498_discharge_10,normal,vin_498,10,0,653
train,LFP_normal_vin_500_vin_500_discharge_1,normal,vin_500,1,0,642
train,LFP_normal_vin_500_vin_500_discharge_2,normal,vin_500,2,0,827
train,LFP_normal_vin_500_vin_500_discharge_3,normal,vin_500,3,0,678
train,LFP_normal_vin_500_vin_500_discharge_4,normal,vin_500,4,0,639
train,LFP_normal_vin_500_vin_500_discharge_5,normal,vin_500,5,0,854
train,LFP_normal_vin_500_vin_500_discharge_6,normal,vin_500,6,0,569
train,LFP_normal_vin_500_vin_500_discharge_7,normal,vin_500,7,0,627
train,LFP_normal_vin_500_vin_500_discharge_8,normal,vin_500,8,0,696
train,LFP_normal_vin_500_vin_500_discharge_9,normal,vin_500,9,0,595
train,LFP_normal_vin_500_vin_500_discharge_10,normal,vin_500,10,0,576
test,LFP_normal_vin_101_vin_101_discharge_1,normal,vin_101,1,0,999
test,LFP_normal_vin_101_vin_101_discharge_2,normal,vin_101,2,0,714
test,LFP_normal_vin_101_vin_101_discharge_3,normal,vin_101,3,0,540
test,LFP_normal_vin_101_vin_101_discharge_4,normal,vin_101,4,0,637
test,LFP_normal_vin_101_vin_101_discharge_5,normal,vin_101,5,0,535
test,LFP_normal_vin_101_vin_101_discharge_6,normal,vin_101,6,0,532
test,LFP_normal_vin_101_vin_101_discharge_7,normal,vin_101,7,0,690
test,LFP_normal_vin_101_vin_101_discharge_8,normal,vin_101,8,0,686
test,LFP_normal_vin_101_vin_101_discharge_9,normal,vin_101,9,0,589
test,LFP_normal_vin_101_vin_101_discharge_10,normal,vin_101,10,0,594
test,LFP_normal_vin_111_vin_111_discharge_1,normal,vin_111,1,0,768
test,LFP_normal_vin_111_vin_111_discharge_2,normal,vin_111,2,0,772
test,LFP_normal_vin_111_vin_111_discharge_3,normal,vin_111,3,0,704
test,LFP_normal_vin_111_vin_111_discharge_4,normal,vin_111,4,0,538
test,LFP_normal_vin_111_vin_111_discharge_5,normal,vin_111,5,0,662
test,LFP_normal_vin_111_vin_111_discharge_6,normal,vin_111,6,0,687
test,LFP_normal_vin_111_vin_111_discharge_7,normal,vin_111,7,0,783
test,LFP_normal_vin_111_vin_111_discharge_8,normal,vin_111,8,0,706
test,LFP_normal_vin_111_vin_111_discharge_9,normal,vin_111,9,0,602
test,LFP_normal_vin_111_vin_111_discharge_10,normal,vin_111,10,0,898
test,LFP_normal_vin_129_vin_129_discharge_1,normal,vin_129,1,0,578
test,LFP_normal_vin_129_vin_129_discharge_2,normal,vin_129,2,0,711
test,LFP_normal_vin_129_vin_129_discharge_3,normal,vin_129,3,0,753
test,LFP_normal_vin_129_vin_129_discharge_4,normal,vin_129,4,0,591
test,LFP_normal_vin_129_vin_129_discharge_5,normal,vin_129,5,0,762
test,LFP_normal_vin_129_vin_129_discharge_6,normal,vin_129,6,0,838
test,LFP_normal_vin_129_vin_129_discharge_7,normal,vin_129,7,0,722
test,LFP_normal_vin_129_vin_129_discharge_8,normal,vin_129,8,0,787
test,LFP_normal_vin_129_vin_129_discharge_9,normal,vin_129,9,0,725
test,LFP_normal_vin_129_vin_129_discharge_10,normal,vin_129,10,0,532
test,LFP_normal_vin_130_vin_130_discharge_1,normal,vin_130,1,0,577
test,LFP_normal_vin_130_vin_130_discharge_2,normal,vin_130,2,0,633
test,LFP_normal_vin_130_vin_130_discharge_3,normal,vin_130,3,0,723
test,LFP_normal_vin_130_vin_130_discharge_4,normal,vin_130,4,0,517
test,LFP_normal_vin_130_vin_130_discharge_5,normal,vin_130,5,0,579
test,LFP_normal_vin_130_vin_130_discharge_6,normal,vin_130,6,0,569
test,LFP_normal_vin_130_vin_130_discharge_7,normal,vin_130,7,0,548
test,LFP_normal_vin_130_vin_130_discharge_8,normal,vin_130,8,0,863
test,LFP_normal_vin_130_vin_130_discharge_9,normal,vin_130,9,0,868
test,LFP_normal_vin_130_vin_130_discharge_10,normal,vin_130,10,0,835
test,LFP_normal_vin_132_vin_132_discharge_1,normal,vin_132,1,0,792
test,LFP_normal_vin_132_vin_132_discharge_2,normal,vin_132,2,0,673
test,LFP_normal_vin_132_vin_132_discharge_3,normal,vin_132,3,0,672
test,LFP_normal_vin_132_vin_132_discharge_4,normal,vin_132,4,0,790
test,LFP_normal_vin_132_vin_132_discharge_5,normal,vin_132,5,0,733
test,LFP_normal_vin_132_vin_132_discharge_6,normal,vin_132,6,0,584
test,LFP_normal_vin_132_vin_132_discharge_7,normal,vin_132,7,0,600
test,LFP_normal_vin_132_vin_132_discharge_8,normal,vin_132,8,0,567
test,LFP_normal_vin_132_vin_132_discharge_9,normal,vin_132,9,0,743
test,LFP_normal_vin_132_vin_132_discharge_10,normal,vin_132,10,0,825
test,LFP_normal_vin_146_vin_146_discharge_1,normal,vin_146,1,0,710
test,LFP_normal_vin_146_vin_146_discharge_2,normal,vin_146,2,0,534
test,LFP_normal_vin_146_vin_146_discharge_3,normal,vin_146,3,0,627
test,LFP_normal_vin_146_vin_146_discharge_4,normal,vin_146,4,0,745
test,LFP_normal_vin_146_vin_146_discharge_5,normal,vin_146,5,0,496
test,LFP_normal_vin_146_vin_146_discharge_6,normal,vin_146,6,0,727
test,LFP_normal_vin_146_vin_146_discharge_7,normal,vin_146,7,0,624
test,LFP_normal_vin_146_vin_146_discharge_8,normal,vin_146,8,0,687
test,LFP_normal_vin_146_vin_146_discharge_9,normal,vin_146,9,0,527
test,LFP_normal_vin_146_vin_146_discharge_10,normal,vin_146,10,0,861
test,LFP_normal_vin_154_vin_154_discharge_1,normal,vin_154,1,0,838
test,LFP_normal_vin_154_vin_154_discharge_2,normal,vin_154,2,0,594
test,LFP_normal_vin_154_vin_154_discharge_3,normal,vin_154,3,0,645
test,LFP_normal_vin_154_vin_154_discharge_4,normal,vin_154,4,0,523
test,LFP_normal_vin_154_vin_154_discharge_5,normal,vin_154,5,0,642
test,LFP_normal_vin_154_vin_154_discharge_6,normal,vin_154,6,0,590
test,LFP_normal_vin_154_vin_154_discharge_7,normal,vin_154,7,0,558
test,LFP_normal_vin_154_vin_154_discharge_8,normal,vin_154,8,0,811
test,LFP_normal_vin_154_vin_154_discharge_9,normal,vin_154,9,0,605
test,LFP_normal_vin_154_vin_154_discharge_10,normal,vin_154,10,0,621
test,LFP_normal_vin_157_vin_157_discharge_1,normal,vin_157,1,0,647
test,LFP_normal_vin_157_vin_157_discharge_2,normal,vin_157,2,0,515
test,LFP_normal_vin_157_vin_157_discharge_3,normal,vin_157,3,0,616
test,LFP_normal_vin_157_vin_157_discharge_4,normal,vin_157,4,0,646
test,LFP_normal_vin_157_vin_157_discharge_5,normal,vin_157,5,0,627
test,LFP_normal_vin_157_vin_157_discharge_6,normal,vin_157,6,0,642
test,LFP_normal_vin_157_vin_157_discharge_7,normal,vin_157,7,0,556
test,LFP_normal_vin_157_vin_157_discharge_8,normal,vin_157,8,0,625
test,LFP_normal_vin_157_vin_157_discharge_9,normal,vin_157,9,0,538
test,LFP_normal_vin_157_vin_157_discharge_10,normal,vin_157,10,0,611
test,LFP_normal_vin_166_vin_166_discharge_1,normal,vin_166,1,0,897
test,LFP_normal_vin_166_vin_166_discharge_2,normal,vin_166,2,0,1007
test,LFP_normal_vin_166_vin_166_discharge_3,normal,vin_166,3,0,576
test,LFP_normal_vin_166_vin_166_discharge_4,normal,vin_166,4,0,517
test,LFP_normal_vin_166_vin_166_discharge_5,normal,vin_166,5,0,608
test,LFP_normal_vin_166_vin_166_discharge_6,normal,vin_166,6,0,589
test,LFP_normal_vin_166_vin_166_discharge_7,normal,vin_166,7,0,701
test,LFP_normal_vin_166_vin_166_discharge_8,normal,vin_166,8,0,649
test,LFP_normal_vin_166_vin_166_discharge_9,normal,vin_166,9,0,735
test,LFP_normal_vin_166_vin_166_discharge_10,normal,vin_166,10,0,632
test,LFP_normal_vin_178_vin_178_discharge_1,normal,vin_178,1,0,664
test,LFP_normal_vin_178_vin_178_discharge_2,normal,vin_178,2,0,502
test,LFP_normal_vin_178_vin_178_discharge_3,normal,vin_178,3,0,705
test,LFP_normal_vin_178_vin_178_discharge_4,normal,vin_178,4,0,618
test,LFP_normal_vin_178_vin_178_discharge_5,normal,vin_178,5,0,563
test,LFP_normal_vin_178_vin_178_discharge_6,normal,vin_178,6,0,861
test,LFP_normal_vin_178_vin_178_discharge_7,normal,vin_178,7,0,562
test,LFP_normal_vin_178_vin_178_discharge_8,normal,vin_178,8,0,679
test,LFP_normal_vin_178_vin_178_discharge_9,normal,vin_178,9,0,559
test,LFP_normal_vin_178_vin_178_discharge_10,normal,vin_178,10,0,602
test,LFP_normal_vin_184_vin_184_discharge_1,normal,vin_184,1,0,867
test,LFP_normal_vin_184_vin_184_discharge_2,normal,vin_184,2,0,547
test,LFP_normal_vin_184_vin_184_discharge_3,normal,vin_184,3,0,821
test,LFP_normal_vin_184_vin_184_discharge_4,normal,vin_184,4,0,684
test,LFP_normal_vin_184_vin_184_discharge_5,normal,vin_184,5,0,643
test,LFP_normal_vin_184_vin_184_discharge_6,normal,vin_184,6,0,576
test,LFP_normal_vin_184_vin_184_discharge_7,normal,vin_184,7,0,543
test,LFP_normal_vin_184_vin_184_discharge_8,normal,vin_184,8,0,774
test,LFP_normal_vin_184_vin_184_discharge_9,normal,vin_184,9,0,834
test,LFP_normal_vin_184_vin_184_discharge_10,normal,vin_184,10,0,888
test,LFP_normal_vin_189_vin_189_discharge_1,normal,vin_189,1,0,687
test,LFP_normal_vin_189_vin_189_discharge_2,normal,vin_189,2,0,729
test,LFP_normal_vin_189_vin_189_discharge_3,normal,vin_189,3,0,708
test,LFP_normal_vin_189_vin_189_discharge_4,normal,vin_189,4,0,770
test,LFP_normal_vin_189_vin_189_discharge_5,normal,vin_189,5,0,584
test,LFP_normal_vin_189_vin_189_discharge_6,normal,vin_189,6,0,804
test,LFP_normal_vin_189_vin_189_discharge_7,normal,vin_189,7,0,754
test,LFP_normal_vin_189_vin_189_discharge_8,normal,vin_189,8,0,623
test,LFP_normal_vin_189_vin_189_discharge_9,normal,vin_189,9,0,572
test,LFP_normal_vin_189_vin_189_discharge_10,normal,vin_189,10,0,596
test,LFP_normal_vin_198_vin_198_discharge_1,normal,vin_198,1,0,568
test,LFP_normal_vin_198_vin_198_discharge_2,normal,vin_198,2,0,602
test,LFP_normal_vin_198_vin_198_discharge_3,normal,vin_198,3,0,579
test,LFP_normal_vin_198_vin_198_discharge_4,normal,vin_198,4,0,675
test,LFP_normal_vin_198_vin_198_discharge_5,normal,vin_198,5,0,806
test,LFP_normal_vin_198_vin_198_discharge_6,normal,vin_198,6,0,601
test,LFP_normal_vin_198_vin_198_discharge_7,normal,vin_198,7,0,764
test,LFP_normal_vin_198_vin_198_discharge_8,normal,vin_198,8,0,601
test,LFP_normal_vin_198_vin_198_discharge_9,normal,vin_198,9,0,587
test,LFP_normal_vin_198_vin_198_discharge_10,normal,vin_198,10,0,781
test,LFP_normal_vin_200_vin_200_discharge_1,normal,vin_200,1,0,598
test,LFP_normal_vin_200_vin_200_discharge_2,normal,vin_200,2,0,558
test,LFP_normal_vin_200_vin_200_discharge_3,normal,vin_200,3,0,543
test,LFP_normal_vin_200_vin_200_discharge_4,normal,vin_200,4,0,509
test,LFP_normal_vin_200_vin_200_discharge_5,normal,vin_200,5,0,538
test,LFP_normal_vin_200_vin_200_discharge_6,normal,vin_200,6,0,629
test,LFP_normal_vin_200_vin_200_discharge_7,normal,vin_200,7,0,927
test,LFP_normal_vin_200_vin_200_discharge_8,normal,vin_200,8,0,654
test,LFP_normal_vin_200_vin_200_discharge_9,normal,vin_200,9,0,511
test,LFP_normal_vin_200_vin_200_discharge_10,normal,vin_200,10,0,706
test,LFP_normal_vin_205_vin_205_discharge_1,normal,vin_205,1,0,693
test,LFP_normal_vin_205_vin_205_discharge_2,normal,vin_205,2,0,668
test,LFP_normal_vin_205_vin_205_discharge_3,normal,vin_205,3,0,548
test,LFP_normal_vin_205_vin_205_discharge_4,normal,vin_205,4,0,589
test,LFP_normal_vin_205_vin_205_discharge_5,normal,vin_205,5,0,691
test,LFP_normal_vin_205_vin_205_discharge_6,normal,vin_205,6,0,576
test,LFP_normal_vin_205_vin_205_discharge_7,normal,vin_205,7,0,624
test,LFP_normal_vin_205_vin_205_discharge_8,normal,vin_205,8,0,630
test,LFP_normal_vin_205_vin_205_discharge_9,normal,vin_205,9,0,629
test,LFP_normal_vin_205_vin_205_discharge_10,normal,vin_205,10,0,547
test,LFP_normal_vin_227_vin_227_discharge_1,normal,vin_227,1,0,945
test,LFP_normal_vin_227_vin_227_discharge_2,normal,vin_227,2,0,634
test,LFP_normal_vin_227_vin_227_discharge_3,normal,vin_227,3,0,515
test,LFP_normal_vin_227_vin_227_discharge_4,normal,vin_227,4,0,525
test,LFP_normal_vin_227_vin_227_discharge_5,normal,vin_227,5,0,568
test,LFP_normal_vin_227_vin_227_discharge_6,normal,vin_227,6,0,755
test,LFP_normal_vin_227_vin_227_discharge_7,normal,vin_227,7,0,601
test,LFP_normal_vin_227_vin_227_discharge_8,normal,vin_227,8,0,745
test,LFP_normal_vin_227_vin_227_discharge_9,normal,vin_227,9,0,579
test,LFP_normal_vin_227_vin_227_discharge_10,normal,vin_227,10,0,644
test,LFP_normal_vin_231_vin_231_discharge_1,normal,vin_231,1,0,692
test,LFP_normal_vin_231_vin_231_discharge_2,normal,vin_231,2,0,559
test,LFP_normal_vin_231_vin_231_discharge_3,normal,vin_231,3,0,724
test,LFP_normal_vin_231_vin_231_discharge_4,normal,vin_231,4,0,635
test,LFP_normal_vin_231_vin_231_discharge_5,normal,vin_231,5,0,550
test,LFP_normal_vin_231_vin_231_discharge_6,normal,vin_231,6,0,683
test,LFP_normal_vin_231_vin_231_discharge_7,normal,vin_231,7,0,676
test,LFP_normal_vin_231_vin_231_discharge_8,normal,vin_231,8,0,526
test,LFP_normal_vin_231_vin_231_discharge_9,normal,vin_231,9,0,575
test,LFP_normal_vin_231_vin_231_discharge_10,normal,vin_231,10,0,527
test,LFP_normal_vin_232_vin_232_discharge_1,normal,vin_232,1,0,864
test,LFP_normal_vin_232_vin_232_discharge_2,normal,vin_232,2,0,559
test,LFP_normal_vin_232_vin_232_discharge_3,normal,vin_232,3,0,723
test,LFP_normal_vin_232_vin_232_discharge_4,normal,vin_232,4,0,830
test,LFP_normal_vin_232_vin_232_discharge_5,normal,vin_232,5,0,773
test,LFP_normal_vin_232_vin_232_discharge_6,normal,vin_232,6,0,518
test,LFP_normal_vin_232_vin_232_discharge_7,normal,vin_232,7,0,543
test,LFP_normal_vin_232_vin_232_discharge_8,normal,vin_232,8,0,856
test,LFP_normal_vin_232_vin_232_discharge_9,normal,vin_232,9,0,531
test,LFP_normal_vin_232_vin_232_discharge_10,normal,vin_232,10,0,633
test,LFP_normal_vin_249_vin_249_discharge_1,normal,vin_249,1,0,534
test,LFP_normal_vin_249_vin_249_discharge_2,normal,vin_249,2,0,640
test,LFP_normal_vin_249_vin_249_discharge_3,normal,vin_249,3,0,496
test,LFP_normal_vin_249_vin_249_discharge_4,normal,vin_249,4,0,513
test,LFP_normal_vin_249_vin_249_discharge_5,normal,vin_249,5,0,887
test,LFP_normal_vin_249_vin_249_discharge_6,normal,vin_249,6,0,517
test,LFP_normal_vin_249_vin_249_discharge_7,normal,vin_249,7,0,651
test,LFP_normal_vin_249_vin_249_discharge_8,normal,vin_249,8,0,658
test,LFP_normal_vin_249_vin_249_discharge_9,normal,vin_249,9,0,670
test,LFP_normal_vin_249_vin_249_discharge_10,normal,vin_249,10,0,540
test,LFP_normal_vin_252_vin_252_discharge_1,normal,vin_252,1,0,759
test,LFP_normal_vin_252_vin_252_discharge_2,normal,vin_252,2,0,681
test,LFP_normal_vin_252_vin_252_discharge_3,normal,vin_252,3,0,712
test,LFP_normal_vin_252_vin_252_discharge_4,normal,vin_252,4,0,544
test,LFP_normal_vin_252_vin_252_discharge_5,normal,vin_252,5,0,526
test,LFP_normal_vin_252_vin_252_discharge_6,normal,vin_252,6,0,750
test,LFP_normal_vin_252_vin_252_discharge_7,normal,vin_252,7,0,591
test,LFP_normal_vin_252_vin_252_discharge_8,normal,vin_252,8,0,566
test,LFP_normal_vin_252_vin_252_discharge_9,normal,vin_252,9,0,600
test,LFP_normal_vin_252_vin_252_discharge_10,normal,vin_252,10,0,682
test,LFP_normal_vin_254_vin_254_discharge_1,normal,vin_254,1,0,716
test,LFP_normal_vin_254_vin_254_discharge_2,normal,vin_254,2,0,521
test,LFP_normal_vin_254_vin_254_discharge_3,normal,vin_254,3,0,602
test,LFP_normal_vin_254_vin_254_discharge_4,normal,vin_254,4,0,633
test,LFP_normal_vin_254_vin_254_discharge_5,normal,vin_254,5,0,603
test,LFP_normal_vin_254_vin_254_discharge_6,normal,vin_254,6,0,634
test,LFP_normal_vin_254_vin_254_discharge_7,normal,vin_254,7,0,527
test,LFP_normal_vin_254_vin_254_discharge_8,normal,vin_254,8,0,605
test,LFP_normal_vin_254_vin_254_discharge_9,normal,vin_254,9,0,518
test,LFP_normal_vin_254_vin_254_discharge_10,normal,vin_254,10,0,624
test,LFP_normal_vin_255_vin_255_discharge_1,normal,vin_255,1,0,596
test,LFP_normal_vin_255_vin_255_discharge_2,normal,vin_255,2,0,578
test,LFP_normal_vin_255_vin_255_discharge_3,normal,vin_255,3,0,622
test,LFP_normal_vin_255_vin_255_discharge_4,normal,vin_255,4,0,575
test,LFP_normal_vin_255_vin_255_discharge_5,normal,vin_255,5,0,599
test,LFP_normal_vin_255_vin_255_discharge_6,normal,vin_255,6,0,550
test,LFP_normal_vin_255_vin_255_discharge_7,normal,vin_255,7,0,528
test,LFP_normal_vin_255_vin_255_discharge_8,normal,vin_255,8,0,585
test,LFP_normal_vin_255_vin_255_discharge_9,normal,vin_255,9,0,662
test,LFP_normal_vin_255_vin_255_discharge_10,normal,vin_255,10,0,535
test,LFP_normal_vin_256_vin_256_discharge_1,normal,vin_256,1,0,798
test,LFP_normal_vin_256_vin_256_discharge_2,normal,vin_256,2,0,688
test,LFP_normal_vin_256_vin_256_discharge_3,normal,vin_256,3,0,640
test,LFP_normal_vin_256_vin_256_discharge_4,normal,vin_256,4,0,567
test,LFP_normal_vin_256_vin_256_discharge_5,normal,vin_256,5,0,582
test,LFP_normal_vin_256_vin_256_discharge_6,normal,vin_256,6,0,617
test,LFP_normal_vin_256_vin_256_discharge_7,normal,vin_256,7,0,672
test,LFP_normal_vin_256_vin_256_discharge_8,normal,vin_256,8,0,502
test,LFP_normal_vin_256_vin_256_discharge_9,normal,vin_256,9,0,837
test,LFP_normal_vin_256_vin_256_discharge_10,normal,vin_256,10,0,555
test,LFP_normal_vin_261_vin_261_discharge_1,normal,vin_261,1,0,655
test,LFP_normal_vin_261_vin_261_discharge_2,normal,vin_261,2,0,557
test,LFP_normal_vin_261_vin_261_discharge_3,normal,vin_261,3,0,734
test,LFP_normal_vin_261_vin_261_discharge_4,normal,vin_261,4,0,791
test,LFP_normal_vin_261_vin_261_discharge_5,normal,vin_261,5,0,517
test,LFP_normal_vin_261_vin_261_discharge_6,normal,vin_261,6,0,587
test,LFP_normal_vin_261_vin_261_discharge_7,normal,vin_261,7,0,784
test,LFP_normal_vin_261_vin_261_discharge_8,normal,vin_261,8,0,728
test,LFP_normal_vin_261_vin_261_discharge_9,normal,vin_261,9,0,684
test,LFP_normal_vin_261_vin_261_discharge_10,normal,vin_261,10,0,846
test,LFP_normal_vin_272_vin_272_discharge_1,normal,vin_272,1,0,549
test,LFP_normal_vin_272_vin_272_discharge_2,normal,vin_272,2,0,802
test,LFP_normal_vin_272_vin_272_discharge_3,normal,vin_272,3,0,627
test,LFP_normal_vin_272_vin_272_discharge_4,normal,vin_272,4,0,495
test,LFP_normal_vin_272_vin_272_discharge_5,normal,vin_272,5,0,535
test,LFP_normal_vin_272_vin_272_discharge_6,normal,vin_272,6,0,517
test,LFP_normal_vin_272_vin_272_discharge_7,normal,vin_272,7,0,644
test,LFP_normal_vin_272_vin_272_discharge_8,normal,vin_272,8,0,546
test,LFP_normal_vin_272_vin_272_discharge_9,normal,vin_272,9,0,817
test,LFP_normal_vin_272_vin_272_discharge_10,normal,vin_272,10,0,560
test,LFP_normal_vin_277_vin_277_discharge_1,normal,vin_277,1,0,684
test,LFP_normal_vin_277_vin_277_discharge_2,normal,vin_277,2,0,689
test,LFP_normal_vin_277_vin_277_discharge_3,normal,vin_277,3,0,697
test,LFP_normal_vin_277_vin_277_discharge_4,normal,vin_277,4,0,752
test,LFP_normal_vin_277_vin_277_discharge_5,normal,vin_277,5,0,720
test,LFP_normal_vin_277_vin_277_discharge_6,normal,vin_277,6,0,485
test,LFP_normal_vin_277_vin_277_discharge_7,normal,vin_277,7,0,506
test,LFP_normal_vin_277_vin_277_discharge_8,normal,vin_277,8,0,590
test,LFP_normal_vin_277_vin_277_discharge_9,normal,vin_277,9,0,583
test,LFP_normal_vin_277_vin_277_discharge_10,normal,vin_277,10,0,621
test,LFP_normal_vin_285_vin_285_discharge_1,normal,vin_285,1,0,685
test,LFP_normal_vin_285_vin_285_discharge_2,normal,vin_285,2,0,759
test,LFP_normal_vin_285_vin_285_discharge_3,normal,vin_285,3,0,870
test,LFP_normal_vin_285_vin_285_discharge_4,normal,vin_285,4,0,552
test,LFP_normal_vin_285_vin_285_discharge_5,normal,vin_285,5,0,620
test,LFP_normal_vin_285_vin_285_discharge_6,normal,vin_285,6,0,535
test,LFP_normal_vin_285_vin_285_discharge_7,normal,vin_285,7,0,537
test,LFP_normal_vin_285_vin_285_discharge_8,normal,vin_285,8,0,562
test,LFP_normal_vin_285_vin_285_discharge_9,normal,vin_285,9,0,668
test,LFP_normal_vin_285_vin_285_discharge_10,normal,vin_285,10,0,608
test,LFP_normal_vin_288_vin_288_discharge_1,normal,vin_288,1,0,597
test,LFP_normal_vin_288_vin_288_discharge_2,normal,vin_288,2,0,864
test,LFP_normal_vin_288_vin_288_discharge_3,normal,vin_288,3,0,704
test,LFP_normal_vin_288_vin_288_discharge_4,normal,vin_288,4,0,598
test,LFP_normal_vin_288_vin_288_discharge_5,normal,vin_288,5,0,508
test,LFP_normal_vin_288_vin_288_discharge_6,normal,vin_288,6,0,548
test,LFP_normal_vin_288_vin_288_discharge_7,normal,vin_288,7,0,559
test,LFP_normal_vin_288_vin_288_discharge_8,normal,vin_288,8,0,675
test,LFP_normal_vin_288_vin_288_discharge_9,normal,vin_288,9,0,636
test,LFP_normal_vin_288_vin_288_discharge_10,normal,vin_288,10,0,566
test,LFP_normal_vin_289_vin_289_discharge_1,normal,vin_289,1,0,721
test,LFP_normal_vin_289_vin_289_discharge_2,normal,vin_289,2,0,500
test,LFP_normal_vin_289_vin_289_discharge_3,normal,vin_289,3,0,539
test,LFP_normal_vin_289_vin_289_discharge_4,normal,vin_289,4,0,493
test,LFP_normal_vin_289_vin_289_discharge_5,normal,vin_289,5,0,567
test,LFP_normal_vin_289_vin_289_discharge_6,normal,vin_289,6,0,667
test,LFP_normal_vin_289_vin_289_discharge_7,normal,vin_289,7,0,576
test,LFP_normal_vin_289_vin_289_discharge_8,normal,vin_289,8,0,554
test,LFP_normal_vin_289_vin_289_discharge_9,normal,vin_289,9,0,556
test,LFP_normal_vin_289_vin_289_discharge_10,normal,vin_289,10,0,515
test,LFP_normal_vin_300_vin_300_discharge_1,normal,vin_300,1,0,611
test,LFP_normal_vin_300_vin_300_discharge_2,normal,vin_300,2,0,697
test,LFP_normal_vin_300_vin_300_discharge_3,normal,vin_300,3,0,538
test,LFP_normal_vin_300_vin_300_discharge_4,normal,vin_300,4,0,856
test,LFP_normal_vin_300_vin_300_discharge_5,normal,vin_300,5,0,698
test,LFP_normal_vin_300_vin_300_discharge_6,normal,vin_300,6,0,749
test,LFP_normal_vin_300_vin_300_discharge_7,normal,vin_300,7,0,789
test,LFP_normal_vin_300_vin_300_discharge_8,normal,vin_300,8,0,592
test,LFP_normal_vin_300_vin_300_discharge_9,normal,vin_300,9,0,877
test,LFP_normal_vin_300_vin_300_discharge_10,normal,vin_300,10,0,762
test,LFP_normal_vin_303_vin_303_discharge_1,normal,vin_303,1,0,599
test,LFP_normal_vin_303_vin_303_discharge_2,normal,vin_303,2,0,607
test,LFP_normal_vin_303_vin_303_discharge_3,normal,vin_303,3,0,794
test,LFP_normal_vin_303_vin_303_discharge_4,normal,vin_303,4,0,556
test,LFP_normal_vin_303_vin_303_discharge_5,normal,vin_303,5,0,552
test,LFP_normal_vin_303_vin_303_discharge_6,normal,vin_303,6,0,724
test,LFP_normal_vin_303_vin_303_discharge_7,normal,vin_303,7,0,570
test,LFP_normal_vin_303_vin_303_discharge_8,normal,vin_303,8,0,885
test,LFP_normal_vin_303_vin_303_discharge_9,normal,vin_303,9,0,740
test,LFP_normal_vin_303_vin_303_discharge_10,normal,vin_303,10,0,740
test,LFP_normal_vin_308_vin_308_discharge_1,normal,vin_308,1,0,645
test,LFP_normal_vin_308_vin_308_discharge_2,normal,vin_308,2,0,701
test,LFP_normal_vin_308_vin_308_discharge_3,normal,vin_308,3,0,947
test,LFP_normal_vin_308_vin_308_discharge_4,normal,vin_308,4,0,894
test,LFP_normal_vin_308_vin_308_discharge_5,normal,vin_308,5,0,567
test,LFP_normal_vin_308_vin_308_discharge_6,normal,vin_308,6,0,507
test,LFP_normal_vin_308_vin_308_discharge_7,normal,vin_308,7,0,518
test,LFP_normal_vin_308_vin_308_discharge_8,normal,vin_308,8,0,578
test,LFP_normal_vin_308_vin_308_discharge_9,normal,vin_308,9,0,652
test,LFP_normal_vin_308_vin_308_discharge_10,normal,vin_308,10,0,675
test,LFP_normal_vin_311_vin_311_discharge_1,normal,vin_311,1,0,815
test,LFP_normal_vin_311_vin_311_discharge_2,normal,vin_311,2,0,628
test,LFP_normal_vin_311_vin_311_discharge_3,normal,vin_311,3,0,541
test,LFP_normal_vin_311_vin_311_discharge_4,normal,vin_311,4,0,570
test,LFP_normal_vin_311_vin_311_discharge_5,normal,vin_311,5,0,518
test,LFP_normal_vin_311_vin_311_discharge_6,normal,vin_311,6,0,881
test,LFP_normal_vin_311_vin_311_discharge_7,normal,vin_311,7,0,513
test,LFP_normal_vin_311_vin_311_discharge_8,normal,vin_311,8,0,733
test,LFP_normal_vin_311_vin_311_discharge_9,normal,vin_311,9,0,521
test,LFP_normal_vin_311_vin_311_discharge_10,normal,vin_311,10,0,708
test,LFP_normal_vin_313_vin_313_discharge_1,normal,vin_313,1,0,548
test,LFP_normal_vin_313_vin_313_discharge_2,normal,vin_313,2,0,521
test,LFP_normal_vin_313_vin_313_discharge_3,normal,vin_313,3,0,653
test,LFP_normal_vin_313_vin_313_discharge_4,normal,vin_313,4,0,606
test,LFP_normal_vin_313_vin_313_discharge_5,normal,vin_313,5,0,625
test,LFP_normal_vin_313_vin_313_discharge_6,normal,vin_313,6,0,516
test,LFP_normal_vin_313_vin_313_discharge_7,normal,vin_313,7,0,567
test,LFP_normal_vin_313_vin_313_discharge_8,normal,vin_313,8,0,722
test,LFP_normal_vin_313_vin_313_discharge_9,normal,vin_313,9,0,541
test,LFP_normal_vin_313_vin_313_discharge_10,normal,vin_313,10,0,487
test,LFP_normal_vin_315_vin_315_discharge_1,normal,vin_315,1,0,650
test,LFP_normal_vin_315_vin_315_discharge_2,normal,vin_315,2,0,546
test,LFP_normal_vin_315_vin_315_discharge_3,normal,vin_315,3,0,627
test,LFP_normal_vin_315_vin_315_discharge_4,normal,vin_315,4,0,712
test,LFP_normal_vin_315_vin_315_discharge_5,normal,vin_315,5,0,768
test,LFP_normal_vin_315_vin_315_discharge_6,normal,vin_315,6,0,555
test,LFP_normal_vin_315_vin_315_discharge_7,normal,vin_315,7,0,572
test,LFP_normal_vin_315_vin_315_discharge_8,normal,vin_315,8,0,534
test,LFP_normal_vin_315_vin_315_discharge_9,normal,vin_315,9,0,651
test,LFP_normal_vin_315_vin_315_discharge_10,normal,vin_315,10,0,763
test,LFP_normal_vin_316_vin_316_discharge_1,normal,vin_316,1,0,522
test,LFP_normal_vin_316_vin_316_discharge_2,normal,vin_316,2,0,550
test,LFP_normal_vin_316_vin_316_discharge_3,normal,vin_316,3,0,819
test,LFP_normal_vin_316_vin_316_discharge_4,normal,vin_316,4,0,537
test,LFP_normal_vin_316_vin_316_discharge_5,normal,vin_316,5,0,811
test,LFP_normal_vin_316_vin_316_discharge_6,normal,vin_316,6,0,631
test,LFP_normal_vin_316_vin_316_discharge_7,normal,vin_316,7,0,579
test,LFP_normal_vin_316_vin_316_discharge_8,normal,vin_316,8,0,550
test,LFP_normal_vin_316_vin_316_discharge_9,normal,vin_316,9,0,801
test,LFP_normal_vin_316_vin_316_discharge_10,normal,vin_316,10,0,580
test,LFP_normal_vin_334_vin_334_discharge_1,normal,vin_334,1,0,611
test,LFP_normal_vin_334_vin_334_discharge_2,normal,vin_334,2,0,689
test,LFP_normal_vin_334_vin_334_discharge_3,normal,vin_334,3,0,530
test,LFP_normal_vin_334_vin_334_discharge_4,normal,vin_334,4,0,659
test,LFP_normal_vin_334_vin_334_discharge_5,normal,vin_334,5,0,558
test,LFP_normal_vin_334_vin_334_discharge_6,normal,vin_334,6,0,634
test,LFP_normal_vin_334_vin_334_discharge_7,normal,vin_334,7,0,940
test,LFP_normal_vin_334_vin_334_discharge_8,normal,vin_334,8,0,503
test,LFP_normal_vin_334_vin_334_discharge_9,normal,vin_334,9,0,875
test,LFP_normal_vin_334_vin_334_discharge_10,normal,vin_334,10,0,667
test,LFP_normal_vin_340_vin_340_discharge_1,normal,vin_340,1,0,659
test,LFP_normal_vin_340_vin_340_discharge_2,normal,vin_340,2,0,861
test,LFP_normal_vin_340_vin_340_discharge_3,normal,vin_340,3,0,688
test,LFP_normal_vin_340_vin_340_discharge_4,normal,vin_340,4,0,880
test,LFP_normal_vin_340_vin_340_discharge_5,normal,vin_340,5,0,568
test,LFP_normal_vin_340_vin_340_discharge_6,normal,vin_340,6,0,695
test,LFP_normal_vin_340_vin_340_discharge_7,normal,vin_340,7,0,594
test,LFP_normal_vin_340_vin_340_discharge_8,normal,vin_340,8,0,666
test,LFP_normal_vin_340_vin_340_discharge_9,normal,vin_340,9,0,559
test,LFP_normal_vin_340_vin_340_discharge_10,normal,vin_340,10,0,567
test,LFP_normal_vin_343_vin_343_discharge_1,normal,vin_343,1,0,662
test,LFP_normal_vin_343_vin_343_discharge_2,normal,vin_343,2,0,653
test,LFP_normal_vin_343_vin_343_discharge_3,normal,vin_343,3,0,249
test,LFP_normal_vin_343_vin_343_discharge_4,normal,vin_343,4,0,728
test,LFP_normal_vin_343_vin_343_discharge_5,normal,vin_343,5,0,686
test,LFP_normal_vin_343_vin_343_discharge_6,normal,vin_343,6,0,725
test,LFP_normal_vin_343_vin_343_discharge_7,normal,vin_343,7,0,586
test,LFP_normal_vin_343_vin_343_discharge_8,normal,vin_343,8,0,715
test,LFP_normal_vin_343_vin_343_discharge_9,normal,vin_343,9,0,804
test,LFP_normal_vin_343_vin_343_discharge_10,normal,vin_343,10,0,740
test,LFP_normal_vin_344_vin_344_discharge_1,normal,vin_344,1,0,556
test,LFP_normal_vin_344_vin_344_discharge_2,normal,vin_344,2,0,539
test,LFP_normal_vin_344_vin_344_discharge_3,normal,vin_344,3,0,893
test,LFP_normal_vin_344_vin_344_discharge_4,normal,vin_344,4,0,553
test,LFP_normal_vin_344_vin_344_discharge_5,normal,vin_344,5,0,668
test,LFP_normal_vin_344_vin_344_discharge_6,normal,vin_344,6,0,912
test,LFP_normal_vin_344_vin_344_discharge_7,normal,vin_344,7,0,488
test,LFP_normal_vin_344_vin_344_discharge_8,normal,vin_344,8,0,678
test,LFP_normal_vin_344_vin_344_discharge_9,normal,vin_344,9,0,838
test,LFP_normal_vin_344_vin_344_discharge_10,normal,vin_344,10,0,611
test,LFP_normal_vin_346_vin_346_discharge_1,normal,vin_346,1,0,566
test,LFP_normal_vin_346_vin_346_discharge_2,normal,vin_346,2,0,693
test,LFP_normal_vin_346_vin_346_discharge_3,normal,vin_346,3,0,642
test,LFP_normal_vin_346_vin_346_discharge_4,normal,vin_346,4,0,616
test,LFP_normal_vin_346_vin_346_discharge_5,normal,vin_346,5,0,693
test,LFP_normal_vin_346_vin_346_discharge_6,normal,vin_346,6,0,774
test,LFP_normal_vin_346_vin_346_discharge_7,normal,vin_346,7,0,847
test,LFP_normal_vin_346_vin_346_discharge_8,normal,vin_346,8,0,566
test,LFP_normal_vin_346_vin_346_discharge_9,normal,vin_346,9,0,547
test,LFP_normal_vin_346_vin_346_discharge_10,normal,vin_346,10,0,512
test,LFP_normal_vin_347_vin_347_discharge_1,normal,vin_347,1,0,567
test,LFP_normal_vin_347_vin_347_discharge_2,normal,vin_347,2,0,637
test,LFP_normal_vin_347_vin_347_discharge_3,normal,vin_347,3,0,556
test,LFP_normal_vin_347_vin_347_discharge_4,normal,vin_347,4,0,598
test,LFP_normal_vin_347_vin_347_discharge_5,normal,vin_347,5,0,551
test,LFP_normal_vin_347_vin_347_discharge_6,normal,vin_347,6,0,631
test,LFP_normal_vin_347_vin_347_discharge_7,normal,vin_347,7,0,578
test,LFP_normal_vin_347_vin_347_discharge_8,normal,vin_347,8,0,677
test,LFP_normal_vin_347_vin_347_discharge_9,normal,vin_347,9,0,637
test,LFP_normal_vin_347_vin_347_discharge_10,normal,vin_347,10,0,908
test,LFP_normal_vin_353_vin_353_discharge_1,normal,vin_353,1,0,509
test,LFP_normal_vin_353_vin_353_discharge_2,normal,vin_353,2,0,660
test,LFP_normal_vin_353_vin_353_discharge_3,normal,vin_353,3,0,521
test,LFP_normal_vin_353_vin_353_discharge_4,normal,vin_353,4,0,689
test,LFP_normal_vin_353_vin_353_discharge_5,normal,vin_353,5,0,713
test,LFP_normal_vin_353_vin_353_discharge_6,normal,vin_353,6,0,507
test,LFP_normal_vin_353_vin_353_discharge_7,normal,vin_353,7,0,604
test,LFP_normal_vin_353_vin_353_discharge_8,normal,vin_353,8,0,657
test,LFP_normal_vin_353_vin_353_discharge_9,normal,vin_353,9,0,673
test,LFP_normal_vin_353_vin_353_discharge_10,normal,vin_353,10,0,511
test,LFP_normal_vin_354_vin_354_discharge_1,normal,vin_354,1,0,518
test,LFP_normal_vin_354_vin_354_discharge_2,normal,vin_354,2,0,614
test,LFP_normal_vin_354_vin_354_discharge_3,normal,vin_354,3,0,571
test,LFP_normal_vin_354_vin_354_discharge_4,normal,vin_354,4,0,536
test,LFP_normal_vin_354_vin_354_discharge_5,normal,vin_354,5,0,677
test,LFP_normal_vin_354_vin_354_discharge_6,normal,vin_354,6,0,566
test,LFP_normal_vin_354_vin_354_discharge_7,normal,vin_354,7,0,869
test,LFP_normal_vin_354_vin_354_discharge_8,normal,vin_354,8,0,869
test,LFP_normal_vin_354_vin_354_discharge_9,normal,vin_354,9,0,576
test,LFP_normal_vin_354_vin_354_discharge_10,normal,vin_354,10,0,606
test,LFP_normal_vin_358_vin_358_discharge_1,normal,vin_358,1,0,741
test,LFP_normal_vin_358_vin_358_discharge_2,normal,vin_358,2,0,534
test,LFP_normal_vin_358_vin_358_discharge_3,normal,vin_358,3,0,701
test,LFP_normal_vin_358_vin_358_discharge_4,normal,vin_358,4,0,727
test,LFP_normal_vin_358_vin_358_discharge_5,normal,vin_358,5,0,612
test,LFP_normal_vin_358_vin_358_discharge_6,normal,vin_358,6,0,532
test,LFP_normal_vin_358_vin_358_discharge_7,normal,vin_358,7,0,912
test,LFP_normal_vin_358_vin_358_discharge_8,normal,vin_358,8,0,671
test,LFP_normal_vin_358_vin_358_discharge_9,normal,vin_358,9,0,628
test,LFP_normal_vin_358_vin_358_discharge_10,normal,vin_358,10,0,749
test,LFP_normal_vin_365_vin_365_discharge_1,normal,vin_365,1,0,684
test,LFP_normal_vin_365_vin_365_discharge_2,normal,vin_365,2,0,601
test,LFP_normal_vin_365_vin_365_discharge_3,normal,vin_365,3,0,550
test,LFP_normal_vin_365_vin_365_discharge_4,normal,vin_365,4,0,832
test,LFP_normal_vin_365_vin_365_discharge_5,normal,vin_365,5,0,633
test,LFP_normal_vin_365_vin_365_discharge_6,normal,vin_365,6,0,696
test,LFP_normal_vin_365_vin_365_discharge_7,normal,vin_365,7,0,576
test,LFP_normal_vin_365_vin_365_discharge_8,normal,vin_365,8,0,645
test,LFP_normal_vin_365_vin_365_discharge_9,normal,vin_365,9,0,508
test,LFP_normal_vin_365_vin_365_discharge_10,normal,vin_365,10,0,491
test,LFP_normal_vin_369_vin_369_discharge_1,normal,vin_369,1,0,584
test,LFP_normal_vin_369_vin_369_discharge_2,normal,vin_369,2,0,550
test,LFP_normal_vin_369_vin_369_discharge_3,normal,vin_369,3,0,672
test,LFP_normal_vin_369_vin_369_discharge_4,normal,vin_369,4,0,536
test,LFP_normal_vin_369_vin_369_discharge_5,normal,vin_369,5,0,538
test,LFP_normal_vin_369_vin_369_discharge_6,normal,vin_369,6,0,531
test,LFP_normal_vin_369_vin_369_discharge_7,normal,vin_369,7,0,704
test,LFP_normal_vin_369_vin_369_discharge_8,normal,vin_369,8,0,547
test,LFP_normal_vin_369_vin_369_discharge_9,normal,vin_369,9,0,825
test,LFP_normal_vin_369_vin_369_discharge_10,normal,vin_369,10,0,653
test,LFP_normal_vin_370_vin_370_discharge_1,normal,vin_370,1,0,663
test,LFP_normal_vin_370_vin_370_discharge_2,normal,vin_370,2,0,655
test,LFP_normal_vin_370_vin_370_discharge_3,normal,vin_370,3,0,567
test,LFP_normal_vin_370_vin_370_discharge_4,normal,vin_370,4,0,913
test,LFP_normal_vin_370_vin_370_discharge_5,normal,vin_370,5,0,719
test,LFP_normal_vin_370_vin_370_discharge_6,normal,vin_370,6,0,867
test,LFP_normal_vin_370_vin_370_discharge_7,normal,vin_370,7,0,646
test,LFP_normal_vin_370_vin_370_discharge_8,normal,vin_370,8,0,653
test,LFP_normal_vin_370_vin_370_discharge_9,normal,vin_370,9,0,651
test,LFP_normal_vin_370_vin_370_discharge_10,normal,vin_370,10,0,549
test,LFP_normal_vin_373_vin_373_discharge_1,normal,vin_373,1,0,564
test,LFP_normal_vin_373_vin_373_discharge_2,normal,vin_373,2,0,906
test,LFP_normal_vin_373_vin_373_discharge_3,normal,vin_373,3,0,613
test,LFP_normal_vin_373_vin_373_discharge_4,normal,vin_373,4,0,890
test,LFP_normal_vin_373_vin_373_discharge_5,normal,vin_373,5,0,501
test,LFP_normal_vin_373_vin_373_discharge_6,normal,vin_373,6,0,798
test,LFP_normal_vin_373_vin_373_discharge_7,normal,vin_373,7,0,664
test,LFP_normal_vin_373_vin_373_discharge_8,normal,vin_373,8,0,695
test,LFP_normal_vin_373_vin_373_discharge_9,normal,vin_373,9,0,551
test,LFP_normal_vin_373_vin_373_discharge_10,normal,vin_373,10,0,679
test,LFP_normal_vin_374_vin_374_discharge_1,normal,vin_374,1,0,543
test,LFP_normal_vin_374_vin_374_discharge_2,normal,vin_374,2,0,573
test,LFP_normal_vin_374_vin_374_discharge_3,normal,vin_374,3,0,589
test,LFP_normal_vin_374_vin_374_discharge_4,normal,vin_374,4,0,509
test,LFP_normal_vin_374_vin_374_discharge_5,normal,vin_374,5,0,895
test,LFP_normal_vin_374_vin_374_discharge_6,normal,vin_374,6,0,498
test,LFP_normal_vin_374_vin_374_discharge_7,normal,vin_374,7,0,733
test,LFP_normal_vin_374_vin_374_discharge_8,normal,vin_374,8,0,643
test,LFP_normal_vin_374_vin_374_discharge_9,normal,vin_374,9,0,753
test,LFP_normal_vin_374_vin_374_discharge_10,normal,vin_374,10,0,554
test,LFP_normal_vin_377_vin_377_discharge_1,normal,vin_377,1,0,688
test,LFP_normal_vin_377_vin_377_discharge_2,normal,vin_377,2,0,806
test,LFP_normal_vin_377_vin_377_discharge_3,normal,vin_377,3,0,680
test,LFP_normal_vin_377_vin_377_discharge_4,normal,vin_377,4,0,584
test,LFP_normal_vin_377_vin_377_discharge_5,normal,vin_377,5,0,723
test,LFP_normal_vin_377_vin_377_discharge_6,normal,vin_377,6,0,560
test,LFP_normal_vin_377_vin_377_discharge_7,normal,vin_377,7,0,739
test,LFP_normal_vin_377_vin_377_discharge_8,normal,vin_377,8,0,544
test,LFP_normal_vin_377_vin_377_discharge_9,normal,vin_377,9,0,660
test,LFP_normal_vin_377_vin_377_discharge_10,normal,vin_377,10,0,604
test,LFP_normal_vin_379_vin_379_discharge_1,normal,vin_379,1,0,621
test,LFP_normal_vin_379_vin_379_discharge_2,normal,vin_379,2,0,754
test,LFP_normal_vin_379_vin_379_discharge_3,normal,vin_379,3,0,557
test,LFP_normal_vin_379_vin_379_discharge_4,normal,vin_379,4,0,662
test,LFP_normal_vin_379_vin_379_discharge_5,normal,vin_379,5,0,705
test,LFP_normal_vin_379_vin_379_discharge_6,normal,vin_379,6,0,788
test,LFP_normal_vin_379_vin_379_discharge_7,normal,vin_379,7,0,582
test,LFP_normal_vin_379_vin_379_discharge_8,normal,vin_379,8,0,579
test,LFP_normal_vin_379_vin_379_discharge_9,normal,vin_379,9,0,570
test,LFP_normal_vin_379_vin_379_discharge_10,normal,vin_379,10,0,573
test,LFP_normal_vin_380_vin_380_discharge_1,normal,vin_380,1,0,623
test,LFP_normal_vin_380_vin_380_discharge_2,normal,vin_380,2,0,535
test,LFP_normal_vin_380_vin_380_discharge_3,normal,vin_380,3,0,742
test,LFP_normal_vin_380_vin_380_discharge_4,normal,vin_380,4,0,873
test,LFP_normal_vin_380_vin_380_discharge_5,normal,vin_380,5,0,481
test,LFP_normal_vin_380_vin_380_discharge_6,normal,vin_380,6,0,603
test,LFP_normal_vin_380_vin_380_discharge_7,normal,vin_380,7,0,698
test,LFP_normal_vin_380_vin_380_discharge_8,normal,vin_380,8,0,733
test,LFP_normal_vin_380_vin_380_discharge_9,normal,vin_380,9,0,667
test,LFP_normal_vin_380_vin_380_discharge_10,normal,vin_380,10,0,599
test,LFP_normal_vin_381_vin_381_discharge_1,normal,vin_381,1,0,697
test,LFP_normal_vin_381_vin_381_discharge_2,normal,vin_381,2,0,596
test,LFP_normal_vin_381_vin_381_discharge_3,normal,vin_381,3,0,614
test,LFP_normal_vin_381_vin_381_discharge_4,normal,vin_381,4,0,629
test,LFP_normal_vin_381_vin_381_discharge_5,normal,vin_381,5,0,704
test,LFP_normal_vin_381_vin_381_discharge_6,normal,vin_381,6,0,540
test,LFP_normal_vin_381_vin_381_discharge_7,normal,vin_381,7,0,865
test,LFP_normal_vin_381_vin_381_discharge_8,normal,vin_381,8,0,531
test,LFP_normal_vin_381_vin_381_discharge_9,normal,vin_381,9,0,610
test,LFP_normal_vin_381_vin_381_discharge_10,normal,vin_381,10,0,859
test,LFP_normal_vin_391_vin_391_discharge_1,normal,vin_391,1,0,637
test,LFP_normal_vin_391_vin_391_discharge_2,normal,vin_391,2,0,831
test,LFP_normal_vin_391_vin_391_discharge_3,normal,vin_391,3,0,725
test,LFP_normal_vin_391_vin_391_discharge_4,normal,vin_391,4,0,458
test,LFP_normal_vin_391_vin_391_discharge_5,normal,vin_391,5,0,570
test,LFP_normal_vin_391_vin_391_discharge_6,normal,vin_391,6,0,471
test,LFP_normal_vin_391_vin_391_discharge_7,normal,vin_391,7,0,577
test,LFP_normal_vin_391_vin_391_discharge_8,normal,vin_391,8,0,576
test,LFP_normal_vin_391_vin_391_discharge_9,normal,vin_391,9,0,705
test,LFP_normal_vin_391_vin_391_discharge_10,normal,vin_391,10,0,696
test,LFP_normal_vin_394_vin_394_discharge_1,normal,vin_394,1,0,641
test,LFP_normal_vin_394_vin_394_discharge_2,normal,vin_394,2,0,620
test,LFP_normal_vin_394_vin_394_discharge_3,normal,vin_394,3,0,669
test,LFP_normal_vin_394_vin_394_discharge_4,normal,vin_394,4,0,581
test,LFP_normal_vin_394_vin_394_discharge_5,normal,vin_394,5,0,761
test,LFP_normal_vin_394_vin_394_discharge_6,normal,vin_394,6,0,700
test,LFP_normal_vin_394_vin_394_discharge_7,normal,vin_394,7,0,764
test,LFP_normal_vin_394_vin_394_discharge_8,normal,vin_394,8,0,660
test,LFP_normal_vin_394_vin_394_discharge_9,normal,vin_394,9,0,568
test,LFP_normal_vin_394_vin_394_discharge_10,normal,vin_394,10,0,662
test,LFP_normal_vin_398_vin_398_discharge_1,normal,vin_398,1,0,765
test,LFP_normal_vin_398_vin_398_discharge_2,normal,vin_398,2,0,503
test,LFP_normal_vin_398_vin_398_discharge_3,normal,vin_398,3,0,543
test,LFP_normal_vin_398_vin_398_discharge_4,normal,vin_398,4,0,715
test,LFP_normal_vin_398_vin_398_discharge_5,normal,vin_398,5,0,531
test,LFP_normal_vin_398_vin_398_discharge_6,normal,vin_398,6,0,531
test,LFP_normal_vin_398_vin_398_discharge_7,normal,vin_398,7,0,535
test,LFP_normal_vin_398_vin_398_discharge_8,normal,vin_398,8,0,914
test,LFP_normal_vin_398_vin_398_discharge_9,normal,vin_398,9,0,499
test,LFP_normal_vin_398_vin_398_discharge_10,normal,vin_398,10,0,658
test,LFP_normal_vin_399_vin_399_discharge_1,normal,vin_399,1,0,804
test,LFP_normal_vin_399_vin_399_discharge_2,normal,vin_399,2,0,567
test,LFP_normal_vin_399_vin_399_discharge_3,normal,vin_399,3,0,489
test,LFP_normal_vin_399_vin_399_discharge_4,normal,vin_399,4,0,727
test,LFP_normal_vin_399_vin_399_discharge_5,normal,vin_399,5,0,590
test,LFP_normal_vin_399_vin_399_discharge_6,normal,vin_399,6,0,623
test,LFP_normal_vin_399_vin_399_discharge_7,normal,vin_399,7,0,587
test,LFP_normal_vin_399_vin_399_discharge_8,normal,vin_399,8,0,1028
test,LFP_normal_vin_399_vin_399_discharge_9,normal,vin_399,9,0,597
test,LFP_normal_vin_399_vin_399_discharge_10,normal,vin_399,10,0,908
test,LFP_normal_vin_402_vin_402_discharge_1,normal,vin_402,1,0,575
test,LFP_normal_vin_402_vin_402_discharge_2,normal,vin_402,2,0,951
test,LFP_normal_vin_402_vin_402_discharge_3,normal,vin_402,3,0,530
test,LFP_normal_vin_402_vin_402_discharge_4,normal,vin_402,4,0,849
test,LFP_normal_vin_402_vin_402_discharge_5,normal,vin_402,5,0,496
test,LFP_normal_vin_402_vin_402_discharge_6,normal,vin_402,6,0,715
test,LFP_normal_vin_402_vin_402_discharge_7,normal,vin_402,7,0,891
test,LFP_normal_vin_402_vin_402_discharge_8,normal,vin_402,8,0,878
test,LFP_normal_vin_402_vin_402_discharge_9,normal,vin_402,9,0,549
test,LFP_normal_vin_402_vin_402_discharge_10,normal,vin_402,10,0,662
test,LFP_normal_vin_403_vin_403_discharge_1,normal,vin_403,1,0,734
test,LFP_normal_vin_403_vin_403_discharge_2,normal,vin_403,2,0,580
test,LFP_normal_vin_403_vin_403_discharge_3,normal,vin_403,3,0,643
test,LFP_normal_vin_403_vin_403_discharge_4,normal,vin_403,4,0,665
test,LFP_normal_vin_403_vin_403_discharge_5,normal,vin_403,5,0,555
test,LFP_normal_vin_403_vin_403_discharge_6,normal,vin_403,6,0,517
test,LFP_normal_vin_403_vin_403_discharge_7,normal,vin_403,7,0,502
test,LFP_normal_vin_403_vin_403_discharge_8,normal,vin_403,8,0,848
test,LFP_normal_vin_403_vin_403_discharge_9,normal,vin_403,9,0,588
test,LFP_normal_vin_403_vin_403_discharge_10,normal,vin_403,10,0,872
test,LFP_normal_vin_405_vin_405_discharge_1,normal,vin_405,1,0,720
test,LFP_normal_vin_405_vin_405_discharge_2,normal,vin_405,2,0,620
test,LFP_normal_vin_405_vin_405_discharge_3,normal,vin_405,3,0,689
test,LFP_normal_vin_405_vin_405_discharge_4,normal,vin_405,4,0,696
test,LFP_normal_vin_405_vin_405_discharge_5,normal,vin_405,5,0,582
test,LFP_normal_vin_405_vin_405_discharge_6,normal,vin_405,6,0,625
test,LFP_normal_vin_405_vin_405_discharge_7,normal,vin_405,7,0,521
test,LFP_normal_vin_405_vin_405_discharge_8,normal,vin_405,8,0,526
test,LFP_normal_vin_405_vin_405_discharge_9,normal,vin_405,9,0,811
test,LFP_normal_vin_405_vin_405_discharge_10,normal,vin_405,10,0,867
test,LFP_normal_vin_407_vin_407_discharge_1,normal,vin_407,1,0,558
test,LFP_normal_vin_407_vin_407_discharge_2,normal,vin_407,2,0,646
test,LFP_normal_vin_407_vin_407_discharge_3,normal,vin_407,3,0,671
test,LFP_normal_vin_407_vin_407_discharge_4,normal,vin_407,4,0,545
test,LFP_normal_vin_407_vin_407_discharge_5,normal,vin_407,5,0,510
test,LFP_normal_vin_407_vin_407_discharge_6,normal,vin_407,6,0,847
test,LFP_normal_vin_407_vin_407_discharge_7,normal,vin_407,7,0,486
test,LFP_normal_vin_407_vin_407_discharge_8,normal,vin_407,8,0,632
test,LFP_normal_vin_407_vin_407_discharge_9,normal,vin_407,9,0,658
test,LFP_normal_vin_407_vin_407_discharge_10,normal,vin_407,10,0,484
test,LFP_normal_vin_408_vin_408_discharge_1,normal,vin_408,1,0,634
test,LFP_normal_vin_408_vin_408_discharge_2,normal,vin_408,2,0,519
test,LFP_normal_vin_408_vin_408_discharge_3,normal,vin_408,3,0,647
test,LFP_normal_vin_408_vin_408_discharge_4,normal,vin_408,4,0,646
test,LFP_normal_vin_408_vin_408_discharge_5,normal,vin_408,5,0,923
test,LFP_normal_vin_408_vin_408_discharge_6,normal,vin_408,6,0,647
test,LFP_normal_vin_408_vin_408_discharge_7,normal,vin_408,7,0,555
test,LFP_normal_vin_408_vin_408_discharge_8,normal,vin_408,8,0,677
test,LFP_normal_vin_408_vin_408_discharge_9,normal,vin_408,9,0,509
test,LFP_normal_vin_408_vin_408_discharge_10,normal,vin_408,10,0,864
test,LFP_normal_vin_424_vin_424_discharge_1,normal,vin_424,1,0,860
test,LFP_normal_vin_424_vin_424_discharge_2,normal,vin_424,2,0,587
test,LFP_normal_vin_424_vin_424_discharge_3,normal,vin_424,3,0,889
test,LFP_normal_vin_424_vin_424_discharge_4,normal,vin_424,4,0,639
test,LFP_normal_vin_424_vin_424_discharge_5,normal,vin_424,5,0,979
test,LFP_normal_vin_424_vin_424_discharge_6,normal,vin_424,6,0,955
test,LFP_normal_vin_424_vin_424_discharge_7,normal,vin_424,7,0,543
test,LFP_normal_vin_424_vin_424_discharge_8,normal,vin_424,8,0,867
test,LFP_normal_vin_424_vin_424_discharge_9,normal,vin_424,9,0,521
test,LFP_normal_vin_424_vin_424_discharge_10,normal,vin_424,10,0,683
test,LFP_normal_vin_426_vin_426_discharge_1,normal,vin_426,1,0,693
test,LFP_normal_vin_426_vin_426_discharge_2,normal,vin_426,2,0,1155
test,LFP_normal_vin_426_vin_426_discharge_3,normal,vin_426,3,0,680
test,LFP_normal_vin_426_vin_426_discharge_4,normal,vin_426,4,0,598
test,LFP_normal_vin_426_vin_426_discharge_5,normal,vin_426,5,0,577
test,LFP_normal_vin_426_vin_426_discharge_6,normal,vin_426,6,0,546
test,LFP_normal_vin_426_vin_426_discharge_7,normal,vin_426,7,0,757
test,LFP_normal_vin_426_vin_426_discharge_8,normal,vin_426,8,0,648
test,LFP_normal_vin_426_vin_426_discharge_9,normal,vin_426,9,0,623
test,LFP_normal_vin_426_vin_426_discharge_10,normal,vin_426,10,0,623
test,LFP_normal_vin_428_vin_428_discharge_1,normal,vin_428,1,0,713
test,LFP_normal_vin_428_vin_428_discharge_2,normal,vin_428,2,0,577
test,LFP_normal_vin_428_vin_428_discharge_3,normal,vin_428,3,0,563
test,LFP_normal_vin_428_vin_428_discharge_4,normal,vin_428,4,0,909
test,LFP_normal_vin_428_vin_428_discharge_5,normal,vin_428,5,0,527
test,LFP_normal_vin_428_vin_428_discharge_6,normal,vin_428,6,0,511
test,LFP_normal_vin_428_vin_428_discharge_7,normal,vin_428,7,0,565
test,LFP_normal_vin_428_vin_428_discharge_8,normal,vin_428,8,0,707
test,LFP_normal_vin_428_vin_428_discharge_9,normal,vin_428,9,0,547
test,LFP_normal_vin_428_vin_428_discharge_10,normal,vin_428,10,0,652
test,LFP_normal_vin_434_vin_434_discharge_1,normal,vin_434,1,0,815
test,LFP_normal_vin_434_vin_434_discharge_2,normal,vin_434,2,0,545
test,LFP_normal_vin_434_vin_434_discharge_3,normal,vin_434,3,0,551
test,LFP_normal_vin_434_vin_434_discharge_4,normal,vin_434,4,0,774
test,LFP_normal_vin_434_vin_434_discharge_5,normal,vin_434,5,0,670
test,LFP_normal_vin_434_vin_434_discharge_6,normal,vin_434,6,0,595
test,LFP_normal_vin_434_vin_434_discharge_7,normal,vin_434,7,0,688
test,LFP_normal_vin_434_vin_434_discharge_8,normal,vin_434,8,0,651
test,LFP_normal_vin_434_vin_434_discharge_9,normal,vin_434,9,0,545
test,LFP_normal_vin_434_vin_434_discharge_10,normal,vin_434,10,0,633
test,LFP_normal_vin_441_vin_441_discharge_1,normal,vin_441,1,0,766
test,LFP_normal_vin_441_vin_441_discharge_2,normal,vin_441,2,0,675
test,LFP_normal_vin_441_vin_441_discharge_3,normal,vin_441,3,0,511
test,LFP_normal_vin_441_vin_441_discharge_4,normal,vin_441,4,0,538
test,LFP_normal_vin_441_vin_441_discharge_5,normal,vin_441,5,0,497
test,LFP_normal_vin_441_vin_441_discharge_6,normal,vin_441,6,0,175
test,LFP_normal_vin_441_vin_441_discharge_7,normal,vin_441,7,0,538
test,LFP_normal_vin_441_vin_441_discharge_8,normal,vin_441,8,0,572
test,LFP_normal_vin_441_vin_441_discharge_9,normal,vin_441,9,0,870
test,LFP_normal_vin_441_vin_441_discharge_10,normal,vin_441,10,0,556
test,LFP_normal_vin_447_vin_447_discharge_1,normal,vin_447,1,0,536
test,LFP_normal_vin_447_vin_447_discharge_2,normal,vin_447,2,0,532
test,LFP_normal_vin_447_vin_447_discharge_3,normal,vin_447,3,0,607
test,LFP_normal_vin_447_vin_447_discharge_4,normal,vin_447,4,0,562
test,LFP_normal_vin_447_vin_447_discharge_5,normal,vin_447,5,0,541
test,LFP_normal_vin_447_vin_447_discharge_6,normal,vin_447,6,0,515
test,LFP_normal_vin_447_vin_447_discharge_7,normal,vin_447,7,0,860
test,LFP_normal_vin_447_vin_447_discharge_8,normal,vin_447,8,0,561
test,LFP_normal_vin_447_vin_447_discharge_9,normal,vin_447,9,0,601
test,LFP_normal_vin_447_vin_447_discharge_10,normal,vin_447,10,0,633
test,LFP_normal_vin_454_vin_454_discharge_1,normal,vin_454,1,0,706
test,LFP_normal_vin_454_vin_454_discharge_2,normal,vin_454,2,0,534
test,LFP_normal_vin_454_vin_454_discharge_3,normal,vin_454,3,0,577
test,LFP_normal_vin_454_vin_454_discharge_4,normal,vin_454,4,0,946
test,LFP_normal_vin_454_vin_454_discharge_5,normal,vin_454,5,0,773
test,LFP_normal_vin_454_vin_454_discharge_6,normal,vin_454,6,0,503
test,LFP_normal_vin_454_vin_454_discharge_7,normal,vin_454,7,0,526
test,LFP_normal_vin_454_vin_454_discharge_8,normal,vin_454,8,0,564
test,LFP_normal_vin_454_vin_454_discharge_9,normal,vin_454,9,0,559
test,LFP_normal_vin_454_vin_454_discharge_10,normal,vin_454,10,0,880
test,LFP_normal_vin_461_vin_461_discharge_1,normal,vin_461,1,0,614
test,LFP_normal_vin_461_vin_461_discharge_2,normal,vin_461,2,0,608
test,LFP_normal_vin_461_vin_461_discharge_3,normal,vin_461,3,0,740
test,LFP_normal_vin_461_vin_461_discharge_4,normal,vin_461,4,0,987
test,LFP_normal_vin_461_vin_461_discharge_5,normal,vin_461,5,0,652
test,LFP_normal_vin_461_vin_461_discharge_6,normal,vin_461,6,0,599
test,LFP_normal_vin_461_vin_461_discharge_7,normal,vin_461,7,0,671
test,LFP_normal_vin_461_vin_461_discharge_8,normal,vin_461,8,0,861
test,LFP_normal_vin_461_vin_461_discharge_9,normal,vin_461,9,0,701
test,LFP_normal_vin_461_vin_461_discharge_10,normal,vin_461,10,0,528
test,LFP_normal_vin_465_vin_465_discharge_1,normal,vin_465,1,0,625
test,LFP_normal_vin_465_vin_465_discharge_2,normal,vin_465,2,0,559
test,LFP_normal_vin_465_vin_465_discharge_3,normal,vin_465,3,0,803
test,LFP_normal_vin_465_vin_465_discharge_4,normal,vin_465,4,0,563
test,LFP_normal_vin_465_vin_465_discharge_5,normal,vin_465,5,0,579
test,LFP_normal_vin_465_vin_465_discharge_6,normal,vin_465,6,0,493
test,LFP_normal_vin_465_vin_465_discharge_7,normal,vin_465,7,0,668
test,LFP_normal_vin_465_vin_465_discharge_8,normal,vin_465,8,0,580
test,LFP_normal_vin_465_vin_465_discharge_9,normal,vin_465,9,0,603
test,LFP_normal_vin_465_vin_465_discharge_10,normal,vin_465,10,0,830
test,LFP_normal_vin_468_vin_468_discharge_1,normal,vin_468,1,0,641
test,LFP_normal_vin_468_vin_468_discharge_2,normal,vin_468,2,0,629
test,LFP_normal_vin_468_vin_468_discharge_3,normal,vin_468,3,0,542
test,LFP_normal_vin_468_vin_468_discharge_4,normal,vin_468,4,0,546
test,LFP_normal_vin_468_vin_468_discharge_5,normal,vin_468,5,0,665
test,LFP_normal_vin_468_vin_468_discharge_6,normal,vin_468,6,0,723
test,LFP_normal_vin_468_vin_468_discharge_7,normal,vin_468,7,0,894
test,LFP_normal_vin_468_vin_468_discharge_8,normal,vin_468,8,0,903
test,LFP_normal_vin_468_vin_468_discharge_9,normal,vin_468,9,0,705
test,LFP_normal_vin_468_vin_468_discharge_10,normal,vin_468,10,0,726
test,LFP_normal_vin_469_vin_469_discharge_1,normal,vin_469,1,0,608
test,LFP_normal_vin_469_vin_469_discharge_2,normal,vin_469,2,0,581
test,LFP_normal_vin_469_vin_469_discharge_3,normal,vin_469,3,0,603
test,LFP_normal_vin_469_vin_469_discharge_4,normal,vin_469,4,0,620
test,LFP_normal_vin_469_vin_469_discharge_5,normal,vin_469,5,0,505
test,LFP_normal_vin_469_vin_469_discharge_6,normal,vin_469,6,0,554
test,LFP_normal_vin_469_vin_469_discharge_7,normal,vin_469,7,0,597
test,LFP_normal_vin_469_vin_469_discharge_8,normal,vin_469,8,0,631
test,LFP_normal_vin_469_vin_469_discharge_9,normal,vin_469,9,0,526
test,LFP_normal_vin_469_vin_469_discharge_10,normal,vin_469,10,0,671
test,LFP_normal_vin_472_vin_472_discharge_1,normal,vin_472,1,0,577
test,LFP_normal_vin_472_vin_472_discharge_2,normal,vin_472,2,0,574
test,LFP_normal_vin_472_vin_472_discharge_3,normal,vin_472,3,0,569
test,LFP_normal_vin_472_vin_472_discharge_4,normal,vin_472,4,0,541
test,LFP_normal_vin_472_vin_472_discharge_5,normal,vin_472,5,0,636
test,LFP_normal_vin_472_vin_472_discharge_6,normal,vin_472,6,0,517
test,LFP_normal_vin_472_vin_472_discharge_7,normal,vin_472,7,0,564
test,LFP_normal_vin_472_vin_472_discharge_8,normal,vin_472,8,0,994
test,LFP_normal_vin_472_vin_472_discharge_9,normal,vin_472,9,0,558
test,LFP_normal_vin_472_vin_472_discharge_10,normal,vin_472,10,0,234
test,LFP_normal_vin_474_vin_474_discharge_1,normal,vin_474,1,0,811
test,LFP_normal_vin_474_vin_474_discharge_2,normal,vin_474,2,0,885
test,LFP_normal_vin_474_vin_474_discharge_3,normal,vin_474,3,0,559
test,LFP_normal_vin_474_vin_474_discharge_4,normal,vin_474,4,0,534
test,LFP_normal_vin_474_vin_474_discharge_5,normal,vin_474,5,0,641
test,LFP_normal_vin_474_vin_474_discharge_6,normal,vin_474,6,0,820
test,LFP_normal_vin_474_vin_474_discharge_7,normal,vin_474,7,0,804
test,LFP_normal_vin_474_vin_474_discharge_8,normal,vin_474,8,0,574
test,LFP_normal_vin_474_vin_474_discharge_9,normal,vin_474,9,0,700
test,LFP_normal_vin_474_vin_474_discharge_10,normal,vin_474,10,0,639
test,LFP_normal_vin_477_vin_477_discharge_1,normal,vin_477,1,0,528
test,LFP_normal_vin_477_vin_477_discharge_2,normal,vin_477,2,0,976
test,LFP_normal_vin_477_vin_477_discharge_3,normal,vin_477,3,0,674
test,LFP_normal_vin_477_vin_477_discharge_4,normal,vin_477,4,0,621
test,LFP_normal_vin_477_vin_477_discharge_5,normal,vin_477,5,0,681
test,LFP_normal_vin_477_vin_477_discharge_6,normal,vin_477,6,0,480
test,LFP_normal_vin_477_vin_477_discharge_7,normal,vin_477,7,0,618
test,LFP_normal_vin_477_vin_477_discharge_8,normal,vin_477,8,0,601
test,LFP_normal_vin_477_vin_477_discharge_9,normal,vin_477,9,0,530
test,LFP_normal_vin_477_vin_477_discharge_10,normal,vin_477,10,0,580
test,LFP_normal_vin_481_vin_481_discharge_1,normal,vin_481,1,0,619
test,LFP_normal_vin_481_vin_481_discharge_2,normal,vin_481,2,0,622
test,LFP_normal_vin_481_vin_481_discharge_3,normal,vin_481,3,0,676
test,LFP_normal_vin_481_vin_481_discharge_4,normal,vin_481,4,0,561
test,LFP_normal_vin_481_vin_481_discharge_5,normal,vin_481,5,0,578
test,LFP_normal_vin_481_vin_481_discharge_6,normal,vin_481,6,0,958
test,LFP_normal_vin_481_vin_481_discharge_7,normal,vin_481,7,0,549
test,LFP_normal_vin_481_vin_481_discharge_8,normal,vin_481,8,0,817
test,LFP_normal_vin_481_vin_481_discharge_9,normal,vin_481,9,0,694
test,LFP_normal_vin_481_vin_481_discharge_10,normal,vin_481,10,0,656
test,LFP_normal_vin_484_vin_484_discharge_1,normal,vin_484,1,0,538
test,LFP_normal_vin_484_vin_484_discharge_2,normal,vin_484,2,0,758
test,LFP_normal_vin_484_vin_484_discharge_3,normal,vin_484,3,0,601
test,LFP_normal_vin_484_vin_484_discharge_4,normal,vin_484,4,0,619
test,LFP_normal_vin_484_vin_484_discharge_5,normal,vin_484,5,0,531
test,LFP_normal_vin_484_vin_484_discharge_6,normal,vin_484,6,0,792
test,LFP_normal_vin_484_vin_484_discharge_7,normal,vin_484,7,0,702
test,LFP_normal_vin_484_vin_484_discharge_8,normal,vin_484,8,0,757
test,LFP_normal_vin_484_vin_484_discharge_9,normal,vin_484,9,0,614
test,LFP_normal_vin_484_vin_484_discharge_10,normal,vin_484,10,0,612
test,LFP_normal_vin_499_vin_499_discharge_1,normal,vin_499,1,0,895
test,LFP_normal_vin_499_vin_499_discharge_2,normal,vin_499,2,0,571
test,LFP_normal_vin_499_vin_499_discharge_3,normal,vin_499,3,0,681
test,LFP_normal_vin_499_vin_499_discharge_4,normal,vin_499,4,0,804
test,LFP_normal_vin_499_vin_499_discharge_5,normal,vin_499,5,0,632
test,LFP_normal_vin_499_vin_499_discharge_6,normal,vin_499,6,0,523
test,LFP_normal_vin_499_vin_499_discharge_7,normal,vin_499,7,0,575
test,LFP_normal_vin_499_vin_499_discharge_8,normal,vin_499,8,0,520
test,LFP_normal_vin_499_vin_499_discharge_9,normal,vin_499,9,0,579
test,LFP_normal_vin_499_vin_499_discharge_10,normal,vin_499,10,0,494
test,LFP_high_resistance_vin_41_vin_41_discharge_1,high_resistance,vin_41,1,1,564
test,LFP_high_resistance_vin_41_vin_41_discharge_2,high_resistance,vin_41,2,1,682
test,LFP_high_resistance_vin_41_vin_41_discharge_3,high_resistance,vin_41,3,1,697
test,LFP_high_resistance_vin_41_vin_41_discharge_4,high_resistance,vin_41,4,1,594
test,LFP_high_resistance_vin_41_vin_41_discharge_5,high_resistance,vin_41,5,1,657
test,LFP_high_resistance_vin_41_vin_41_discharge_6,high_resistance,vin_41,6,1,846
test,LFP_high_resistance_vin_41_vin_41_discharge_7,high_resistance,vin_41,7,1,715
test,LFP_high_resistance_vin_41_vin_41_discharge_8,high_resistance,vin_41,8,1,739
test,LFP_high_resistance_vin_41_vin_41_discharge_9,high_resistance,vin_41,9,1,673
test,LFP_high_resistance_vin_41_vin_41_discharge_10,high_resistance,vin_41,10,1,540
test,LFP_high_resistance_vin_42_vin_42_discharge_1,high_resistance,vin_42,1,1,603
test,LFP_high_resistance_vin_42_vin_42_discharge_2,high_resistance,vin_42,2,1,560
test,LFP_high_resistance_vin_42_vin_42_discharge_3,high_resistance,vin_42,3,1,583
test,LFP_high_resistance_vin_42_vin_42_discharge_4,high_resistance,vin_42,4,1,554
test,LFP_high_resistance_vin_42_vin_42_discharge_5,high_resistance,vin_42,5,1,660
test,LFP_high_resistance_vin_42_vin_42_discharge_6,high_resistance,vin_42,6,1,579
test,LFP_high_resistance_vin_42_vin_42_discharge_7,high_resistance,vin_42,7,1,531
test,LFP_high_resistance_vin_42_vin_42_discharge_8,high_resistance,vin_42,8,1,530
test,LFP_high_resistance_vin_42_vin_42_discharge_9,high_resistance,vin_42,9,1,587
test,LFP_high_resistance_vin_42_vin_42_discharge_10,high_resistance,vin_42,10,1,585
test,LFP_high_resistance_vin_43_vin_43_discharge_1,high_resistance,vin_43,1,1,565
test,LFP_high_resistance_vin_43_vin_43_discharge_2,high_resistance,vin_43,2,1,862
test,LFP_high_resistance_vin_43_vin_43_discharge_3,high_resistance,vin_43,3,1,546
test,LFP_high_resistance_vin_43_vin_43_discharge_4,high_resistance,vin_43,4,1,583
test,LFP_high_resistance_vin_43_vin_43_discharge_5,high_resistance,vin_43,5,1,673
test,LFP_high_resistance_vin_43_vin_43_discharge_6,high_resistance,vin_43,6,1,655
test,LFP_high_resistance_vin_43_vin_43_discharge_7,high_resistance,vin_43,7,1,581
test,LFP_high_resistance_vin_43_vin_43_discharge_8,high_resistance,vin_43,8,1,567
test,LFP_high_resistance_vin_43_vin_43_discharge_9,high_resistance,vin_43,9,1,690
test,LFP_high_resistance_vin_43_vin_43_discharge_10,high_resistance,vin_43,10,1,643
test,LFP_high_resistance_vin_44_vin_44_discharge_1,high_resistance,vin_44,1,1,538
test,LFP_high_resistance_vin_44_vin_44_discharge_2,high_resistance,vin_44,2,1,522
test,LFP_high_resistance_vin_44_vin_44_discharge_3,high_resistance,vin_44,3,1,793
test,LFP_high_resistance_vin_44_vin_44_discharge_4,high_resistance,vin_44,4,1,611
test,LFP_high_resistance_vin_44_vin_44_discharge_5,high_resistance,vin_44,5,1,564
test,LFP_high_resistance_vin_44_vin_44_discharge_6,high_resistance,vin_44,6,1,559
test,LFP_high_resistance_vin_44_vin_44_discharge_7,high_resistance,vin_44,7,1,605
test,LFP_high_resistance_vin_44_vin_44_discharge_8,high_resistance,vin_44,8,1,591
test,LFP_high_resistance_vin_44_vin_44_discharge_9,high_resistance,vin_44,9,1,804
test,LFP_high_resistance_vin_44_vin_44_discharge_10,high_resistance,vin_44,10,1,566
test,LFP_high_resistance_vin_45_vin_45_discharge_1,high_resistance,vin_45,1,1,694
test,LFP_high_resistance_vin_45_vin_45_discharge_2,high_resistance,vin_45,2,1,823
test,LFP_high_resistance_vin_45_vin_45_discharge_3,high_resistance,vin_45,3,1,554
test,LFP_high_resistance_vin_45_vin_45_discharge_4,high_resistance,vin_45,4,1,678
test,LFP_high_resistance_vin_45_vin_45_discharge_5,high_resistance,vin_45,5,1,628
test,LFP_high_resistance_vin_45_vin_45_discharge_6,high_resistance,vin_45,6,1,823
test,LFP_high_resistance_vin_45_vin_45_discharge_7,high_resistance,vin_45,7,1,503
test,LFP_high_resistance_vin_45_vin_45_discharge_8,high_resistance,vin_45,8,1,790
test,LFP_high_resistance_vin_45_vin_45_discharge_9,high_resistance,vin_45,9,1,541
test,LFP_high_resistance_vin_45_vin_45_discharge_10,high_resistance,vin_45,10,1,1004
test,LFP_high_resistance_vin_46_vin_46_discharge_1,high_resistance,vin_46,1,1,683
test,LFP_high_resistance_vin_46_vin_46_discharge_2,high_resistance,vin_46,2,1,508
test,LFP_high_resistance_vin_46_vin_46_discharge_3,high_resistance,vin_46,3,1,802
test,LFP_high_resistance_vin_46_vin_46_discharge_4,high_resistance,vin_46,4,1,544
test,LFP_high_resistance_vin_46_vin_46_discharge_5,high_resistance,vin_46,5,1,645
test,LFP_high_resistance_vin_46_vin_46_discharge_6,high_resistance,vin_46,6,1,654
test,LFP_high_resistance_vin_46_vin_46_discharge_7,high_resistance,vin_46,7,1,592
test,LFP_high_resistance_vin_46_vin_46_discharge_8,high_resistance,vin_46,8,1,684
test,LFP_high_resistance_vin_46_vin_46_discharge_9,high_resistance,vin_46,9,1,547
test,LFP_high_resistance_vin_46_vin_46_discharge_10,high_resistance,vin_46,10,1,554
test,LFP_high_resistance_vin_47_vin_47_discharge_1,high_resistance,vin_47,1,1,991
test,LFP_high_resistance_vin_47_vin_47_discharge_2,high_resistance,vin_47,2,1,590
test,LFP_high_resistance_vin_47_vin_47_discharge_3,high_resistance,vin_47,3,1,856
test,LFP_high_resistance_vin_47_vin_47_discharge_4,high_resistance,vin_47,4,1,561
test,LFP_high_resistance_vin_47_vin_47_discharge_5,high_resistance,vin_47,5,1,822
test,LFP_high_resistance_vin_47_vin_47_discharge_6,high_resistance,vin_47,6,1,570
test,LFP_high_resistance_vin_47_vin_47_discharge_7,high_resistance,vin_47,7,1,838
test,LFP_high_resistance_vin_47_vin_47_discharge_8,high_resistance,vin_47,8,1,592
test,LFP_high_resistance_vin_47_vin_47_discharge_9,high_resistance,vin_47,9,1,701
test,LFP_high_resistance_vin_47_vin_47_discharge_10,high_resistance,vin_47,10,1,941
test,LFP_high_resistance_vin_48_vin_48_discharge_1,high_resistance,vin_48,1,1,583
test,LFP_high_resistance_vin_48_vin_48_discharge_2,high_resistance,vin_48,2,1,658
test,LFP_high_resistance_vin_48_vin_48_discharge_3,high_resistance,vin_48,3,1,573
test,LFP_high_resistance_vin_48_vin_48_discharge_4,high_resistance,vin_48,4,1,529
test,LFP_high_resistance_vin_48_vin_48_discharge_5,high_resistance,vin_48,5,1,856
test,LFP_high_resistance_vin_48_vin_48_discharge_6,high_resistance,vin_48,6,1,560
test,LFP_high_resistance_vin_48_vin_48_discharge_7,high_resistance,vin_48,7,1,578
test,LFP_high_resistance_vin_48_vin_48_discharge_8,high_resistance,vin_48,8,1,674
test,LFP_high_resistance_vin_48_vin_48_discharge_9,high_resistance,vin_48,9,1,643
test,LFP_high_resistance_vin_48_vin_48_discharge_10,high_resistance,vin_48,10,1,692
test,LFP_high_resistance_vin_49_vin_49_discharge_1,high_resistance,vin_49,1,1,547
test,LFP_high_resistance_vin_49_vin_49_discharge_2,high_resistance,vin_49,2,1,592
test,LFP_high_resistance_vin_49_vin_49_discharge_3,high_resistance,vin_49,3,1,814
test,LFP_high_resistance_vin_49_vin_49_discharge_4,high_resistance,vin_49,4,1,659
test,LFP_high_resistance_vin_49_vin_49_discharge_5,high_resistance,vin_49,5,1,562
test,LFP_high_resistance_vin_49_vin_49_discharge_6,high_resistance,vin_49,6,1,567
test,LFP_high_resistance_vin_49_vin_49_discharge_7,high_resistance,vin_49,7,1,856
test,LFP_high_resistance_vin_49_vin_49_discharge_8,high_resistance,vin_49,8,1,551
test,LFP_high_resistance_vin_49_vin_49_discharge_9,high_resistance,vin_49,9,1,601
test,LFP_high_resistance_vin_49_vin_49_discharge_10,high_resistance,vin_49,10,1,519
test,LFP_high_resistance_vin_50_vin_50_discharge_1,high_resistance,vin_50,1,1,914
test,LFP_high_resistance_vin_50_vin_50_discharge_2,high_resistance,vin_50,2,1,504
test,LFP_high_resistance_vin_50_vin_50_discharge_3,high_resistance,vin_50,3,1,632
test,LFP_high_resistance_vin_50_vin_50_discharge_4,high_resistance,vin_50,4,1,559
test,LFP_high_resistance_vin_50_vin_50_discharge_5,high_resistance,vin_50,5,1,680
test,LFP_high_resistance_vin_50_vin_50_discharge_6,high_resistance,vin_50,6,1,590
test,LFP_high_resistance_vin_50_vin_50_discharge_7,high_resistance,vin_50,7,1,550
test,LFP_high_resistance_vin_50_vin_50_discharge_8,high_resistance,vin_50,8,1,577
test,LFP_high_resistance_vin_50_vin_50_discharge_9,high_resistance,vin_50,9,1,583
test,LFP_high_resistance_vin_50_vin_50_discharge_10,high_resistance,vin_50,10,1,1026
test,LFP_high_resistance_vin_51_vin_51_discharge_1,high_resistance,vin_51,1,1,858
test,LFP_high_resistance_vin_51_vin_51_discharge_2,high_resistance,vin_51,2,1,696
test,LFP_high_resistance_vin_51_vin_51_discharge_3,high_resistance,vin_51,3,1,608
test,LFP_high_resistance_vin_51_vin_51_discharge_4,high_resistance,vin_51,4,1,528
test,LFP_high_resistance_vin_51_vin_51_discharge_5,high_resistance,vin_51,5,1,675
test,LFP_high_resistance_vin_51_vin_51_discharge_6,high_resistance,vin_51,6,1,784
test,LFP_high_resistance_vin_51_vin_51_discharge_7,high_resistance,vin_51,7,1,1008
test,LFP_high_resistance_vin_51_vin_51_discharge_8,high_resistance,vin_51,8,1,657
test,LFP_high_resistance_vin_51_vin_51_discharge_9,high_resistance,vin_51,9,1,539
test,LFP_high_resistance_vin_51_vin_51_discharge_10,high_resistance,vin_51,10,1,679
test,LFP_high_resistance_vin_52_vin_52_discharge_1,high_resistance,vin_52,1,1,665
test,LFP_high_resistance_vin_52_vin_52_discharge_2,high_resistance,vin_52,2,1,541
test,LFP_high_resistance_vin_52_vin_52_discharge_3,high_resistance,vin_52,3,1,544
test,LFP_high_resistance_vin_52_vin_52_discharge_4,high_resistance,vin_52,4,1,628
test,LFP_high_resistance_vin_52_vin_52_discharge_5,high_resistance,vin_52,5,1,634
test,LFP_high_resistance_vin_52_vin_52_discharge_6,high_resistance,vin_52,6,1,533
test,LFP_high_resistance_vin_52_vin_52_discharge_7,high_resistance,vin_52,7,1,670
test,LFP_high_resistance_vin_52_vin_52_discharge_8,high_resistance,vin_52,8,1,570
test,LFP_high_resistance_vin_52_vin_52_discharge_9,high_resistance,vin_52,9,1,492
test,LFP_high_resistance_vin_52_vin_52_discharge_10,high_resistance,vin_52,10,1,666
test,LFP_high_resistance_vin_53_vin_53_discharge_1,high_resistance,vin_53,1,1,548
test,LFP_high_resistance_vin_53_vin_53_discharge_2,high_resistance,vin_53,2,1,686
test,LFP_high_resistance_vin_53_vin_53_discharge_3,high_resistance,vin_53,3,1,738
test,LFP_high_resistance_vin_53_vin_53_discharge_4,high_resistance,vin_53,4,1,869
test,LFP_high_resistance_vin_53_vin_53_discharge_5,high_resistance,vin_53,5,1,519
test,LFP_high_resistance_vin_53_vin_53_discharge_6,high_resistance,vin_53,6,1,932
test,LFP_high_resistance_vin_53_vin_53_discharge_7,high_resistance,vin_53,7,1,517
test,LFP_high_resistance_vin_53_vin_53_discharge_8,high_resistance,vin_53,8,1,1025
test,LFP_high_resistance_vin_53_vin_53_discharge_9,high_resistance,vin_53,9,1,534
test,LFP_high_resistance_vin_53_vin_53_discharge_10,high_resistance,vin_53,10,1,605
test,LFP_high_resistance_vin_54_vin_54_discharge_1,high_resistance,vin_54,1,1,673
test,LFP_high_resistance_vin_54_vin_54_discharge_2,high_resistance,vin_54,2,1,934
test,LFP_high_resistance_vin_54_vin_54_discharge_3,high_resistance,vin_54,3,1,693
test,LFP_high_resistance_vin_54_vin_54_discharge_4,high_resistance,vin_54,4,1,869
test,LFP_high_resistance_vin_54_vin_54_discharge_5,high_resistance,vin_54,5,1,492
test,LFP_high_resistance_vin_54_vin_54_discharge_6,high_resistance,vin_54,6,1,493
test,LFP_high_resistance_vin_54_vin_54_discharge_7,high_resistance,vin_54,7,1,644
test,LFP_high_resistance_vin_54_vin_54_discharge_8,high_resistance,vin_54,8,1,539
test,LFP_high_resistance_vin_54_vin_54_discharge_9,high_resistance,vin_54,9,1,558
test,LFP_high_resistance_vin_54_vin_54_discharge_10,high_resistance,vin_54,10,1,602
test,LFP_high_resistance_vin_55_vin_55_discharge_1,high_resistance,vin_55,1,1,808
test,LFP_high_resistance_vin_55_vin_55_discharge_2,high_resistance,vin_55,2,1,664
test,LFP_high_resistance_vin_55_vin_55_discharge_3,high_resistance,vin_55,3,1,576
test,LFP_high_resistance_vin_55_vin_55_discharge_4,high_resistance,vin_55,4,1,527
test,LFP_high_resistance_vin_55_vin_55_discharge_5,high_resistance,vin_55,5,1,636
test,LFP_high_resistance_vin_55_vin_55_discharge_6,high_resistance,vin_55,6,1,637
test,LFP_high_resistance_vin_55_vin_55_discharge_7,high_resistance,vin_55,7,1,679
test,LFP_high_resistance_vin_55_vin_55_discharge_8,high_resistance,vin_55,8,1,627
test,LFP_high_resistance_vin_55_vin_55_discharge_9,high_resistance,vin_55,9,1,685
test,LFP_high_resistance_vin_55_vin_55_discharge_10,high_resistance,vin_55,10,1,490
test,LFP_high_resistance_vin_56_vin_56_discharge_1,high_resistance,vin_56,1,1,858
test,LFP_high_resistance_vin_56_vin_56_discharge_2,high_resistance,vin_56,2,1,671
test,LFP_high_resistance_vin_56_vin_56_discharge_3,high_resistance,vin_56,3,1,731
test,LFP_high_resistance_vin_56_vin_56_discharge_4,high_resistance,vin_56,4,1,585
test,LFP_high_resistance_vin_56_vin_56_discharge_5,high_resistance,vin_56,5,1,687
test,LFP_high_resistance_vin_56_vin_56_discharge_6,high_resistance,vin_56,6,1,543
test,LFP_high_resistance_vin_56_vin_56_discharge_7,high_resistance,vin_56,7,1,564
test,LFP_high_resistance_vin_56_vin_56_discharge_8,high_resistance,vin_56,8,1,714
test,LFP_high_resistance_vin_56_vin_56_discharge_9,high_resistance,vin_56,9,1,671
test,LFP_high_resistance_vin_56_vin_56_discharge_10,high_resistance,vin_56,10,1,696
test,LFP_high_resistance_vin_57_vin_57_discharge_1,high_resistance,vin_57,1,1,521
test,LFP_high_resistance_vin_57_vin_57_discharge_2,high_resistance,vin_57,2,1,1022
test,LFP_high_resistance_vin_57_vin_57_discharge_3,high_resistance,vin_57,3,1,616
test,LFP_high_resistance_vin_57_vin_57_discharge_4,high_resistance,vin_57,4,1,541
test,LFP_high_resistance_vin_57_vin_57_discharge_5,high_resistance,vin_57,5,1,554
test,LFP_high_resistance_vin_57_vin_57_discharge_6,high_resistance,vin_57,6,1,931
test,LFP_high_resistance_vin_57_vin_57_discharge_7,high_resistance,vin_57,7,1,854
test,LFP_high_resistance_vin_57_vin_57_discharge_8,high_resistance,vin_57,8,1,697
test,LFP_high_resistance_vin_57_vin_57_discharge_9,high_resistance,vin_57,9,1,736
test,LFP_high_resistance_vin_57_vin_57_discharge_10,high_resistance,vin_57,10,1,513
test,LFP_high_resistance_vin_58_vin_58_discharge_1,high_resistance,vin_58,1,1,721
test,LFP_high_resistance_vin_58_vin_58_discharge_2,high_resistance,vin_58,2,1,558
test,LFP_high_resistance_vin_58_vin_58_discharge_3,high_resistance,vin_58,3,1,610
test,LFP_high_resistance_vin_58_vin_58_discharge_4,high_resistance,vin_58,4,1,504
test,LFP_high_resistance_vin_58_vin_58_discharge_5,high_resistance,vin_58,5,1,559
test,LFP_high_resistance_vin_58_vin_58_discharge_6,high_resistance,vin_58,6,1,572
test,LFP_high_resistance_vin_58_vin_58_discharge_7,high_resistance,vin_58,7,1,549
test,LFP_high_resistance_vin_58_vin_58_discharge_8,high_resistance,vin_58,8,1,546
test,LFP_high_resistance_vin_58_vin_58_discharge_9,high_resistance,vin_58,9,1,674
test,LFP_high_resistance_vin_58_vin_58_discharge_10,high_resistance,vin_58,10,1,603
test,LFP_high_resistance_vin_59_vin_59_discharge_1,high_resistance,vin_59,1,1,631
test,LFP_high_resistance_vin_59_vin_59_discharge_2,high_resistance,vin_59,2,1,956
test,LFP_high_resistance_vin_59_vin_59_discharge_3,high_resistance,vin_59,3,1,573
test,LFP_high_resistance_vin_59_vin_59_discharge_4,high_resistance,vin_59,4,1,540
test,LFP_high_resistance_vin_59_vin_59_discharge_5,high_resistance,vin_59,5,1,525
test,LFP_high_resistance_vin_59_vin_59_discharge_6,high_resistance,vin_59,6,1,685
test,LFP_high_resistance_vin_59_vin_59_discharge_7,high_resistance,vin_59,7,1,597
test,LFP_high_resistance_vin_59_vin_59_discharge_8,high_resistance,vin_59,8,1,606
test,LFP_high_resistance_vin_59_vin_59_discharge_9,high_resistance,vin_59,9,1,810
test,LFP_high_resistance_vin_59_vin_59_discharge_10,high_resistance,vin_59,10,1,729
test,LFP_high_resistance_vin_60_vin_60_discharge_1,high_resistance,vin_60,1,1,628
test,LFP_high_resistance_vin_60_vin_60_discharge_2,high_resistance,vin_60,2,1,580
test,LFP_high_resistance_vin_60_vin_60_discharge_3,high_resistance,vin_60,3,1,534
test,LFP_high_resistance_vin_60_vin_60_discharge_4,high_resistance,vin_60,4,1,559
test,LFP_high_resistance_vin_60_vin_60_discharge_5,high_resistance,vin_60,5,1,664
test,LFP_high_resistance_vin_60_vin_60_discharge_6,high_resistance,vin_60,6,1,765
test,LFP_high_resistance_vin_60_vin_60_discharge_7,high_resistance,vin_60,7,1,587
test,LFP_high_resistance_vin_60_vin_60_discharge_8,high_resistance,vin_60,8,1,590
test,LFP_high_resistance_vin_60_vin_60_discharge_9,high_resistance,vin_60,9,1,745
test,LFP_high_resistance_vin_60_vin_60_discharge_10,high_resistance,vin_60,10,1,668
test,LFP_high_resistance_vin_61_vin_61_discharge_1,high_resistance,vin_61,1,1,670
test,LFP_high_resistance_vin_61_vin_61_discharge_2,high_resistance,vin_61,2,1,556
test,LFP_high_resistance_vin_61_vin_61_discharge_3,high_resistance,vin_61,3,1,865
test,LFP_high_resistance_vin_61_vin_61_discharge_4,high_resistance,vin_61,4,1,612
test,LFP_high_resistance_vin_61_vin_61_discharge_5,high_resistance,vin_61,5,1,558
test,LFP_high_resistance_vin_61_vin_61_discharge_6,high_resistance,vin_61,6,1,557
test,LFP_high_resistance_vin_61_vin_61_discharge_7,high_resistance,vin_61,7,1,527
test,LFP_high_resistance_vin_61_vin_61_discharge_8,high_resistance,vin_61,8,1,803
test,LFP_high_resistance_vin_61_vin_61_discharge_9,high_resistance,vin_61,9,1,547
test,LFP_high_resistance_vin_61_vin_61_discharge_10,high_resistance,vin_61,10,1,594
test,LFP_high_resistance_vin_62_vin_62_discharge_1,high_resistance,vin_62,1,1,617
test,LFP_high_resistance_vin_62_vin_62_discharge_2,high_resistance,vin_62,2,1,558
test,LFP_high_resistance_vin_62_vin_62_discharge_3,high_resistance,vin_62,3,1,619
test,LFP_high_resistance_vin_62_vin_62_discharge_4,high_resistance,vin_62,4,1,520
test,LFP_high_resistance_vin_62_vin_62_discharge_5,high_resistance,vin_62,5,1,779
test,LFP_high_resistance_vin_62_vin_62_discharge_6,high_resistance,vin_62,6,1,576
test,LFP_high_resistance_vin_62_vin_62_discharge_7,high_resistance,vin_62,7,1,557
test,LFP_high_resistance_vin_62_vin_62_discharge_8,high_resistance,vin_62,8,1,591
test,LFP_high_resistance_vin_62_vin_62_discharge_9,high_resistance,vin_62,9,1,540
test,LFP_high_resistance_vin_62_vin_62_discharge_10,high_resistance,vin_62,10,1,811
test,LFP_high_resistance_vin_63_vin_63_discharge_1,high_resistance,vin_63,1,1,754
test,LFP_high_resistance_vin_63_vin_63_discharge_2,high_resistance,vin_63,2,1,548
test,LFP_high_resistance_vin_63_vin_63_discharge_3,high_resistance,vin_63,3,1,545
test,LFP_high_resistance_vin_63_vin_63_discharge_4,high_resistance,vin_63,4,1,939
test,LFP_high_resistance_vin_63_vin_63_discharge_5,high_resistance,vin_63,5,1,545
test,LFP_high_resistance_vin_63_vin_63_discharge_6,high_resistance,vin_63,6,1,630
test,LFP_high_resistance_vin_63_vin_63_discharge_7,high_resistance,vin_63,7,1,804
test,LFP_high_resistance_vin_63_vin_63_discharge_8,high_resistance,vin_63,8,1,870
test,LFP_high_resistance_vin_63_vin_63_discharge_9,high_resistance,vin_63,9,1,550
test,LFP_high_resistance_vin_63_vin_63_discharge_10,high_resistance,vin_63,10,1,604
test,LFP_high_resistance_vin_64_vin_64_discharge_1,high_resistance,vin_64,1,1,497
test,LFP_high_resistance_vin_64_vin_64_discharge_2,high_resistance,vin_64,2,1,591
test,LFP_high_resistance_vin_64_vin_64_discharge_3,high_resistance,vin_64,3,1,540
test,LFP_high_resistance_vin_64_vin_64_discharge_4,high_resistance,vin_64,4,1,726
test,LFP_high_resistance_vin_64_vin_64_discharge_5,high_resistance,vin_64,5,1,939
test,LFP_high_resistance_vin_64_vin_64_discharge_6,high_resistance,vin_64,6,1,695
test,LFP_high_resistance_vin_64_vin_64_discharge_7,high_resistance,vin_64,7,1,641
test,LFP_high_resistance_vin_64_vin_64_discharge_8,high_resistance,vin_64,8,1,553
test,LFP_high_resistance_vin_64_vin_64_discharge_9,high_resistance,vin_64,9,1,626
test,LFP_high_resistance_vin_64_vin_64_discharge_10,high_resistance,vin_64,10,1,530
test,LFP_high_resistance_vin_65_vin_65_discharge_1,high_resistance,vin_65,1,1,584
test,LFP_high_resistance_vin_65_vin_65_discharge_2,high_resistance,vin_65,2,1,1099
test,LFP_high_resistance_vin_65_vin_65_discharge_3,high_resistance,vin_65,3,1,857
test,LFP_high_resistance_vin_65_vin_65_discharge_4,high_resistance,vin_65,4,1,1052
test,LFP_high_resistance_vin_65_vin_65_discharge_5,high_resistance,vin_65,5,1,791
test,LFP_high_resistance_vin_65_vin_65_discharge_6,high_resistance,vin_65,6,1,871
test,LFP_high_resistance_vin_65_vin_65_discharge_7,high_resistance,vin_65,7,1,810
test,LFP_high_resistance_vin_65_vin_65_discharge_8,high_resistance,vin_65,8,1,577
test,LFP_high_resistance_vin_65_vin_65_discharge_9,high_resistance,vin_65,9,1,800
test,LFP_high_resistance_vin_65_vin_65_discharge_10,high_resistance,vin_65,10,1,539
test,LFP_high_resistance_vin_66_vin_66_discharge_1,high_resistance,vin_66,1,1,549
test,LFP_high_resistance_vin_66_vin_66_discharge_2,high_resistance,vin_66,2,1,553
test,LFP_high_resistance_vin_66_vin_66_discharge_3,high_resistance,vin_66,3,1,794
test,LFP_high_resistance_vin_66_vin_66_discharge_4,high_resistance,vin_66,4,1,587
test,LFP_high_resistance_vin_66_vin_66_discharge_5,high_resistance,vin_66,5,1,929
test,LFP_high_resistance_vin_66_vin_66_discharge_6,high_resistance,vin_66,6,1,692
test,LFP_high_resistance_vin_66_vin_66_discharge_7,high_resistance,vin_66,7,1,879
test,LFP_high_resistance_vin_66_vin_66_discharge_8,high_resistance,vin_66,8,1,609
test,LFP_high_resistance_vin_66_vin_66_discharge_9,high_resistance,vin_66,9,1,1030
test,LFP_high_resistance_vin_66_vin_66_discharge_10,high_resistance,vin_66,10,1,552
test,LFP_high_resistance_vin_67_vin_67_discharge_1,high_resistance,vin_67,1,1,787
test,LFP_high_resistance_vin_67_vin_67_discharge_2,high_resistance,vin_67,2,1,874
test,LFP_high_resistance_vin_67_vin_67_discharge_3,high_resistance,vin_67,3,1,999
test,LFP_high_resistance_vin_67_vin_67_discharge_4,high_resistance,vin_67,4,1,692
test,LFP_high_resistance_vin_67_vin_67_discharge_5,high_resistance,vin_67,5,1,507
test,LFP_high_resistance_vin_67_vin_67_discharge_6,high_resistance,vin_67,6,1,644
test,LFP_high_resistance_vin_67_vin_67_discharge_7,high_resistance,vin_67,7,1,370
test,LFP_high_resistance_vin_67_vin_67_discharge_8,high_resistance,vin_67,8,1,633
test,LFP_high_resistance_vin_67_vin_67_discharge_9,high_resistance,vin_67,9,1,573
test,LFP_high_resistance_vin_67_vin_67_discharge_10,high_resistance,vin_67,10,1,577
test,LFP_high_resistance_vin_68_vin_68_discharge_1,high_resistance,vin_68,1,1,587
test,LFP_high_resistance_vin_68_vin_68_discharge_2,high_resistance,vin_68,2,1,970
test,LFP_high_resistance_vin_68_vin_68_discharge_3,high_resistance,vin_68,3,1,568
test,LFP_high_resistance_vin_68_vin_68_discharge_4,high_resistance,vin_68,4,1,937
test,LFP_high_resistance_vin_68_vin_68_discharge_5,high_resistance,vin_68,5,1,860
test,LFP_high_resistance_vin_68_vin_68_discharge_6,high_resistance,vin_68,6,1,825
test,LFP_high_resistance_vin_68_vin_68_discharge_7,high_resistance,vin_68,7,1,709
test,LFP_high_resistance_vin_68_vin_68_discharge_8,high_resistance,vin_68,8,1,833
test,LFP_high_resistance_vin_68_vin_68_discharge_9,high_resistance,vin_68,9,1,588
test,LFP_high_resistance_vin_68_vin_68_discharge_10,high_resistance,vin_68,10,1,559
test,LFP_high_resistance_vin_69_vin_69_discharge_1,high_resistance,vin_69,1,1,691
test,LFP_high_resistance_vin_69_vin_69_discharge_2,high_resistance,vin_69,2,1,592
test,LFP_high_resistance_vin_69_vin_69_discharge_3,high_resistance,vin_69,3,1,900
test,LFP_high_resistance_vin_69_vin_69_discharge_4,high_resistance,vin_69,4,1,887
test,LFP_high_resistance_vin_69_vin_69_discharge_5,high_resistance,vin_69,5,1,589
test,LFP_high_resistance_vin_69_vin_69_discharge_6,high_resistance,vin_69,6,1,674
test,LFP_high_resistance_vin_69_vin_69_discharge_7,high_resistance,vin_69,7,1,579
test,LFP_high_resistance_vin_69_vin_69_discharge_8,high_resistance,vin_69,8,1,493
test,LFP_high_resistance_vin_69_vin_69_discharge_9,high_resistance,vin_69,9,1,549
test,LFP_high_resistance_vin_69_vin_69_discharge_10,high_resistance,vin_69,10,1,519
test,LFP_high_resistance_vin_70_vin_70_discharge_1,high_resistance,vin_70,1,1,515
test,LFP_high_resistance_vin_70_vin_70_discharge_2,high_resistance,vin_70,2,1,710
test,LFP_high_resistance_vin_70_vin_70_discharge_3,high_resistance,vin_70,3,1,511
test,LFP_high_resistance_vin_70_vin_70_discharge_4,high_resistance,vin_70,4,1,646
test,LFP_high_resistance_vin_70_vin_70_discharge_5,high_resistance,vin_70,5,1,538
test,LFP_high_resistance_vin_70_vin_70_discharge_6,high_resistance,vin_70,6,1,577
test,LFP_high_resistance_vin_70_vin_70_discharge_7,high_resistance,vin_70,7,1,578
test,LFP_high_resistance_vin_70_vin_70_discharge_8,high_resistance,vin_70,8,1,652
test,LFP_high_resistance_vin_70_vin_70_discharge_9,high_resistance,vin_70,9,1,585
test,LFP_high_resistance_vin_70_vin_70_discharge_10,high_resistance,vin_70,10,1,578
test,LFP_low_capacity_vin_100_vin_100_discharge_1,low_capacity,vin_100,1,1,621
test,LFP_low_capacity_vin_100_vin_100_discharge_2,low_capacity,vin_100,2,1,644
test,LFP_low_capacity_vin_100_vin_100_discharge_3,low_capacity,vin_100,3,1,604
test,LFP_low_capacity_vin_100_vin_100_discharge_4,low_capacity,vin_100,4,1,656
test,LFP_low_capacity_vin_100_vin_100_discharge_5,low_capacity,vin_100,5,1,710
test,LFP_low_capacity_vin_100_vin_100_discharge_6,low_capacity,vin_100,6,1,561
test,LFP_low_capacity_vin_100_vin_100_discharge_7,low_capacity,vin_100,7,1,590
test,LFP_low_capacity_vin_100_vin_100_discharge_8,low_capacity,vin_100,8,1,607
test,LFP_low_capacity_vin_100_vin_100_discharge_9,low_capacity,vin_100,9,1,553
test,LFP_low_capacity_vin_100_vin_100_discharge_10,low_capacity,vin_100,10,1,509
test,LFP_low_capacity_vin_71_vin_71_discharge_1,low_capacity,vin_71,1,1,752
test,LFP_low_capacity_vin_71_vin_71_discharge_2,low_capacity,vin_71,2,1,549
test,LFP_low_capacity_vin_71_vin_71_discharge_3,low_capacity,vin_71,3,1,597
test,LFP_low_capacity_vin_71_vin_71_discharge_4,low_capacity,vin_71,4,1,796
test,LFP_low_capacity_vin_71_vin_71_discharge_5,low_capacity,vin_71,5,1,627
test,LFP_low_capacity_vin_71_vin_71_discharge_6,low_capacity,vin_71,6,1,528
test,LFP_low_capacity_vin_71_vin_71_discharge_7,low_capacity,vin_71,7,1,592
test,LFP_low_capacity_vin_71_vin_71_discharge_8,low_capacity,vin_71,8,1,605
test,LFP_low_capacity_vin_71_vin_71_discharge_9,low_capacity,vin_71,9,1,711
test,LFP_low_capacity_vin_71_vin_71_discharge_10,low_capacity,vin_71,10,1,814
test,LFP_low_capacity_vin_72_vin_72_discharge_1,low_capacity,vin_72,1,1,599
test,LFP_low_capacity_vin_72_vin_72_discharge_2,low_capacity,vin_72,2,1,523
test,LFP_low_capacity_vin_72_vin_72_discharge_3,low_capacity,vin_72,3,1,667
test,LFP_low_capacity_vin_72_vin_72_discharge_4,low_capacity,vin_72,4,1,808
test,LFP_low_capacity_vin_72_vin_72_discharge_5,low_capacity,vin_72,5,1,567
test,LFP_low_capacity_vin_72_vin_72_discharge_6,low_capacity,vin_72,6,1,636
test,LFP_low_capacity_vin_72_vin_72_discharge_7,low_capacity,vin_72,7,1,556
test,LFP_low_capacity_vin_72_vin_72_discharge_8,low_capacity,vin_72,8,1,535
test,LFP_low_capacity_vin_72_vin_72_discharge_9,low_capacity,vin_72,9,1,643
test,LFP_low_capacity_vin_72_vin_72_discharge_10,low_capacity,vin_72,10,1,633
test,LFP_low_capacity_vin_73_vin_73_discharge_1,low_capacity,vin_73,1,1,541
test,LFP_low_capacity_vin_73_vin_73_discharge_2,low_capacity,vin_73,2,1,895
test,LFP_low_capacity_vin_73_vin_73_discharge_3,low_capacity,vin_73,3,1,529
test,LFP_low_capacity_vin_73_vin_73_discharge_4,low_capacity,vin_73,4,1,722
test,LFP_low_capacity_vin_73_vin_73_discharge_5,low_capacity,vin_73,5,1,660
test,LFP_low_capacity_vin_73_vin_73_discharge_6,low_capacity,vin_73,6,1,550
test,LFP_low_capacity_vin_73_vin_73_discharge_7,low_capacity,vin_73,7,1,1140
test,LFP_low_capacity_vin_73_vin_73_discharge_8,low_capacity,vin_73,8,1,695
test,LFP_low_capacity_vin_73_vin_73_discharge_9,low_capacity,vin_73,9,1,702
test,LFP_low_capacity_vin_73_vin_73_discharge_10,low_capacity,vin_73,10,1,565
test,LFP_low_capacity_vin_74_vin_74_discharge_1,low_capacity,vin_74,1,1,611
test,LFP_low_capacity_vin_74_vin_74_discharge_2,low_capacity,vin_74,2,1,554
test,LFP_low_capacity_vin_74_vin_74_discharge_3,low_capacity,vin_74,3,1,618
test,LFP_low_capacity_vin_74_vin_74_discharge_4,low_capacity,vin_74,4,1,598
test,LFP_low_capacity_vin_74_vin_74_discharge_5,low_capacity,vin_74,5,1,516
test,LFP_low_capacity_vin_74_vin_74_discharge_6,low_capacity,vin_74,6,1,786
test,LFP_low_capacity_vin_74_vin_74_discharge_7,low_capacity,vin_74,7,1,982
test,LFP_low_capacity_vin_74_vin_74_discharge_8,low_capacity,vin_74,8,1,1005
test,LFP_low_capacity_vin_74_vin_74_discharge_9,low_capacity,vin_74,9,1,602
test,LFP_low_capacity_vin_74_vin_74_discharge_10,low_capacity,vin_74,10,1,553
test,LFP_low_capacity_vin_75_vin_75_discharge_1,low_capacity,vin_75,1,1,638
test,LFP_low_capacity_vin_75_vin_75_discharge_2,low_capacity,vin_75,2,1,638
test,LFP_low_capacity_vin_75_vin_75_discharge_3,low_capacity,vin_75,3,1,681
test,LFP_low_capacity_vin_75_vin_75_discharge_4,low_capacity,vin_75,4,1,740
test,LFP_low_capacity_vin_75_vin_75_discharge_5,low_capacity,vin_75,5,1,680
test,LFP_low_capacity_vin_75_vin_75_discharge_6,low_capacity,vin_75,6,1,519
test,LFP_low_capacity_vin_75_vin_75_discharge_7,low_capacity,vin_75,7,1,610
test,LFP_low_capacity_vin_75_vin_75_discharge_8,low_capacity,vin_75,8,1,656
test,LFP_low_capacity_vin_75_vin_75_discharge_9,low_capacity,vin_75,9,1,599
test,LFP_low_capacity_vin_75_vin_75_discharge_10,low_capacity,vin_75,10,1,573
test,LFP_low_capacity_vin_76_vin_76_discharge_1,low_capacity,vin_76,1,1,577
test,LFP_low_capacity_vin_76_vin_76_discharge_2,low_capacity,vin_76,2,1,583
test,LFP_low_capacity_vin_76_vin_76_discharge_3,low_capacity,vin_76,3,1,546
test,LFP_low_capacity_vin_76_vin_76_discharge_4,low_capacity,vin_76,4,1,760
test,LFP_low_capacity_vin_76_vin_76_discharge_5,low_capacity,vin_76,5,1,920
test,LFP_low_capacity_vin_76_vin_76_discharge_6,low_capacity,vin_76,6,1,642
test,LFP_low_capacity_vin_76_vin_76_discharge_7,low_capacity,vin_76,7,1,585
test,LFP_low_capacity_vin_76_vin_76_discharge_8,low_capacity,vin_76,8,1,689
test,LFP_low_capacity_vin_76_vin_76_discharge_9,low_capacity,vin_76,9,1,694
test,LFP_low_capacity_vin_76_vin_76_discharge_10,low_capacity,vin_76,10,1,573
test,LFP_low_capacity_vin_77_vin_77_discharge_1,low_capacity,vin_77,1,1,580
test,LFP_low_capacity_vin_77_vin_77_discharge_2,low_capacity,vin_77,2,1,885
test,LFP_low_capacity_vin_77_vin_77_discharge_3,low_capacity,vin_77,3,1,852
test,LFP_low_capacity_vin_77_vin_77_discharge_4,low_capacity,vin_77,4,1,600
test,LFP_low_capacity_vin_77_vin_77_discharge_5,low_capacity,vin_77,5,1,702
test,LFP_low_capacity_vin_77_vin_77_discharge_6,low_capacity,vin_77,6,1,565
test,LFP_low_capacity_vin_77_vin_77_discharge_7,low_capacity,vin_77,7,1,632
test,LFP_low_capacity_vin_77_vin_77_discharge_8,low_capacity,vin_77,8,1,552
test,LFP_low_capacity_vin_77_vin_77_discharge_9,low_capacity,vin_77,9,1,575
test,LFP_low_capacity_vin_77_vin_77_discharge_10,low_capacity,vin_77,10,1,538
test,LFP_low_capacity_vin_78_vin_78_discharge_1,low_capacity,vin_78,1,1,742
test,LFP_low_capacity_vin_78_vin_78_discharge_2,low_capacity,vin_78,2,1,687
test,LFP_low_capacity_vin_78_vin_78_discharge_3,low_capacity,vin_78,3,1,597
test,LFP_low_capacity_vin_78_vin_78_discharge_4,low_capacity,vin_78,4,1,813
test,LFP_low_capacity_vin_78_vin_78_discharge_5,low_capacity,vin_78,5,1,676
test,LFP_low_capacity_vin_78_vin_78_discharge_6,low_capacity,vin_78,6,1,523
test,LFP_low_capacity_vin_78_vin_78_discharge_7,low_capacity,vin_78,7,1,513
test,LFP_low_capacity_vin_78_vin_78_discharge_8,low_capacity,vin_78,8,1,610
test,LFP_low_capacity_vin_78_vin_78_discharge_9,low_capacity,vin_78,9,1,673
test,LFP_low_capacity_vin_78_vin_78_discharge_10,low_capacity,vin_78,10,1,663
test,LFP_low_capacity_vin_79_vin_79_discharge_1,low_capacity,vin_79,1,1,552
test,LFP_low_capacity_vin_79_vin_79_discharge_2,low_capacity,vin_79,2,1,669
test,LFP_low_capacity_vin_79_vin_79_discharge_3,low_capacity,vin_79,3,1,534
test,LFP_low_capacity_vin_79_vin_79_discharge_4,low_capacity,vin_79,4,1,637
test,LFP_low_capacity_vin_79_vin_79_discharge_5,low_capacity,vin_79,5,1,1029
test,LFP_low_capacity_vin_79_vin_79_discharge_6,low_capacity,vin_79,6,1,663
test,LFP_low_capacity_vin_79_vin_79_discharge_7,low_capacity,vin_79,7,1,599
test,LFP_low_capacity_vin_79_vin_79_discharge_8,low_capacity,vin_79,8,1,512
test,LFP_low_capacity_vin_79_vin_79_discharge_9,low_capacity,vin_79,9,1,659
test,LFP_low_capacity_vin_79_vin_79_discharge_10,low_capacity,vin_79,10,1,628
test,LFP_low_capacity_vin_80_vin_80_discharge_1,low_capacity,vin_80,1,1,944
test,LFP_low_capacity_vin_80_vin_80_discharge_2,low_capacity,vin_80,2,1,564
test,LFP_low_capacity_vin_80_vin_80_discharge_3,low_capacity,vin_80,3,1,581
test,LFP_low_capacity_vin_80_vin_80_discharge_4,low_capacity,vin_80,4,1,855
test,LFP_low_capacity_vin_80_vin_80_discharge_5,low_capacity,vin_80,5,1,523
test,LFP_low_capacity_vin_80_vin_80_discharge_6,low_capacity,vin_80,6,1,1008
test,LFP_low_capacity_vin_80_vin_80_discharge_7,low_capacity,vin_80,7,1,737
test,LFP_low_capacity_vin_80_vin_80_discharge_8,low_capacity,vin_80,8,1,618
test,LFP_low_capacity_vin_80_vin_80_discharge_9,low_capacity,vin_80,9,1,557
test,LFP_low_capacity_vin_80_vin_80_discharge_10,low_capacity,vin_80,10,1,516
test,LFP_low_capacity_vin_81_vin_81_discharge_1,low_capacity,vin_81,1,1,771
test,LFP_low_capacity_vin_81_vin_81_discharge_2,low_capacity,vin_81,2,1,509
test,LFP_low_capacity_vin_81_vin_81_discharge_3,low_capacity,vin_81,3,1,599
test,LFP_low_capacity_vin_81_vin_81_discharge_4,low_capacity,vin_81,4,1,648
test,LFP_low_capacity_vin_81_vin_81_discharge_5,low_capacity,vin_81,5,1,572
test,LFP_low_capacity_vin_81_vin_81_discharge_6,low_capacity,vin_81,6,1,794
test,LFP_low_capacity_vin_81_vin_81_discharge_7,low_capacity,vin_81,7,1,599
test,LFP_low_capacity_vin_81_vin_81_discharge_8,low_capacity,vin_81,8,1,657
test,LFP_low_capacity_vin_81_vin_81_discharge_9,low_capacity,vin_81,9,1,549
test,LFP_low_capacity_vin_81_vin_81_discharge_10,low_capacity,vin_81,10,1,701
test,LFP_low_capacity_vin_82_vin_82_discharge_1,low_capacity,vin_82,1,1,582
test,LFP_low_capacity_vin_82_vin_82_discharge_2,low_capacity,vin_82,2,1,716
test,LFP_low_capacity_vin_82_vin_82_discharge_3,low_capacity,vin_82,3,1,688
test,LFP_low_capacity_vin_82_vin_82_discharge_4,low_capacity,vin_82,4,1,581
test,LFP_low_capacity_vin_82_vin_82_discharge_5,low_capacity,vin_82,5,1,674
test,LFP_low_capacity_vin_82_vin_82_discharge_6,low_capacity,vin_82,6,1,762
test,LFP_low_capacity_vin_82_vin_82_discharge_7,low_capacity,vin_82,7,1,546
test,LFP_low_capacity_vin_82_vin_82_discharge_8,low_capacity,vin_82,8,1,545
test,LFP_low_capacity_vin_82_vin_82_discharge_9,low_capacity,vin_82,9,1,505
test,LFP_low_capacity_vin_82_vin_82_discharge_10,low_capacity,vin_82,10,1,829
test,LFP_low_capacity_vin_83_vin_83_discharge_1,low_capacity,vin_83,1,1,629
test,LFP_low_capacity_vin_83_vin_83_discharge_2,low_capacity,vin_83,2,1,626
test,LFP_low_capacity_vin_83_vin_83_discharge_3,low_capacity,vin_83,3,1,511
test,LFP_low_capacity_vin_83_vin_83_discharge_4,low_capacity,vin_83,4,1,617
test,LFP_low_capacity_vin_83_vin_83_discharge_5,low_capacity,vin_83,5,1,580
test,LFP_low_capacity_vin_83_vin_83_discharge_6,low_capacity,vin_83,6,1,697
test,LFP_low_capacity_vin_83_vin_83_discharge_7,low_capacity,vin_83,7,1,716
test,LFP_low_capacity_vin_83_vin_83_discharge_8,low_capacity,vin_83,8,1,555
test,LFP_low_capacity_vin_83_vin_83_discharge_9,low_capacity,vin_83,9,1,883
test,LFP_low_capacity_vin_83_vin_83_discharge_10,low_capacity,vin_83,10,1,667
test,LFP_low_capacity_vin_84_vin_84_discharge_1,low_capacity,vin_84,1,1,688
test,LFP_low_capacity_vin_84_vin_84_discharge_2,low_capacity,vin_84,2,1,503
test,LFP_low_capacity_vin_84_vin_84_discharge_3,low_capacity,vin_84,3,1,856
test,LFP_low_capacity_vin_84_vin_84_discharge_4,low_capacity,vin_84,4,1,679
test,LFP_low_capacity_vin_84_vin_84_discharge_5,low_capacity,vin_84,5,1,685
test,LFP_low_capacity_vin_84_vin_84_discharge_6,low_capacity,vin_84,6,1,534
test,LFP_low_capacity_vin_84_vin_84_discharge_7,low_capacity,vin_84,7,1,701
test,LFP_low_capacity_vin_84_vin_84_discharge_8,low_capacity,vin_84,8,1,583
test,LFP_low_capacity_vin_84_vin_84_discharge_9,low_capacity,vin_84,9,1,559
test,LFP_low_capacity_vin_84_vin_84_discharge_10,low_capacity,vin_84,10,1,757
test,LFP_low_capacity_vin_85_vin_85_discharge_1,low_capacity,vin_85,1,1,553
test,LFP_low_capacity_vin_85_vin_85_discharge_2,low_capacity,vin_85,2,1,689
test,LFP_low_capacity_vin_85_vin_85_discharge_3,low_capacity,vin_85,3,1,669
test,LFP_low_capacity_vin_85_vin_85_discharge_4,low_capacity,vin_85,4,1,588
test,LFP_low_capacity_vin_85_vin_85_discharge_5,low_capacity,vin_85,5,1,1216
test,LFP_low_capacity_vin_85_vin_85_discharge_6,low_capacity,vin_85,6,1,515
test,LFP_low_capacity_vin_85_vin_85_discharge_7,low_capacity,vin_85,7,1,694
test,LFP_low_capacity_vin_85_vin_85_discharge_8,low_capacity,vin_85,8,1,509
test,LFP_low_capacity_vin_85_vin_85_discharge_9,low_capacity,vin_85,9,1,585
test,LFP_low_capacity_vin_85_vin_85_discharge_10,low_capacity,vin_85,10,1,636
test,LFP_low_capacity_vin_86_vin_86_discharge_1,low_capacity,vin_86,1,1,628
test,LFP_low_capacity_vin_86_vin_86_discharge_2,low_capacity,vin_86,2,1,713
test,LFP_low_capacity_vin_86_vin_86_discharge_3,low_capacity,vin_86,3,1,605
test,LFP_low_capacity_vin_86_vin_86_discharge_4,low_capacity,vin_86,4,1,757
test,LFP_low_capacity_vin_86_vin_86_discharge_5,low_capacity,vin_86,5,1,782
test,LFP_low_capacity_vin_86_vin_86_discharge_6,low_capacity,vin_86,6,1,511
test,LFP_low_capacity_vin_86_vin_86_discharge_7,low_capacity,vin_86,7,1,602
test,LFP_low_capacity_vin_86_vin_86_discharge_8,low_capacity,vin_86,8,1,539
test,LFP_low_capacity_vin_86_vin_86_discharge_9,low_capacity,vin_86,9,1,766
test,LFP_low_capacity_vin_86_vin_86_discharge_10,low_capacity,vin_86,10,1,1018
test,LFP_low_capacity_vin_87_vin_87_discharge_1,low_capacity,vin_87,1,1,785
test,LFP_low_capacity_vin_87_vin_87_discharge_2,low_capacity,vin_87,2,1,600
test,LFP_low_capacity_vin_87_vin_87_discharge_3,low_capacity,vin_87,3,1,736
test,LFP_low_capacity_vin_87_vin_87_discharge_4,low_capacity,vin_87,4,1,542
test,LFP_low_capacity_vin_87_vin_87_discharge_5,low_capacity,vin_87,5,1,658
test,LFP_low_capacity_vin_87_vin_87_discharge_6,low_capacity,vin_87,6,1,998
test,LFP_low_capacity_vin_87_vin_87_discharge_7,low_capacity,vin_87,7,1,600
test,LFP_low_capacity_vin_87_vin_87_discharge_8,low_capacity,vin_87,8,1,504
test,LFP_low_capacity_vin_87_vin_87_discharge_9,low_capacity,vin_87,9,1,528
test,LFP_low_capacity_vin_87_vin_87_discharge_10,low_capacity,vin_87,10,1,609
test,LFP_low_capacity_vin_88_vin_88_discharge_1,low_capacity,vin_88,1,1,511
test,LFP_low_capacity_vin_88_vin_88_discharge_2,low_capacity,vin_88,2,1,698
test,LFP_low_capacity_vin_88_vin_88_discharge_3,low_capacity,vin_88,3,1,646
test,LFP_low_capacity_vin_88_vin_88_discharge_4,low_capacity,vin_88,4,1,936
test,LFP_low_capacity_vin_88_vin_88_discharge_5,low_capacity,vin_88,5,1,526
test,LFP_low_capacity_vin_88_vin_88_discharge_6,low_capacity,vin_88,6,1,514
test,LFP_low_capacity_vin_88_vin_88_discharge_7,low_capacity,vin_88,7,1,516
test,LFP_low_capacity_vin_88_vin_88_discharge_8,low_capacity,vin_88,8,1,509
test,LFP_low_capacity_vin_88_vin_88_discharge_9,low_capacity,vin_88,9,1,495
test,LFP_low_capacity_vin_88_vin_88_discharge_10,low_capacity,vin_88,10,1,557
test,LFP_low_capacity_vin_89_vin_89_discharge_1,low_capacity,vin_89,1,1,529
test,LFP_low_capacity_vin_89_vin_89_discharge_2,low_capacity,vin_89,2,1,746
test,LFP_low_capacity_vin_89_vin_89_discharge_3,low_capacity,vin_89,3,1,679
test,LFP_low_capacity_vin_89_vin_89_discharge_4,low_capacity,vin_89,4,1,890
test,LFP_low_capacity_vin_89_vin_89_discharge_5,low_capacity,vin_89,5,1,662
test,LFP_low_capacity_vin_89_vin_89_discharge_6,low_capacity,vin_89,6,1,512
test,LFP_low_capacity_vin_89_vin_89_discharge_7,low_capacity,vin_89,7,1,946
test,LFP_low_capacity_vin_89_vin_89_discharge_8,low_capacity,vin_89,8,1,591
test,LFP_low_capacity_vin_89_vin_89_discharge_9,low_capacity,vin_89,9,1,544
test,LFP_low_capacity_vin_89_vin_89_discharge_10,low_capacity,vin_89,10,1,835
test,LFP_low_capacity_vin_90_vin_90_discharge_1,low_capacity,vin_90,1,1,620
test,LFP_low_capacity_vin_90_vin_90_discharge_2,low_capacity,vin_90,2,1,638
test,LFP_low_capacity_vin_90_vin_90_discharge_3,low_capacity,vin_90,3,1,580
test,LFP_low_capacity_vin_90_vin_90_discharge_4,low_capacity,vin_90,4,1,525
test,LFP_low_capacity_vin_90_vin_90_discharge_5,low_capacity,vin_90,5,1,507
test,LFP_low_capacity_vin_90_vin_90_discharge_6,low_capacity,vin_90,6,1,575
test,LFP_low_capacity_vin_90_vin_90_discharge_7,low_capacity,vin_90,7,1,772
test,LFP_low_capacity_vin_90_vin_90_discharge_8,low_capacity,vin_90,8,1,802
test,LFP_low_capacity_vin_90_vin_90_discharge_9,low_capacity,vin_90,9,1,602
test,LFP_low_capacity_vin_90_vin_90_discharge_10,low_capacity,vin_90,10,1,631
test,LFP_low_capacity_vin_91_vin_91_discharge_1,low_capacity,vin_91,1,1,683
test,LFP_low_capacity_vin_91_vin_91_discharge_2,low_capacity,vin_91,2,1,725
test,LFP_low_capacity_vin_91_vin_91_discharge_3,low_capacity,vin_91,3,1,700
test,LFP_low_capacity_vin_91_vin_91_discharge_4,low_capacity,vin_91,4,1,514
test,LFP_low_capacity_vin_91_vin_91_discharge_5,low_capacity,vin_91,5,1,883
test,LFP_low_capacity_vin_91_vin_91_discharge_6,low_capacity,vin_91,6,1,578
test,LFP_low_capacity_vin_91_vin_91_discharge_7,low_capacity,vin_91,7,1,613
test,LFP_low_capacity_vin_91_vin_91_discharge_8,low_capacity,vin_91,8,1,564
test,LFP_low_capacity_vin_91_vin_91_discharge_9,low_capacity,vin_91,9,1,899
test,LFP_low_capacity_vin_91_vin_91_discharge_10,low_capacity,vin_91,10,1,539
test,LFP_low_capacity_vin_92_vin_92_discharge_1,low_capacity,vin_92,1,1,756
test,LFP_low_capacity_vin_92_vin_92_discharge_2,low_capacity,vin_92,2,1,596
test,LFP_low_capacity_vin_92_vin_92_discharge_3,low_capacity,vin_92,3,1,842
test,LFP_low_capacity_vin_92_vin_92_discharge_4,low_capacity,vin_92,4,1,569
test,LFP_low_capacity_vin_92_vin_92_discharge_5,low_capacity,vin_92,5,1,721
test,LFP_low_capacity_vin_92_vin_92_discharge_6,low_capacity,vin_92,6,1,565
test,LFP_low_capacity_vin_92_vin_92_discharge_7,low_capacity,vin_92,7,1,575
test,LFP_low_capacity_vin_92_vin_92_discharge_8,low_capacity,vin_92,8,1,687
test,LFP_low_capacity_vin_92_vin_92_discharge_9,low_capacity,vin_92,9,1,492
test,LFP_low_capacity_vin_92_vin_92_discharge_10,low_capacity,vin_92,10,1,600
test,LFP_low_capacity_vin_93_vin_93_discharge_1,low_capacity,vin_93,1,1,604
test,LFP_low_capacity_vin_93_vin_93_discharge_2,low_capacity,vin_93,2,1,756
test,LFP_low_capacity_vin_93_vin_93_discharge_3,low_capacity,vin_93,3,1,923
test,LFP_low_capacity_vin_93_vin_93_discharge_4,low_capacity,vin_93,4,1,761
test,LFP_low_capacity_vin_93_vin_93_discharge_5,low_capacity,vin_93,5,1,616
test,LFP_low_capacity_vin_93_vin_93_discharge_6,low_capacity,vin_93,6,1,592
test,LFP_low_capacity_vin_93_vin_93_discharge_7,low_capacity,vin_93,7,1,725
test,LFP_low_capacity_vin_93_vin_93_discharge_8,low_capacity,vin_93,8,1,528
test,LFP_low_capacity_vin_93_vin_93_discharge_9,low_capacity,vin_93,9,1,675
test,LFP_low_capacity_vin_93_vin_93_discharge_10,low_capacity,vin_93,10,1,608
test,LFP_low_capacity_vin_94_vin_94_discharge_1,low_capacity,vin_94,1,1,696
test,LFP_low_capacity_vin_94_vin_94_discharge_2,low_capacity,vin_94,2,1,605
test,LFP_low_capacity_vin_94_vin_94_discharge_3,low_capacity,vin_94,3,1,593
test,LFP_low_capacity_vin_94_vin_94_discharge_4,low_capacity,vin_94,4,1,834
test,LFP_low_capacity_vin_94_vin_94_discharge_5,low_capacity,vin_94,5,1,776
test,LFP_low_capacity_vin_94_vin_94_discharge_6,low_capacity,vin_94,6,1,729
test,LFP_low_capacity_vin_94_vin_94_discharge_7,low_capacity,vin_94,7,1,501
test,LFP_low_capacity_vin_94_vin_94_discharge_8,low_capacity,vin_94,8,1,591
test,LFP_low_capacity_vin_94_vin_94_discharge_9,low_capacity,vin_94,9,1,666
test,LFP_low_capacity_vin_94_vin_94_discharge_10,low_capacity,vin_94,10,1,555
test,LFP_low_capacity_vin_95_vin_95_discharge_1,low_capacity,vin_95,1,1,612
test,LFP_low_capacity_vin_95_vin_95_discharge_2,low_capacity,vin_95,2,1,683
test,LFP_low_capacity_vin_95_vin_95_discharge_3,low_capacity,vin_95,3,1,772
test,LFP_low_capacity_vin_95_vin_95_discharge_4,low_capacity,vin_95,4,1,685
test,LFP_low_capacity_vin_95_vin_95_discharge_5,low_capacity,vin_95,5,1,800
test,LFP_low_capacity_vin_95_vin_95_discharge_6,low_capacity,vin_95,6,1,727
test,LFP_low_capacity_vin_95_vin_95_discharge_7,low_capacity,vin_95,7,1,658
test,LFP_low_capacity_vin_95_vin_95_discharge_8,low_capacity,vin_95,8,1,779
test,LFP_low_capacity_vin_95_vin_95_discharge_9,low_capacity,vin_95,9,1,689
test,LFP_low_capacity_vin_95_vin_95_discharge_10,low_capacity,vin_95,10,1,687
test,LFP_low_capacity_vin_96_vin_96_discharge_1,low_capacity,vin_96,1,1,899
test,LFP_low_capacity_vin_96_vin_96_discharge_2,low_capacity,vin_96,2,1,591
test,LFP_low_capacity_vin_96_vin_96_discharge_3,low_capacity,vin_96,3,1,860
test,LFP_low_capacity_vin_96_vin_96_discharge_4,low_capacity,vin_96,4,1,633
test,LFP_low_capacity_vin_96_vin_96_discharge_5,low_capacity,vin_96,5,1,582
test,LFP_low_capacity_vin_96_vin_96_discharge_6,low_capacity,vin_96,6,1,489
test,LFP_low_capacity_vin_96_vin_96_discharge_7,low_capacity,vin_96,7,1,698
test,LFP_low_capacity_vin_96_vin_96_discharge_8,low_capacity,vin_96,8,1,664
test,LFP_low_capacity_vin_96_vin_96_discharge_9,low_capacity,vin_96,9,1,602
test,LFP_low_capacity_vin_96_vin_96_discharge_10,low_capacity,vin_96,10,1,516
test,LFP_low_capacity_vin_97_vin_97_discharge_1,low_capacity,vin_97,1,1,633
test,LFP_low_capacity_vin_97_vin_97_discharge_2,low_capacity,vin_97,2,1,526
test,LFP_low_capacity_vin_97_vin_97_discharge_3,low_capacity,vin_97,3,1,531
test,LFP_low_capacity_vin_97_vin_97_discharge_4,low_capacity,vin_97,4,1,703
test,LFP_low_capacity_vin_97_vin_97_discharge_5,low_capacity,vin_97,5,1,694
test,LFP_low_capacity_vin_97_vin_97_discharge_6,low_capacity,vin_97,6,1,707
test,LFP_low_capacity_vin_97_vin_97_discharge_7,low_capacity,vin_97,7,1,696
test,LFP_low_capacity_vin_97_vin_97_discharge_8,low_capacity,vin_97,8,1,775
test,LFP_low_capacity_vin_97_vin_97_discharge_9,low_capacity,vin_97,9,1,561
test,LFP_low_capacity_vin_97_vin_97_discharge_10,low_capacity,vin_97,10,1,602
test,LFP_low_capacity_vin_98_vin_98_discharge_1,low_capacity,vin_98,1,1,662
test,LFP_low_capacity_vin_98_vin_98_discharge_2,low_capacity,vin_98,2,1,757
test,LFP_low_capacity_vin_98_vin_98_discharge_3,low_capacity,vin_98,3,1,579
test,LFP_low_capacity_vin_98_vin_98_discharge_4,low_capacity,vin_98,4,1,838
test,LFP_low_capacity_vin_98_vin_98_discharge_5,low_capacity,vin_98,5,1,650
test,LFP_low_capacity_vin_98_vin_98_discharge_6,low_capacity,vin_98,6,1,655
test,LFP_low_capacity_vin_98_vin_98_discharge_7,low_capacity,vin_98,7,1,625
test,LFP_low_capacity_vin_98_vin_98_discharge_8,low_capacity,vin_98,8,1,695
test,LFP_low_capacity_vin_98_vin_98_discharge_9,low_capacity,vin_98,9,1,726
test,LFP_low_capacity_vin_98_vin_98_discharge_10,low_capacity,vin_98,10,1,651
test,LFP_low_capacity_vin_99_vin_99_discharge_1,low_capacity,vin_99,1,1,503
test,LFP_low_capacity_vin_99_vin_99_discharge_2,low_capacity,vin_99,2,1,545
test,LFP_low_capacity_vin_99_vin_99_discharge_3,low_capacity,vin_99,3,1,594
test,LFP_low_capacity_vin_99_vin_99_discharge_4,low_capacity,vin_99,4,1,487
test,LFP_low_capacity_vin_99_vin_99_discharge_5,low_capacity,vin_99,5,1,510
test,LFP_low_capacity_vin_99_vin_99_discharge_6,low_capacity,vin_99,6,1,648
test,LFP_low_capacity_vin_99_vin_99_discharge_7,low_capacity,vin_99,7,1,614
test,LFP_low_capacity_vin_99_vin_99_discharge_8,low_capacity,vin_99,8,1,513
test,LFP_low_capacity_vin_99_vin_99_discharge_9,low_capacity,vin_99,9,1,592
test,LFP_low_capacity_vin_99_vin_99_discharge_10,low_capacity,vin_99,10,1,541
test,LFP_self_discharge_vin_1_vin_1_discharge_1,self_discharge,vin_1,1,1,1898
test,LFP_self_discharge_vin_1_vin_1_discharge_2,self_discharge,vin_1,2,1,1642
test,LFP_self_discharge_vin_1_vin_1_discharge_3,self_discharge,vin_1,3,1,1960
test,LFP_self_discharge_vin_1_vin_1_discharge_4,self_discharge,vin_1,4,1,1886
test,LFP_self_discharge_vin_1_vin_1_discharge_5,self_discharge,vin_1,5,1,1583
test,LFP_self_discharge_vin_1_vin_1_discharge_6,self_discharge,vin_1,6,1,1751
test,LFP_self_discharge_vin_1_vin_1_discharge_7,self_discharge,vin_1,7,1,1669
test,LFP_self_discharge_vin_1_vin_1_discharge_8,self_discharge,vin_1,8,1,1713
test,LFP_self_discharge_vin_1_vin_1_discharge_9,self_discharge,vin_1,9,1,1824
test,LFP_self_discharge_vin_1_vin_1_discharge_10,self_discharge,vin_1,10,1,1798
test,LFP_self_discharge_vin_10_vin_10_discharge_1,self_discharge,vin_10,1,1,1688
test,LFP_self_discharge_vin_10_vin_10_discharge_2,self_discharge,vin_10,2,1,1900
test,LFP_self_discharge_vin_10_vin_10_discharge_3,self_discharge,vin_10,3,1,1610
test,LFP_self_discharge_vin_10_vin_10_discharge_4,self_discharge,vin_10,4,1,1858
test,LFP_self_discharge_vin_10_vin_10_discharge_5,self_discharge,vin_10,5,1,1721
test,LFP_self_discharge_vin_10_vin_10_discharge_6,self_discharge,vin_10,6,1,1853
test,LFP_self_discharge_vin_10_vin_10_discharge_7,self_discharge,vin_10,7,1,1776
test,LFP_self_discharge_vin_10_vin_10_discharge_8,self_discharge,vin_10,8,1,1490
test,LFP_self_discharge_vin_10_vin_10_discharge_9,self_discharge,vin_10,9,1,1508
test,LFP_self_discharge_vin_10_vin_10_discharge_10,self_discharge,vin_10,10,1,1763
test,LFP_self_discharge_vin_11_vin_11_discharge_1,self_discharge,vin_11,1,1,1743
test,LFP_self_discharge_vin_11_vin_11_discharge_2,self_discharge,vin_11,2,1,1616
test,LFP_self_discharge_vin_11_vin_11_discharge_3,self_discharge,vin_11,3,1,1505
test,LFP_self_discharge_vin_11_vin_11_discharge_4,self_discharge,vin_11,4,1,1751
test,LFP_self_discharge_vin_11_vin_11_discharge_5,self_discharge,vin_11,5,1,1553
test,LFP_self_discharge_vin_11_vin_11_discharge_6,self_discharge,vin_11,6,1,1510
test,LFP_self_discharge_vin_11_vin_11_discharge_7,self_discharge,vin_11,7,1,1563
test,LFP_self_discharge_vin_11_vin_11_discharge_8,self_discharge,vin_11,8,1,1759
test,LFP_self_discharge_vin_11_vin_11_discharge_9,self_discharge,vin_11,9,1,1588
test,LFP_self_discharge_vin_11_vin_11_discharge_10,self_discharge,vin_11,10,1,1633
test,LFP_self_discharge_vin_12_vin_12_discharge_1,self_discharge,vin_12,1,1,1504
test,LFP_self_discharge_vin_12_vin_12_discharge_2,self_discharge,vin_12,2,1,1473
test,LFP_self_discharge_vin_12_vin_12_discharge_3,self_discharge,vin_12,3,1,1494
test,LFP_self_discharge_vin_12_vin_12_discharge_4,self_discharge,vin_12,4,1,1488
test,LFP_self_discharge_vin_12_vin_12_discharge_5,self_discharge,vin_12,5,1,1797
test,LFP_self_discharge_vin_12_vin_12_discharge_6,self_discharge,vin_12,6,1,1794
test,LFP_self_discharge_vin_12_vin_12_discharge_7,self_discharge,vin_12,7,1,1490
test,LFP_self_discharge_vin_12_vin_12_discharge_8,self_discharge,vin_12,8,1,1496
test,LFP_self_discharge_vin_12_vin_12_discharge_9,self_discharge,vin_12,9,1,1574
test,LFP_self_discharge_vin_12_vin_12_discharge_10,self_discharge,vin_12,10,1,2203
test,LFP_self_discharge_vin_13_vin_13_discharge_1,self_discharge,vin_13,1,1,2041
test,LFP_self_discharge_vin_13_vin_13_discharge_2,self_discharge,vin_13,2,1,1435
test,LFP_self_discharge_vin_13_vin_13_discharge_3,self_discharge,vin_13,3,1,1806
test,LFP_self_discharge_vin_13_vin_13_discharge_4,self_discharge,vin_13,4,1,1577
test,LFP_self_discharge_vin_13_vin_13_discharge_5,self_discharge,vin_13,5,1,1567
test,LFP_self_discharge_vin_13_vin_13_discharge_6,self_discharge,vin_13,6,1,1823
test,LFP_self_discharge_vin_13_vin_13_discharge_7,self_discharge,vin_13,7,1,1822
test,LFP_self_discharge_vin_13_vin_13_discharge_8,self_discharge,vin_13,8,1,1610
test,LFP_self_discharge_vin_13_vin_13_discharge_9,self_discharge,vin_13,9,1,2123
test,LFP_self_discharge_vin_13_vin_13_discharge_10,self_discharge,vin_13,10,1,1687
test,LFP_self_discharge_vin_14_vin_14_discharge_1,self_discharge,vin_14,1,1,1811
test,LFP_self_discharge_vin_14_vin_14_discharge_2,self_discharge,vin_14,2,1,1522
test,LFP_self_discharge_vin_14_vin_14_discharge_3,self_discharge,vin_14,3,1,1742
test,LFP_self_discharge_vin_14_vin_14_discharge_4,self_discharge,vin_14,4,1,1706
test,LFP_self_discharge_vin_14_vin_14_discharge_5,self_discharge,vin_14,5,1,1990
test,LFP_self_discharge_vin_14_vin_14_discharge_6,self_discharge,vin_14,6,1,1715
test,LFP_self_discharge_vin_14_vin_14_discharge_7,self_discharge,vin_14,7,1,1614
test,LFP_self_discharge_vin_14_vin_14_discharge_8,self_discharge,vin_14,8,1,1532
test,LFP_self_discharge_vin_14_vin_14_discharge_9,self_discharge,vin_14,9,1,1756
test,LFP_self_discharge_vin_14_vin_14_discharge_10,self_discharge,vin_14,10,1,1878
test,LFP_self_discharge_vin_15_vin_15_discharge_1,self_discharge,vin_15,1,1,1383
test,LFP_self_discharge_vin_15_vin_15_discharge_2,self_discharge,vin_15,2,1,1696
test,LFP_self_discharge_vin_15_vin_15_discharge_3,self_discharge,vin_15,3,1,1735
test,LFP_self_discharge_vin_15_vin_15_discharge_4,self_discharge,vin_15,4,1,1584
test,LFP_self_discharge_vin_15_vin_15_discharge_5,self_discharge,vin_15,5,1,1599
test,LFP_self_discharge_vin_15_vin_15_discharge_6,self_discharge,vin_15,6,1,1479
test,LFP_self_discharge_vin_15_vin_15_discharge_7,self_discharge,vin_15,7,1,1864
test,LFP_self_discharge_vin_15_vin_15_discharge_8,self_discharge,vin_15,8,1,1697
test,LFP_self_discharge_vin_15_vin_15_discharge_9,self_discharge,vin_15,9,1,1467
test,LFP_self_discharge_vin_15_vin_15_discharge_10,self_discharge,vin_15,10,1,1777
test,LFP_self_discharge_vin_16_vin_16_discharge_1,self_discharge,vin_16,1,1,1780
test,LFP_self_discharge_vin_16_vin_16_discharge_2,self_discharge,vin_16,2,1,1600
test,LFP_self_discharge_vin_16_vin_16_discharge_3,self_discharge,vin_16,3,1,1452
test,LFP_self_discharge_vin_16_vin_16_discharge_4,self_discharge,vin_16,4,1,1439
test,LFP_self_discharge_vin_16_vin_16_discharge_5,self_discharge,vin_16,5,1,1642
test,LFP_self_discharge_vin_16_vin_16_discharge_6,self_discharge,vin_16,6,1,1503
test,LFP_self_discharge_vin_16_vin_16_discharge_7,self_discharge,vin_16,7,1,1637
test,LFP_self_discharge_vin_16_vin_16_discharge_8,self_discharge,vin_16,8,1,1816
test,LFP_self_discharge_vin_16_vin_16_discharge_9,self_discharge,vin_16,9,1,1533
test,LFP_self_discharge_vin_16_vin_16_discharge_10,self_discharge,vin_16,10,1,1835
test,LFP_self_discharge_vin_17_vin_17_discharge_1,self_discharge,vin_17,1,1,1601
test,LFP_self_discharge_vin_17_vin_17_discharge_2,self_discharge,vin_17,2,1,1520
test,LFP_self_discharge_vin_17_vin_17_discharge_3,self_discharge,vin_17,3,1,1857
test,LFP_self_discharge_vin_17_vin_17_discharge_4,self_discharge,vin_17,4,1,1758
test,LFP_self_discharge_vin_17_vin_17_discharge_5,self_discharge,vin_17,5,1,1501
test,LFP_self_discharge_vin_17_vin_17_discharge_6,self_discharge,vin_17,6,1,1615
test,LFP_self_discharge_vin_17_vin_17_discharge_7,self_discharge,vin_17,7,1,1526
test,LFP_self_discharge_vin_17_vin_17_discharge_8,self_discharge,vin_17,8,1,1709
test,LFP_self_discharge_vin_17_vin_17_discharge_9,self_discharge,vin_17,9,1,1797
test,LFP_self_discharge_vin_17_vin_17_discharge_10,self_discharge,vin_17,10,1,1669
test,LFP_self_discharge_vin_18_vin_18_discharge_1,self_discharge,vin_18,1,1,1736
test,LFP_self_discharge_vin_18_vin_18_discharge_2,self_discharge,vin_18,2,1,1610
test,LFP_self_discharge_vin_18_vin_18_discharge_3,self_discharge,vin_18,3,1,1777
test,LFP_self_discharge_vin_18_vin_18_discharge_4,self_discharge,vin_18,4,1,1821
test,LFP_self_discharge_vin_18_vin_18_discharge_5,self_discharge,vin_18,5,1,2009
test,LFP_self_discharge_vin_18_vin_18_discharge_6,self_discharge,vin_18,6,1,1704
test,LFP_self_discharge_vin_18_vin_18_discharge_7,self_discharge,vin_18,7,1,1607
test,LFP_self_discharge_vin_18_vin_18_discharge_8,self_discharge,vin_18,8,1,1959
test,LFP_self_discharge_vin_18_vin_18_discharge_9,self_discharge,vin_18,9,1,1648
test,LFP_self_discharge_vin_18_vin_18_discharge_10,self_discharge,vin_18,10,1,1663
test,LFP_self_discharge_vin_19_vin_19_discharge_1,self_discharge,vin_19,1,1,1588
test,LFP_self_discharge_vin_19_vin_19_discharge_2,self_discharge,vin_19,2,1,1643
test,LFP_self_discharge_vin_19_vin_19_discharge_3,self_discharge,vin_19,3,1,1637
test,LFP_self_discharge_vin_19_vin_19_discharge_4,self_discharge,vin_19,4,1,1600
test,LFP_self_discharge_vin_19_vin_19_discharge_5,self_discharge,vin_19,5,1,1919
test,LFP_self_discharge_vin_19_vin_19_discharge_6,self_discharge,vin_19,6,1,2021
test,LFP_self_discharge_vin_19_vin_19_discharge_7,self_discharge,vin_19,7,1,1663
test,LFP_self_discharge_vin_19_vin_19_discharge_8,self_discharge,vin_19,8,1,1724
test,LFP_self_discharge_vin_19_vin_19_discharge_9,self_discharge,vin_19,9,1,1493
test,LFP_self_discharge_vin_19_vin_19_discharge_10,self_discharge,vin_19,10,1,1883
test,LFP_self_discharge_vin_2_vin_2_discharge_1,self_discharge,vin_2,1,1,1203
test,LFP_self_discharge_vin_2_vin_2_discharge_2,self_discharge,vin_2,2,1,1512
test,LFP_self_discharge_vin_2_vin_2_discharge_3,self_discharge,vin_2,3,1,1510
test,LFP_self_discharge_vin_2_vin_2_discharge_4,self_discharge,vin_2,4,1,1709
test,LFP_self_discharge_vin_2_vin_2_discharge_5,self_discharge,vin_2,5,1,1929
test,LFP_self_discharge_vin_2_vin_2_discharge_6,self_discharge,vin_2,6,1,1501
test,LFP_self_discharge_vin_2_vin_2_discharge_7,self_discharge,vin_2,7,1,1755
test,LFP_self_discharge_vin_2_vin_2_discharge_8,self_discharge,vin_2,8,1,2026
test,LFP_self_discharge_vin_2_vin_2_discharge_9,self_discharge,vin_2,9,1,1581
test,LFP_self_discharge_vin_2_vin_2_discharge_10,self_discharge,vin_2,10,1,1842
test,LFP_self_discharge_vin_20_vin_20_discharge_1,self_discharge,vin_20,1,1,1803
test,LFP_self_discharge_vin_20_vin_20_discharge_2,self_discharge,vin_20,2,1,1928
test,LFP_self_discharge_vin_20_vin_20_discharge_3,self_discharge,vin_20,3,1,1602
test,LFP_self_discharge_vin_20_vin_20_discharge_4,self_discharge,vin_20,4,1,1649
test,LFP_self_discharge_vin_20_vin_20_discharge_5,self_discharge,vin_20,5,1,1551
test,LFP_self_discharge_vin_20_vin_20_discharge_6,self_discharge,vin_20,6,1,1851
test,LFP_self_discharge_vin_20_vin_20_discharge_7,self_discharge,vin_20,7,1,1473
test,LFP_self_discharge_vin_20_vin_20_discharge_8,self_discharge,vin_20,8,1,2032
test,LFP_self_discharge_vin_20_vin_20_discharge_9,self_discharge,vin_20,9,1,1789
test,LFP_self_discharge_vin_20_vin_20_discharge_10,self_discharge,vin_20,10,1,1675
test,LFP_self_discharge_vin_21_vin_21_discharge_1,self_discharge,vin_21,1,1,1636
test,LFP_self_discharge_vin_21_vin_21_discharge_2,self_discharge,vin_21,2,1,1784
test,LFP_self_discharge_vin_21_vin_21_discharge_3,self_discharge,vin_21,3,1,1782
test,LFP_self_discharge_vin_21_vin_21_discharge_4,self_discharge,vin_21,4,1,1384
test,LFP_self_discharge_vin_21_vin_21_discharge_5,self_discharge,vin_21,5,1,1656
test,LFP_self_discharge_vin_21_vin_21_discharge_6,self_discharge,vin_21,6,1,1546
test,LFP_self_discharge_vin_21_vin_21_discharge_7,self_discharge,vin_21,7,1,1684
test,LFP_self_discharge_vin_21_vin_21_discharge_8,self_discharge,vin_21,8,1,1671
test,LFP_self_discharge_vin_21_vin_21_discharge_9,self_discharge,vin_21,9,1,1506
test,LFP_self_discharge_vin_21_vin_21_discharge_10,self_discharge,vin_21,10,1,1948
test,LFP_self_discharge_vin_22_vin_22_discharge_1,self_discharge,vin_22,1,1,2082
test,LFP_self_discharge_vin_22_vin_22_discharge_2,self_discharge,vin_22,2,1,1655
test,LFP_self_discharge_vin_22_vin_22_discharge_3,self_discharge,vin_22,3,1,1933
test,LFP_self_discharge_vin_22_vin_22_discharge_4,self_discharge,vin_22,4,1,1742
test,LFP_self_discharge_vin_22_vin_22_discharge_5,self_discharge,vin_22,5,1,1474
test,LFP_self_discharge_vin_22_vin_22_discharge_6,self_discharge,vin_22,6,1,1457
test,LFP_self_discharge_vin_22_vin_22_discharge_7,self_discharge,vin_22,7,1,2033
test,LFP_self_discharge_vin_22_vin_22_discharge_8,self_discharge,vin_22,8,1,2261
test,LFP_self_discharge_vin_22_vin_22_discharge_9,self_discharge,vin_22,9,1,1352
test,LFP_self_discharge_vin_22_vin_22_discharge_10,self_discharge,vin_22,10,1,1756
test,LFP_self_discharge_vin_23_vin_23_discharge_1,self_discharge,vin_23,1,1,1939
test,LFP_self_discharge_vin_23_vin_23_discharge_2,self_discharge,vin_23,2,1,1830
test,LFP_self_discharge_vin_23_vin_23_discharge_3,self_discharge,vin_23,3,1,1439
test,LFP_self_discharge_vin_23_vin_23_discharge_4,self_discharge,vin_23,4,1,2021
test,LFP_self_discharge_vin_23_vin_23_discharge_5,self_discharge,vin_23,5,1,1381
test,LFP_self_discharge_vin_23_vin_23_discharge_6,self_discharge,vin_23,6,1,1907
test,LFP_self_discharge_vin_23_vin_23_discharge_7,self_discharge,vin_23,7,1,1651
test,LFP_self_discharge_vin_23_vin_23_discharge_8,self_discharge,vin_23,8,1,1409
test,LFP_self_discharge_vin_23_vin_23_discharge_9,self_discharge,vin_23,9,1,1886
test,LFP_self_discharge_vin_23_vin_23_discharge_10,self_discharge,vin_23,10,1,1977
test,LFP_self_discharge_vin_24_vin_24_discharge_1,self_discharge,vin_24,1,1,1851
test,LFP_self_discharge_vin_24_vin_24_discharge_2,self_discharge,vin_24,2,1,1746
test,LFP_self_discharge_vin_24_vin_24_discharge_3,self_discharge,vin_24,3,1,1695
test,LFP_self_discharge_vin_24_vin_24_discharge_4,self_discharge,vin_24,4,1,1506
test,LFP_self_discharge_vin_24_vin_24_discharge_5,self_discharge,vin_24,5,1,2123
test,LFP_self_discharge_vin_24_vin_24_discharge_6,self_discharge,vin_24,6,1,1695
test,LFP_self_discharge_vin_24_vin_24_discharge_7,self_discharge,vin_24,7,1,1997
test,LFP_self_discharge_vin_24_vin_24_discharge_8,self_discharge,vin_24,8,1,1916
test,LFP_self_discharge_vin_24_vin_24_discharge_9,self_discharge,vin_24,9,1,1758
test,LFP_self_discharge_vin_24_vin_24_discharge_10,self_discharge,vin_24,10,1,1718
test,LFP_self_discharge_vin_25_vin_25_discharge_1,self_discharge,vin_25,1,1,1642
test,LFP_self_discharge_vin_25_vin_25_discharge_2,self_discharge,vin_25,2,1,1703
test,LFP_self_discharge_vin_25_vin_25_discharge_3,self_discharge,vin_25,3,1,1555
test,LFP_self_discharge_vin_25_vin_25_discharge_4,self_discharge,vin_25,4,1,1359
test,LFP_self_discharge_vin_25_vin_25_discharge_5,self_discharge,vin_25,5,1,1427
test,LFP_self_discharge_vin_25_vin_25_discharge_6,self_discharge,vin_25,6,1,1590
test,LFP_self_discharge_vin_25_vin_25_discharge_7,self_discharge,vin_25,7,1,1522
test,LFP_self_discharge_vin_25_vin_25_discharge_8,self_discharge,vin_25,8,1,1830
test,LFP_self_discharge_vin_25_vin_25_discharge_9,self_discharge,vin_25,9,1,1542
test,LFP_self_discharge_vin_25_vin_25_discharge_10,self_discharge,vin_25,10,1,1749
test,LFP_self_discharge_vin_26_vin_26_discharge_1,self_discharge,vin_26,1,1,1618
test,LFP_self_discharge_vin_26_vin_26_discharge_2,self_discharge,vin_26,2,1,1676
test,LFP_self_discharge_vin_26_vin_26_discharge_3,self_discharge,vin_26,3,1,1640
test,LFP_self_discharge_vin_26_vin_26_discharge_4,self_discharge,vin_26,4,1,1807
test,LFP_self_discharge_vin_26_vin_26_discharge_5,self_discharge,vin_26,5,1,1503
test,LFP_self_discharge_vin_26_vin_26_discharge_6,self_discharge,vin_26,6,1,1685
test,LFP_self_discharge_vin_26_vin_26_discharge_7,self_discharge,vin_26,7,1,1746
test,LFP_self_discharge_vin_26_vin_26_discharge_8,self_discharge,vin_26,8,1,1676
test,LFP_self_discharge_vin_26_vin_26_discharge_9,self_discharge,vin_26,9,1,1470
test,LFP_self_discharge_vin_26_vin_26_discharge_10,self_discharge,vin_26,10,1,1809
test,LFP_self_discharge_vin_27_vin_27_discharge_1,self_discharge,vin_27,1,1,1512
test,LFP_self_discharge_vin_27_vin_27_discharge_2,self_discharge,vin_27,2,1,1914
test,LFP_self_discharge_vin_27_vin_27_discharge_3,self_discharge,vin_27,3,1,1746
test,LFP_self_discharge_vin_27_vin_27_discharge_4,self_discharge,vin_27,4,1,1722
test,LFP_self_discharge_vin_27_vin_27_discharge_5,self_discharge,vin_27,5,1,1623
test,LFP_self_discharge_vin_27_vin_27_discharge_6,self_discharge,vin_27,6,1,1969
test,LFP_self_discharge_vin_27_vin_27_discharge_7,self_discharge,vin_27,7,1,1811
test,LFP_self_discharge_vin_27_vin_27_discharge_8,self_discharge,vin_27,8,1,1691
test,LFP_self_discharge_vin_27_vin_27_discharge_9,self_discharge,vin_27,9,1,1779
test,LFP_self_discharge_vin_27_vin_27_discharge_10,self_discharge,vin_27,10,1,1682
test,LFP_self_discharge_vin_28_vin_28_discharge_1,self_discharge,vin_28,1,1,1947
test,LFP_self_discharge_vin_28_vin_28_discharge_2,self_discharge,vin_28,2,1,1855
test,LFP_self_discharge_vin_28_vin_28_discharge_3,self_discharge,vin_28,3,1,1867
test,LFP_self_discharge_vin_28_vin_28_discharge_4,self_discharge,vin_28,4,1,1775
test,LFP_self_discharge_vin_28_vin_28_discharge_5,self_discharge,vin_28,5,1,2001
test,LFP_self_discharge_vin_28_vin_28_discharge_6,self_discharge,vin_28,6,1,1908
test,LFP_self_discharge_vin_28_vin_28_discharge_7,self_discharge,vin_28,7,1,1635
test,LFP_self_discharge_vin_28_vin_28_discharge_8,self_discharge,vin_28,8,1,1611
test,LFP_self_discharge_vin_28_vin_28_discharge_9,self_discharge,vin_28,9,1,1465
test,LFP_self_discharge_vin_28_vin_28_discharge_10,self_discharge,vin_28,10,1,1639
test,LFP_self_discharge_vin_29_vin_29_discharge_1,self_discharge,vin_29,1,1,2062
test,LFP_self_discharge_vin_29_vin_29_discharge_2,self_discharge,vin_29,2,1,1883
test,LFP_self_discharge_vin_29_vin_29_discharge_3,self_discharge,vin_29,3,1,1545
test,LFP_self_discharge_vin_29_vin_29_discharge_4,self_discharge,vin_29,4,1,1671
test,LFP_self_discharge_vin_29_vin_29_discharge_5,self_discharge,vin_29,5,1,1370
test,LFP_self_discharge_vin_29_vin_29_discharge_6,self_discharge,vin_29,6,1,1740
test,LFP_self_discharge_vin_29_vin_29_discharge_7,self_discharge,vin_29,7,1,1547
test,LFP_self_discharge_vin_29_vin_29_discharge_8,self_discharge,vin_29,8,1,2077
test,LFP_self_discharge_vin_29_vin_29_discharge_9,self_discharge,vin_29,9,1,1814
test,LFP_self_discharge_vin_29_vin_29_discharge_10,self_discharge,vin_29,10,1,1837
test,LFP_self_discharge_vin_3_vin_3_discharge_1,self_discharge,vin_3,1,1,1762
test,LFP_self_discharge_vin_3_vin_3_discharge_2,self_discharge,vin_3,2,1,1561
test,LFP_self_discharge_vin_3_vin_3_discharge_3,self_discharge,vin_3,3,1,1599
test,LFP_self_discharge_vin_3_vin_3_discharge_4,self_discharge,vin_3,4,1,1869
test,LFP_self_discharge_vin_3_vin_3_discharge_5,self_discharge,vin_3,5,1,1796
test,LFP_self_discharge_vin_3_vin_3_discharge_6,self_discharge,vin_3,6,1,1720
test,LFP_self_discharge_vin_3_vin_3_discharge_7,self_discharge,vin_3,7,1,1496
test,LFP_self_discharge_vin_3_vin_3_discharge_8,self_discharge,vin_3,8,1,1488
test,LFP_self_discharge_vin_3_vin_3_discharge_9,self_discharge,vin_3,9,1,1742
test,LFP_self_discharge_vin_3_vin_3_discharge_10,self_discharge,vin_3,10,1,1449
test,LFP_self_discharge_vin_30_vin_30_discharge_1,self_discharge,vin_30,1,1,1681
test,LFP_self_discharge_vin_30_vin_30_discharge_2,self_discharge,vin_30,2,1,1638
test,LFP_self_discharge_vin_30_vin_30_discharge_3,self_discharge,vin_30,3,1,1638
test,LFP_self_discharge_vin_30_vin_30_discharge_4,self_discharge,vin_30,4,1,1495
test,LFP_self_discharge_vin_30_vin_30_discharge_5,self_discharge,vin_30,5,1,1912
test,LFP_self_discharge_vin_30_vin_30_discharge_6,self_discharge,vin_30,6,1,1486
test,LFP_self_discharge_vin_30_vin_30_discharge_7,self_discharge,vin_30,7,1,1987
test,LFP_self_discharge_vin_30_vin_30_discharge_8,self_discharge,vin_30,8,1,1691
test,LFP_self_discharge_vin_30_vin_30_discharge_9,self_discharge,vin_30,9,1,1475
test,LFP_self_discharge_vin_30_vin_30_discharge_10,self_discharge,vin_30,10,1,1460
test,LFP_self_discharge_vin_31_vin_31_discharge_1,self_discharge,vin_31,1,1,1736
test,LFP_self_discharge_vin_31_vin_31_discharge_2,self_discharge,vin_31,2,1,1907
test,LFP_self_discharge_vin_31_vin_31_discharge_3,self_discharge,vin_31,3,1,1586
test,LFP_self_discharge_vin_31_vin_31_discharge_4,self_discharge,vin_31,4,1,1631
test,LFP_self_discharge_vin_31_vin_31_discharge_5,self_discharge,vin_31,5,1,1876
test,LFP_self_discharge_vin_31_vin_31_discharge_6,self_discharge,vin_31,6,1,1451
test,LFP_self_discharge_vin_31_vin_31_discharge_7,self_discharge,vin_31,7,1,1535
test,LFP_self_discharge_vin_31_vin_31_discharge_8,self_discharge,vin_31,8,1,1755
test,LFP_self_discharge_vin_31_vin_31_discharge_9,self_discharge,vin_31,9,1,1328
test,LFP_self_discharge_vin_31_vin_31_discharge_10,self_discharge,vin_31,10,1,1593
test,LFP_self_discharge_vin_32_vin_32_discharge_1,self_discharge,vin_32,1,1,1583
test,LFP_self_discharge_vin_32_vin_32_discharge_2,self_discharge,vin_32,2,1,1664
test,LFP_self_discharge_vin_32_vin_32_discharge_3,self_discharge,vin_32,3,1,1862
test,LFP_self_discharge_vin_32_vin_32_discharge_4,self_discharge,vin_32,4,1,1796
test,LFP_self_discharge_vin_32_vin_32_discharge_5,self_discharge,vin_32,5,1,1849
test,LFP_self_discharge_vin_32_vin_32_discharge_6,self_discharge,vin_32,6,1,2035
test,LFP_self_discharge_vin_32_vin_32_discharge_7,self_discharge,vin_32,7,1,1591
test,LFP_self_discharge_vin_32_vin_32_discharge_8,self_discharge,vin_32,8,1,1934
test,LFP_self_discharge_vin_32_vin_32_discharge_9,self_discharge,vin_32,9,1,1644
test,LFP_self_discharge_vin_32_vin_32_discharge_10,self_discharge,vin_32,10,1,1767
test,LFP_self_discharge_vin_33_vin_33_discharge_1,self_discharge,vin_33,1,1,1723
test,LFP_self_discharge_vin_33_vin_33_discharge_2,self_discharge,vin_33,2,1,1672
test,LFP_self_discharge_vin_33_vin_33_discharge_3,self_discharge,vin_33,3,1,1771
test,LFP_self_discharge_vin_33_vin_33_discharge_4,self_discharge,vin_33,4,1,1837
test,LFP_self_discharge_vin_33_vin_33_discharge_5,self_discharge,vin_33,5,1,1627
test,LFP_self_discharge_vin_33_vin_33_discharge_6,self_discharge,vin_33,6,1,1653
test,LFP_self_discharge_vin_33_vin_33_discharge_7,self_discharge,vin_33,7,1,1567
test,LFP_self_discharge_vin_33_vin_33_discharge_8,self_discharge,vin_33,8,1,1697
test,LFP_self_discharge_vin_33_vin_33_discharge_9,self_discharge,vin_33,9,1,1560
test,LFP_self_discharge_vin_33_vin_33_discharge_10,self_discharge,vin_33,10,1,1825
test,LFP_self_discharge_vin_34_vin_34_discharge_1,self_discharge,vin_34,1,1,1784
test,LFP_self_discharge_vin_34_vin_34_discharge_2,self_discharge,vin_34,2,1,1627
test,LFP_self_discharge_vin_34_vin_34_discharge_3,self_discharge,vin_34,3,1,1593
test,LFP_self_discharge_vin_34_vin_34_discharge_4,self_discharge,vin_34,4,1,1715
test,LFP_self_discharge_vin_34_vin_34_discharge_5,self_discharge,vin_34,5,1,1572
test,LFP_self_discharge_vin_34_vin_34_discharge_6,self_discharge,vin_34,6,1,2076
test,LFP_self_discharge_vin_34_vin_34_discharge_7,self_discharge,vin_34,7,1,1672
test,LFP_self_discharge_vin_34_vin_34_discharge_8,self_discharge,vin_34,8,1,1831
test,LFP_self_discharge_vin_34_vin_34_discharge_9,self_discharge,vin_34,9,1,1613
test,LFP_self_discharge_vin_34_vin_34_discharge_10,self_discharge,vin_34,10,1,1922
test,LFP_self_discharge_vin_35_vin_35_discharge_1,self_discharge,vin_35,1,1,1587
test,LFP_self_discharge_vin_35_vin_35_discharge_2,self_discharge,vin_35,2,1,1669
test,LFP_self_discharge_vin_35_vin_35_discharge_3,self_discharge,vin_35,3,1,2049
test,LFP_self_discharge_vin_35_vin_35_discharge_4,self_discharge,vin_35,4,1,1586
test,LFP_self_discharge_vin_35_vin_35_discharge_5,self_discharge,vin_35,5,1,1665
test,LFP_self_discharge_vin_35_vin_35_discharge_6,self_discharge,vin_35,6,1,1582
test,LFP_self_discharge_vin_35_vin_35_discharge_7,self_discharge,vin_35,7,1,1586
test,LFP_self_discharge_vin_35_vin_35_discharge_8,self_discharge,vin_35,8,1,1650
test,LFP_self_discharge_vin_35_vin_35_discharge_9,self_discharge,vin_35,9,1,1527
test,LFP_self_discharge_vin_35_vin_35_discharge_10,self_discharge,vin_35,10,1,1602
test,LFP_self_discharge_vin_36_vin_36_discharge_1,self_discharge,vin_36,1,1,1487
test,LFP_self_discharge_vin_36_vin_36_discharge_2,self_discharge,vin_36,2,1,1983
test,LFP_self_discharge_vin_36_vin_36_discharge_3,self_discharge,vin_36,3,1,1874
test,LFP_self_discharge_vin_36_vin_36_discharge_4,self_discharge,vin_36,4,1,1917
test,LFP_self_discharge_vin_36_vin_36_discharge_5,self_discharge,vin_36,5,1,2187
test,LFP_self_discharge_vin_36_vin_36_discharge_6,self_discharge,vin_36,6,1,1893
test,LFP_self_discharge_vin_36_vin_36_discharge_7,self_discharge,vin_36,7,1,1740
test,LFP_self_discharge_vin_36_vin_36_discharge_8,self_discharge,vin_36,8,1,1681
test,LFP_self_discharge_vin_36_vin_36_discharge_9,self_discharge,vin_36,9,1,1924
test,LFP_self_discharge_vin_36_vin_36_discharge_10,self_discharge,vin_36,10,1,1572
test,LFP_self_discharge_vin_37_vin_37_discharge_1,self_discharge,vin_37,1,1,2020
test,LFP_self_discharge_vin_37_vin_37_discharge_2,self_discharge,vin_37,2,1,1651
test,LFP_self_discharge_vin_37_vin_37_discharge_3,self_discharge,vin_37,3,1,1700
test,LFP_self_discharge_vin_37_vin_37_discharge_4,self_discharge,vin_37,4,1,2162
test,LFP_self_discharge_vin_37_vin_37_discharge_5,self_discharge,vin_37,5,1,1861
test,LFP_self_discharge_vin_37_vin_37_discharge_6,self_discharge,vin_37,6,1,1958
test,LFP_self_discharge_vin_37_vin_37_discharge_7,self_discharge,vin_37,7,1,1581
test,LFP_self_discharge_vin_37_vin_37_discharge_8,self_discharge,vin_37,8,1,1640
test,LFP_self_discharge_vin_37_vin_37_discharge_9,self_discharge,vin_37,9,1,1844
test,LFP_self_discharge_vin_37_vin_37_discharge_10,self_discharge,vin_37,10,1,1795
test,LFP_self_discharge_vin_38_vin_38_discharge_1,self_discharge,vin_38,1,1,1733
test,LFP_self_discharge_vin_38_vin_38_discharge_2,self_discharge,vin_38,2,1,2234
test,LFP_self_discharge_vin_38_vin_38_discharge_3,self_discharge,vin_38,3,1,1785
test,LFP_self_discharge_vin_38_vin_38_discharge_4,self_discharge,vin_38,4,1,1392
test,LFP_self_discharge_vin_38_vin_38_discharge_5,self_discharge,vin_38,5,1,1575
test,LFP_self_discharge_vin_38_vin_38_discharge_6,self_discharge,vin_38,6,1,1950
test,LFP_self_discharge_vin_38_vin_38_discharge_7,self_discharge,vin_38,7,1,1768
test,LFP_self_discharge_vin_38_vin_38_discharge_8,self_discharge,vin_38,8,1,1921
test,LFP_self_discharge_vin_38_vin_38_discharge_9,self_discharge,vin_38,9,1,1816
test,LFP_self_discharge_vin_38_vin_38_discharge_10,self_discharge,vin_38,10,1,1978
test,LFP_self_discharge_vin_39_vin_39_discharge_1,self_discharge,vin_39,1,1,1789
test,LFP_self_discharge_vin_39_vin_39_discharge_2,self_discharge,vin_39,2,1,1913
test,LFP_self_discharge_vin_39_vin_39_discharge_3,self_discharge,vin_39,3,1,1352
test,LFP_self_discharge_vin_39_vin_39_discharge_4,self_discharge,vin_39,4,1,1756
test,LFP_self_discharge_vin_39_vin_39_discharge_5,self_discharge,vin_39,5,1,2056
test,LFP_self_discharge_vin_39_vin_39_discharge_6,self_discharge,vin_39,6,1,1406
test,LFP_self_discharge_vin_39_vin_39_discharge_7,self_discharge,vin_39,7,1,1548
test,LFP_self_discharge_vin_39_vin_39_discharge_8,self_discharge,vin_39,8,1,1792
test,LFP_self_discharge_vin_39_vin_39_discharge_9,self_discharge,vin_39,9,1,1468
test,LFP_self_discharge_vin_39_vin_39_discharge_10,self_discharge,vin_39,10,1,1865
test,LFP_self_discharge_vin_4_vin_4_discharge_1,self_discharge,vin_4,1,1,1729
test,LFP_self_discharge_vin_4_vin_4_discharge_2,self_discharge,vin_4,2,1,1441
test,LFP_self_discharge_vin_4_vin_4_discharge_3,self_discharge,vin_4,3,1,1717
test,LFP_self_discharge_vin_4_vin_4_discharge_4,self_discharge,vin_4,4,1,1992
test,LFP_self_discharge_vin_4_vin_4_discharge_5,self_discharge,vin_4,5,1,1607
test,LFP_self_discharge_vin_4_vin_4_discharge_6,self_discharge,vin_4,6,1,1969
test,LFP_self_discharge_vin_4_vin_4_discharge_7,self_discharge,vin_4,7,1,1587
test,LFP_self_discharge_vin_4_vin_4_discharge_8,self_discharge,vin_4,8,1,2014
test,LFP_self_discharge_vin_4_vin_4_discharge_9,self_discharge,vin_4,9,1,2029
test,LFP_self_discharge_vin_4_vin_4_discharge_10,self_discharge,vin_4,10,1,1581
test,LFP_self_discharge_vin_40_vin_40_discharge_1,self_discharge,vin_40,1,1,1888
test,LFP_self_discharge_vin_40_vin_40_discharge_2,self_discharge,vin_40,2,1,1904
test,LFP_self_discharge_vin_40_vin_40_discharge_3,self_discharge,vin_40,3,1,1719
test,LFP_self_discharge_vin_40_vin_40_discharge_4,self_discharge,vin_40,4,1,1702
test,LFP_self_discharge_vin_40_vin_40_discharge_5,self_discharge,vin_40,5,1,1631
test,LFP_self_discharge_vin_40_vin_40_discharge_6,self_discharge,vin_40,6,1,1598
test,LFP_self_discharge_vin_40_vin_40_discharge_7,self_discharge,vin_40,7,1,1729
test,LFP_self_discharge_vin_40_vin_40_discharge_8,self_discharge,vin_40,8,1,1632
test,LFP_self_discharge_vin_40_vin_40_discharge_9,self_discharge,vin_40,9,1,1621
test,LFP_self_discharge_vin_40_vin_40_discharge_10,self_discharge,vin_40,10,1,1868
test,LFP_self_discharge_vin_5_vin_5_discharge_1,self_discharge,vin_5,1,1,1654
test,LFP_self_discharge_vin_5_vin_5_discharge_2,self_discharge,vin_5,2,1,1480
test,LFP_self_discharge_vin_5_vin_5_discharge_3,self_discharge,vin_5,3,1,1742
test,LFP_self_discharge_vin_5_vin_5_discharge_4,self_discharge,vin_5,4,1,1822
test,LFP_self_discharge_vin_5_vin_5_discharge_5,self_discharge,vin_5,5,1,1875
test,LFP_self_discharge_vin_5_vin_5_discharge_6,self_discharge,vin_5,6,1,2029
test,LFP_self_discharge_vin_5_vin_5_discharge_7,self_discharge,vin_5,7,1,1660
test,LFP_self_discharge_vin_5_vin_5_discharge_8,self_discharge,vin_5,8,1,1930
test,LFP_self_discharge_vin_5_vin_5_discharge_9,self_discharge,vin_5,9,1,1960
test,LFP_self_discharge_vin_5_vin_5_discharge_10,self_discharge,vin_5,10,1,1711
test,LFP_self_discharge_vin_6_vin_6_discharge_1,self_discharge,vin_6,1,1,1780
test,LFP_self_discharge_vin_6_vin_6_discharge_2,self_discharge,vin_6,2,1,1988
test,LFP_self_discharge_vin_6_vin_6_discharge_3,self_discharge,vin_6,3,1,1751
test,LFP_self_discharge_vin_6_vin_6_discharge_4,self_discharge,vin_6,4,1,1506
test,LFP_self_discharge_vin_6_vin_6_discharge_5,self_discharge,vin_6,5,1,1787
test,LFP_self_discharge_vin_6_vin_6_discharge_6,self_discharge,vin_6,6,1,1590
test,LFP_self_discharge_vin_6_vin_6_discharge_7,self_discharge,vin_6,7,1,2038
test,LFP_self_discharge_vin_6_vin_6_discharge_8,self_discharge,vin_6,8,1,1498
test,LFP_self_discharge_vin_6_vin_6_discharge_9,self_discharge,vin_6,9,1,1594
test,LFP_self_discharge_vin_6_vin_6_discharge_10,self_discharge,vin_6,10,1,1658
test,LFP_self_discharge_vin_7_vin_7_discharge_1,self_discharge,vin_7,1,1,1864
test,LFP_self_discharge_vin_7_vin_7_discharge_2,self_discharge,vin_7,2,1,1623
test,LFP_self_discharge_vin_7_vin_7_discharge_3,self_discharge,vin_7,3,1,1572
test,LFP_self_discharge_vin_7_vin_7_discharge_4,self_discharge,vin_7,4,1,1439
test,LFP_self_discharge_vin_7_vin_7_discharge_5,self_discharge,vin_7,5,1,1792
test,LFP_self_discharge_vin_7_vin_7_discharge_6,self_discharge,vin_7,6,1,1625
test,LFP_self_discharge_vin_7_vin_7_discharge_7,self_discharge,vin_7,7,1,1540
test,LFP_self_discharge_vin_7_vin_7_discharge_8,self_discharge,vin_7,8,1,1735
test,LFP_self_discharge_vin_7_vin_7_discharge_9,self_discharge,vin_7,9,1,1503
test,LFP_self_discharge_vin_7_vin_7_discharge_10,self_discharge,vin_7,10,1,2015
test,LFP_self_discharge_vin_8_vin_8_discharge_1,self_discharge,vin_8,1,1,2016
test,LFP_self_discharge_vin_8_vin_8_discharge_2,self_discharge,vin_8,2,1,1682
test,LFP_self_discharge_vin_8_vin_8_discharge_3,self_discharge,vin_8,3,1,1560
test,LFP_self_discharge_vin_8_vin_8_discharge_4,self_discharge,vin_8,4,1,1639
test,LFP_self_discharge_vin_8_vin_8_discharge_5,self_discharge,vin_8,5,1,2150
test,LFP_self_discharge_vin_8_vin_8_discharge_6,self_discharge,vin_8,6,1,1954
test,LFP_self_discharge_vin_8_vin_8_discharge_7,self_discharge,vin_8,7,1,1428
test,LFP_self_discharge_vin_8_vin_8_discharge_8,self_discharge,vin_8,8,1,1721
test,LFP_self_discharge_vin_8_vin_8_discharge_9,self_discharge,vin_8,9,1,1623
test,LFP_self_discharge_vin_8_vin_8_discharge_10,self_discharge,vin_8,10,1,1785
test,LFP_self_discharge_vin_9_vin_9_discharge_1,self_discharge,vin_9,1,1,2004
test,LFP_self_discharge_vin_9_vin_9_discharge_2,self_discharge,vin_9,2,1,1604
test,LFP_self_discharge_vin_9_vin_9_discharge_3,self_discharge,vin_9,3,1,1632
test,LFP_self_discharge_vin_9_vin_9_discharge_4,self_discharge,vin_9,4,1,2002
test,LFP_self_discharge_vin_9_vin_9_discharge_5,self_discharge,vin_9,5,1,1859
test,LFP_self_discharge_vin_9_vin_9_discharge_6,self_discharge,vin_9,6,1,1746
test,LFP_self_discharge_vin_9_vin_9_discharge_7,self_discharge,vin_9,7,1,1531
test,LFP_self_discharge_vin_9_vin_9_discharge_8,self_discharge,vin_9,8,1,1802
test,LFP_self_discharge_vin_9_vin_9_discharge_9,self_discharge,vin_9,9,1,1611
test,LFP_self_discharge_vin_9_vin_9_discharge_10,self_discharge,vin_9,10,1,1794
