sample_id,file_path,relative_path,chemistry,fault_type,vin,cycle_kind,cycle_index,sample_label,severity,fault_cell_id,fault_value,fault_unit
LFP_normal_vin_102_vin_102_discharge_1,D:\作业\论文复现\基线模型\mtad-gat-pytorch\datasets\CH-BATTERY\LFP\normal\vin_102\vin_102_discharge_1.csv,LFP/normal/vin_102/vin_102_discharge_1.csv,LFP,normal,vin_102,discharge,1,0,,,,
LFP_normal_vin_102_vin_102_discharge_2,D:\作业\论文复现\基线模型\mtad-gat-pytorch\datasets\CH-BATTERY\LFP\normal\vin_102\vin_102_discharge_2.csv,LFP/normal/vin_102/vin_102_discharge_2.csv,LFP,normal,vin_102,discharge,2,0,,,,
LFP_normal_vin_102_vin_102_discharge_3,D:\作业\论文复现\基线模型\mtad-gat-pytorch\datasets\CH-BATTERY\LFP\normal\vin_102\vin_102_discharge_3.csv,LFP/normal/vin_102/vin_102_discharge_3.csv,LFP,normal,vin_102,discharge,3,0,,,,
LFP_normal_vin_102_vin_102_discharge_4,D:\作业\论文复现\基线模型\mtad-gat-pytorch\datasets\CH-BATTERY\LFP\normal\vin_102\vin_102_discharge_4.csv,LFP/normal/vin_102/vin_102_discharge_4.csv,LFP,normal,vin_102,discharge,4,0,,,,
LFP_normal_vin_102_vin_102_discharge_5,D:\作业\论文复现\基线模型\mtad-gat-pytorch\datasets\CH-BATTERY\LFP\normal\vin_102\vin_102_discharge_5.csv,LFP/normal/vin_102/vin_102_discharge_5.csv,LFP,normal,vin_102,discharge,5,0,,,,
LFP_normal_vin_102_vin_102_discharge_6,D:\作业\论文复现\基线模型\mtad-gat-pytorch\datasets\CH-BATTERY\LFP\normal\vin_102\vin_102_discharge_6.csv,LFP/normal/vin_102/vin_102_discharge_6.csv,LFP,normal,vin_102,discharge,6,0,,,,
LFP_normal_vin_102_vin_102_discharge_7,D:\作业\论文复现\基线模型\mtad-gat-pytorch\datasets\CH-BATTERY\LFP\normal\vin_102\vin_102_discharge_7.csv,LFP/normal/vin_102/vin_102_discharge_7.csv,LFP,normal,vin_102,discharge,7,0,,,,
LFP_normal_vin_102_vin_102_discharge_8,D:\作业\论文复现\基线模型\mtad-gat-pytorch\datasets\CH-BATTERY\LFP\normal\vin_102\vin_102_discharge_8.csv,LFP/normal/vin_102/vin_102_discharge_8.csv,LFP,normal,vin_102,discharge,8,0,,,,
LFP_normal_vin_102_vin_102_discharge_9,D:\作业\论文复现\基线模型\mtad-gat-pytorch\datasets\CH-BATTERY\LFP\normal\vin_102\vin_102_discharge_9.csv,LFP/normal/vin_102/vin_102_discharge_9.csv,LFP,normal,vin_102,discharge,9,0,,,,
LFP_normal_vin_102_vin_102_discharge_10,D:\作业\论文复现\基线模型\mtad-gat-pytorch\datasets\CH-BATTERY\LFP\normal\vin_102\vin_102_discharge_10.csv,LFP/normal/vin_102/vin_102_discharge_10.csv,LFP,normal,vin_102,discharge,10,0,,,,
LFP_normal_vin_103_vin_103_discharge_1,D:\作业\论文复现\基线模型\mtad-gat-pytorch\datasets\CH-BATTERY\LFP\normal\vin_103\vin_103_discharge_1.csv,LFP/normal/vin_103/vin_103_discharge_1.csv,LFP,normal,vin_103,discharge,1,0,,,,
LFP_normal_vin_103_vin_103_discharge_2,D:\作业\论文复现\基线模型\mtad-gat-pytorch\datasets\CH-BATTERY\LFP\normal\vin_103\vin_103_discharge_2.csv,LFP/normal/vin_103/vin_103_discharge_2.csv,LFP,normal,vin_103,discharge,2,0,,,,
LFP_normal_vin_103_vin_103_discharge_3,D:\作业\论文复现\基线模型\mtad-gat-pytorch\datasets\CH-BATTERY\LFP\normal\vin_103\vin_103_discharge_3.csv,LFP/normal/vin_103/vin_103_discharge_3.csv,LFP,normal,vin_103,discharge,3,0,,,,
LFP_normal_vin_103_vin_103_discharge_4,D:\作业\论文复现\基线模型\mtad-gat-pytorch\datasets\CH-BATTERY\LFP\normal\vin_103\vin_103_discharge_4.csv,LFP/normal/vin_103/vin_103_discharge_4.csv,LFP,normal,vin_103,discharge,4,0,,,,
LFP_normal_vin_103_vin_103_discharge_5,D:\作业\论文复现\基线模型\mtad-gat-pytorch\datasets\CH-BATTERY\LFP\normal\vin_103\vin_103_discharge_5.csv,LFP/normal/vin_103/vin_103_discharge_5.csv,LFP,normal,vin_103,discharge,5,0,,,,
LFP_normal_vin_103_vin_103_discharge_6,D:\作业\论文复现\基线模型\mtad-gat-pytorch\datasets\CH-BATTERY\LFP\normal\vin_103\vin_103_discharge_6.csv,LFP/normal/vin_103/vin_103_discharge_6.csv,LFP,normal,vin_103,discharge,6,0,,,,
LFP_normal_vin_103_vin_103_discharge_7,D:\作业\论文复现\基线模型\mtad-gat-pytorch\datasets\CH-BATTERY\LFP\normal\vin_103\vin_103_discharge_7.csv,LFP/normal/vin_103/vin_103_discharge_7.csv,LFP,normal,vin_103,discharge,7,0,,,,
LFP_normal_vin_103_vin_103_discharge_8,D:\作业\论文复现\基线模型\mtad-gat-pytorch\datasets\CH-BATTERY\LFP\normal\vin_103\vin_103_discharge_8.csv,LFP/normal/vin_103/vin_103_discharge_8.csv,LFP,normal,vin_103,discharge,8,0,,,,
LFP_normal_vin_103_vin_103_discharge_9,D:\作业\论文复现\基线模型\mtad-gat-pytorch\datasets\CH-BATTERY\LFP\normal\vin_103\vin_103_discharge_9.csv,LFP/normal/vin_103/vin_103_discharge_9.csv,LFP,normal,vin_103,discharge,9,0,,,,
LFP_normal_vin_103_vin_103_discharge_10,D:\作业\论文复现\基线模型\mtad-gat-pytorch\datasets\CH-BATTERY\LFP\normal\vin_103\vin_103_discharge_10.csv,LFP/normal/vin_103/vin_103_discharge_10.csv,LFP,normal,vin_103,discharge,10,0,,,,
LFP_normal_vin_104_vin_104_discharge_1,D:\作业\论文复现\基线模型\mtad-gat-pytorch\datasets\CH-BATTERY\LFP\normal\vin_104\vin_104_discharge_1.csv,LFP/normal/vin_104/vin_104_discharge_1.csv,LFP,normal,vin_104,discharge,1,0,,,,
LFP_normal_vin_104_vin_104_discharge_2,D:\作业\论文复现\基线模型\mtad-gat-pytorch\datasets\CH-BATTERY\LFP\normal\vin_104\vin_104_discharge_2.csv,LFP/normal/vin_104/vin_104_discharge_2.csv,LFP,normal,vin_104,discharge,2,0,,,,
LFP_normal_vin_104_vin_104_discharge_3,D:\作业\论文复现\基线模型\mtad-gat-pytorch\datasets\CH-BATTERY\LFP\normal\vin_104\vin_104_discharge_3.csv,LFP/normal/vin_104/vin_104_discharge_3.csv,LFP,normal,vin_104,discharge,3,0,,,,
LFP_normal_vin_104_vin_104_discharge_4,D:\作业\论文复现\基线模型\mtad-gat-pytorch\datasets\CH-BATTERY\LFP\normal\vin_104\vin_104_discharge_4.csv,LFP/normal/vin_104/vin_104_discharge_4.csv,LFP,normal,vin_104,discharge,4,0,,,,
LFP_normal_vin_104_vin_104_discharge_5,D:\作业\论文复现\基线模型\mtad-gat-pytorch\datasets\CH-BATTERY\LFP\normal\vin_104\vin_104_discharge_5.csv,LFP/normal/vin_104/vin_104_discharge_5.csv,LFP,normal,vin_104,discharge,5,0,,,,
LFP_normal_vin_104_vin_104_discharge_6,D:\作业\论文复现\基线模型\mtad-gat-pytorch\datasets\CH-BATTERY\LFP\normal\vin_104\vin_104_discharge_6.csv,LFP/normal/vin_104/vin_104_discharge_6.csv,LFP,normal,vin_104,discharge,6,0,,,,
LFP_normal_vin_104_vin_104_discharge_7,D:\作业\论文复现\基线模型\mtad-gat-pytorch\datasets\CH-BATTERY\LFP\normal\vin_104\vin_104_discharge_7.csv,LFP/normal/vin_104/vin_104_discharge_7.csv,LFP,normal,vin_104,discharge,7,0,,,,
LFP_normal_vin_104_vin_104_discharge_8,D:\作业\论文复现\基线模型\mtad-gat-pytorch\datasets\CH-BATTERY\LFP\normal\vin_104\vin_104_discharge_8.csv,LFP/normal/vin_104/vin_104_discharge_8.csv,LFP,normal,vin_104,discharge,8,0,,,,
LFP_normal_vin_104_vin_104_discharge_9,D:\作业\论文复现\基线模型\mtad-gat-pytorch\datasets\CH-BATTERY\LFP\normal\vin_104\vin_104_discharge_9.csv,LFP/normal/vin_104/vin_104_discharge_9.csv,LFP,normal,vin_104,discharge,9,0,,,,
LFP_normal_vin_104_vin_104_discharge_10,D:\作业\论文复现\基线模型\mtad-gat-pytorch\datasets\CH-BATTERY\LFP\normal\vin_104\vin_104_discharge_10.csv,LFP/normal/vin_104/vin_104_discharge_10.csv,LFP,normal,vin_104,discharge,10,0,,,,
LFP_normal_vin_105_vin_105_discharge_1,D:\作业\论文复现\基线模型\mtad-gat-pytorch\datasets\CH-BATTERY\LFP\normal\vin_105\vin_105_discharge_1.csv,LFP/normal/vin_105/vin_105_discharge_1.csv,LFP,normal,vin_105,discharge,1,0,,,,
LFP_normal_vin_105_vin_105_discharge_2,D:\作业\论文复现\基线模型\mtad-gat-pytorch\datasets\CH-BATTERY\LFP\normal\vin_105\vin_105_discharge_2.csv,LFP/normal/vin_105/vin_105_discharge_2.csv,LFP,normal,vin_105,discharge,2,0,,,,
LFP_normal_vin_105_vin_105_discharge_3,D:\作业\论文复现\基线模型\mtad-gat-pytorch\datasets\CH-BATTERY\LFP\normal\vin_105\vin_105_discharge_3.csv,LFP/normal/vin_105/vin_105_discharge_3.csv,LFP,normal,vin_105,discharge,3,0,,,,
LFP_normal_vin_105_vin_105_discharge_4,D:\作业\论文复现\基线模型\mtad-gat-pytorch\datasets\CH-BATTERY\LFP\normal\vin_105\vin_105_discharge_4.csv,LFP/normal/vin_105/vin_105_discharge_4.csv,LFP,normal,vin_105,discharge,4,0,,,,
LFP_normal_vin_105_vin_105_discharge_5,D:\作业\论文复现\基线模型\mtad-gat-pytorch\datasets\CH-BATTERY\LFP\normal\vin_105\vin_105_discharge_5.csv,LFP/normal/vin_105/vin_105_discharge_5.csv,LFP,normal,vin_105,discharge,5,0,,,,
LFP_normal_vin_105_vin_105_discharge_6,D:\作业\论文复现\基线模型\mtad-gat-pytorch\datasets\CH-BATTERY\LFP\normal\vin_105\vin_105_discharge_6.csv,LFP/normal/vin_105/vin_105_discharge_6.csv,LFP,normal,vin_105,discharge,6,0,,,,
LFP_normal_vin_105_vin_105_discharge_7,D:\作业\论文复现\基线模型\mtad-gat-pytorch\datasets\CH-BATTERY\LFP\normal\vin_105\vin_105_discharge_7.csv,LFP/normal/vin_105/vin_105_discharge_7.csv,LFP,normal,vin_105,discharge,7,0,,,,
LFP_normal_vin_105_vin_105_discharge_8,D:\作业\论文复现\基线模型\mtad-gat-pytorch\datasets\CH-BATTERY\LFP\normal\vin_105\vin_105_discharge_8.csv,LFP/normal/vin_105/vin_105_discharge_8.csv,LFP,normal,vin_105,discharge,8,0,,,,
LFP_normal_vin_105_vin_105_discharge_9,D:\作业\论文复现\基线模型\mtad-gat-pytorch\datasets\CH-BATTERY\LFP\normal\vin_105\vin_105_discharge_9.csv,LFP/normal/vin_105/vin_105_discharge_9.csv,LFP,normal,vin_105,discharge,9,0,,,,
LFP_normal_vin_105_vin_105_discharge_10,D:\作业\论文复现\基线模型\mtad-gat-pytorch\datasets\CH-BATTERY\LFP\normal\vin_105\vin_105_discharge_10.csv,LFP/normal/vin_105/vin_105_discharge_10.csv,LFP,normal,vin_105,discharge,10,0,,,,
LFP_normal_vin_106_vin_106_discharge_1,D:\作业\论文复现\基线模型\mtad-gat-pytorch\datasets\CH-BATTERY\LFP\normal\vin_106\vin_106_discharge_1.csv,LFP/normal/vin_106/vin_106_discharge_1.csv,LFP,normal,vin_106,discharge,1,0,,,,
LFP_normal_vin_106_vin_106_discharge_2,D:\作业\论文复现\基线模型\mtad-gat-pytorch\datasets\CH-BATTERY\LFP\normal\vin_106\vin_106_discharge_2.csv,LFP/normal/vin_106/vin_106_discharge_2.csv,LFP,normal,vin_106,discharge,2,0,,,,
LFP_normal_vin_106_vin_106_discharge_3,D:\作业\论文复现\基线模型\mtad-gat-pytorch\datasets\CH-BATTERY\LFP\normal\vin_106\vin_106_discharge_3.csv,LFP/normal/vin_106/vin_106_discharge_3.csv,LFP,normal,vin_106,discharge,3,0,,,,
LFP_normal_vin_106_vin_106_discharge_4,D:\作业\论文复现\基线模型\mtad-gat-pytorch\datasets\CH-BATTERY\LFP\normal\vin_106\vin_106_discharge_4.csv,LFP/normal/vin_106/vin_106_discharge_4.csv,LFP,normal,vin_106,discharge,4,0,,,,
LFP_normal_vin_106_vin_106_discharge_5,D:\作业\论文复现\基线模型\mtad-gat-pytorch\datasets\CH-BATTERY\LFP\normal\vin_106\vin_106_discharge_5.csv,LFP/normal/vin_106/vin_106_discharge_5.csv,LFP,normal,vin_106,discharge,5,0,,,,
LFP_normal_vin_106_vin_106_discharge_6,D:\作业\论文复现\基线模型\mtad-gat-pytorch\datasets\CH-BATTERY\LFP\normal\vin_106\vin_106_discharge_6.csv,LFP/normal/vin_106/vin_106_discharge_6.csv,LFP,normal,vin_106,discharge,6,0,,,,
LFP_normal_vin_106_vin_106_discharge_7,D:\作业\论文复现\基线模型\mtad-gat-pytorch\datasets\CH-BATTERY\LFP\normal\vin_106\vin_106_discharge_7.csv,LFP/normal/vin_106/vin_106_discharge_7.csv,LFP,normal,vin_106,discharge,7,0,,,,
LFP_normal_vin_106_vin_106_discharge_8,D:\作业\论文复现\基线模型\mtad-gat-pytorch\datasets\CH-BATTERY\LFP\normal\vin_106\vin_106_discharge_8.csv,LFP/normal/vin_106/vin_106_discharge_8.csv,LFP,normal,vin_106,discharge,8,0,,,,
LFP_normal_vin_106_vin_106_discharge_9,D:\作业\论文复现\基线模型\mtad-gat-pytorch\datasets\CH-BATTERY\LFP\normal\vin_106\vin_106_discharge_9.csv,LFP/normal/vin_106/vin_106_discharge_9.csv,LFP,normal,vin_106,discharge,9,0,,,,
LFP_normal_vin_106_vin_106_discharge_10,D:\作业\论文复现\基线模型\mtad-gat-pytorch\datasets\CH-BATTERY\LFP\normal\vin_106\vin_106_discharge_10.csv,LFP/normal/vin_106/vin_106_discharge_10.csv,LFP,normal,vin_106,discharge,10,0,,,,
LFP_normal_vin_107_vin_107_discharge_1,D:\作业\论文复现\基线模型\mtad-gat-pytorch\datasets\CH-BATTERY\LFP\normal\vin_107\vin_107_discharge_1.csv,LFP/normal/vin_107/vin_107_discharge_1.csv,LFP,normal,vin_107,discharge,1,0,,,,
LFP_normal_vin_107_vin_107_discharge_2,D:\作业\论文复现\基线模型\mtad-gat-pytorch\datasets\CH-BATTERY\LFP\normal\vin_107\vin_107_discharge_2.csv,LFP/normal/vin_107/vin_107_discharge_2.csv,LFP,normal,vin_107,discharge,2,0,,,,
LFP_normal_vin_107_vin_107_discharge_3,D:\作业\论文复现\基线模型\mtad-gat-pytorch\datasets\CH-BATTERY\LFP\normal\vin_107\vin_107_discharge_3.csv,LFP/normal/vin_107/vin_107_discharge_3.csv,LFP,normal,vin_107,discharge,3,0,,,,
LFP_normal_vin_107_vin_107_discharge_4,D:\作业\论文复现\基线模型\mtad-gat-pytorch\datasets\CH-BATTERY\LFP\normal\vin_107\vin_107_discharge_4.csv,LFP/normal/vin_107/vin_107_discharge_4.csv,LFP,normal,vin_107,discharge,4,0,,,,
LFP_normal_vin_107_vin_107_discharge_5,D:\作业\论文复现\基线模型\mtad-gat-pytorch\datasets\CH-BATTERY\LFP\normal\vin_107\vin_107_discharge_5.csv,LFP/normal/vin_107/vin_107_discharge_5.csv,LFP,normal,vin_107,discharge,5,0,,,,
LFP_normal_vin_107_vin_107_discharge_6,D:\作业\论文复现\基线模型\mtad-gat-pytorch\datasets\CH-BATTERY\LFP\normal\vin_107\vin_107_discharge_6.csv,LFP/normal/vin_107/vin_107_discharge_6.csv,LFP,normal,vin_107,discharge,6,0,,,,
LFP_normal_vin_107_vin_107_discharge_7,D:\作业\论文复现\基线模型\mtad-gat-pytorch\datasets\CH-BATTERY\LFP\normal\vin_107\vin_107_discharge_7.csv,LFP/normal/vin_107/vin_107_discharge_7.csv,LFP,normal,vin_107,discharge,7,0,,,,
LFP_normal_vin_107_vin_107_discharge_8,D:\作业\论文复现\基线模型\mtad-gat-pytorch\datasets\CH-BATTERY\LFP\normal\vin_107\vin_107_discharge_8.csv,LFP/normal/vin_107/vin_107_discharge_8.csv,LFP,normal,vin_107,discharge,8,0,,,,
LFP_normal_vin_107_vin_107_discharge_9,D:\作业\论文复现\基线模型\mtad-gat-pytorch\datasets\CH-BATTERY\LFP\normal\vin_107\vin_107_discharge_9.csv,LFP/normal/vin_107/vin_107_discharge_9.csv,LFP,normal,vin_107,discharge,9,0,,,,
LFP_normal_vin_107_vin_107_discharge_10,D:\作业\论文复现\基线模型\mtad-gat-pytorch\datasets\CH-BATTERY\LFP\normal\vin_107\vin_107_discharge_10.csv,LFP/normal/vin_107/vin_107_discharge_10.csv,LFP,normal,vin_107,discharge,10,0,,,,
LFP_normal_vin_108_vin_108_discharge_1,D:\作业\论文复现\基线模型\mtad-gat-pytorch\datasets\CH-BATTERY\LFP\normal\vin_108\vin_108_discharge_1.csv,LFP/normal/vin_108/vin_108_discharge_1.csv,LFP,normal,vin_108,discharge,1,0,,,,
LFP_normal_vin_108_vin_108_discharge_2,D:\作业\论文复现\基线模型\mtad-gat-pytorch\datasets\CH-BATTERY\LFP\normal\vin_108\vin_108_discharge_2.csv,LFP/normal/vin_108/vin_108_discharge_2.csv,LFP,normal,vin_108,discharge,2,0,,,,
LFP_normal_vin_108_vin_108_discharge_3,D:\作业\论文复现\基线模型\mtad-gat-pytorch\datasets\CH-BATTERY\LFP\normal\vin_108\vin_108_discharge_3.csv,LFP/normal/vin_108/vin_108_discharge_3.csv,LFP,normal,vin_108,discharge,3,0,,,,
LFP_normal_vin_108_vin_108_discharge_4,D:\作业\论文复现\基线模型\mtad-gat-pytorch\datasets\CH-BATTERY\LFP\normal\vin_108\vin_108_discharge_4.csv,LFP/normal/vin_108/vin_108_discharge_4.csv,LFP,normal,vin_108,discharge,4,0,,,,
LFP_normal_vin_108_vin_108_discharge_5,D:\作业\论文复现\基线模型\mtad-gat-pytorch\datasets\CH-BATTERY\LFP\normal\vin_108\vin_108_discharge_5.csv,LFP/normal/vin_108/vin_108_discharge_5.csv,LFP,normal,vin_108,discharge,5,0,,,,
LFP_normal_vin_108_vin_108_discharge_6,D:\作业\论文复现\基线模型\mtad-gat-pytorch\datasets\CH-BATTERY\LFP\normal\vin_108\vin_108_discharge_6.csv,LFP/normal/vin_108/vin_108_discharge_6.csv,LFP,normal,vin_108,discharge,6,0,,,,
LFP_normal_vin_108_vin_108_discharge_7,D:\作业\论文复现\基线模型\mtad-gat-pytorch\datasets\CH-BATTERY\LFP\normal\vin_108\vin_108_discharge_7.csv,LFP/normal/vin_108/vin_108_discharge_7.csv,LFP,normal,vin_108,discharge,7,0,,,,
LFP_normal_vin_108_vin_108_discharge_8,D:\作业\论文复现\基线模型\mtad-gat-pytorch\datasets\CH-BATTERY\LFP\normal\vin_108\vin_108_discharge_8.csv,LFP/normal/vin_108/vin_108_discharge_8.csv,LFP,normal,vin_108,discharge,8,0,,,,
LFP_normal_vin_108_vin_108_discharge_9,D:\作业\论文复现\基线模型\mtad-gat-pytorch\datasets\CH-BATTERY\LFP\normal\vin_108\vin_108_discharge_9.csv,LFP/normal/vin_108/vin_108_discharge_9.csv,LFP,normal,vin_108,discharge,9,0,,,,
LFP_normal_vin_108_vin_108_discharge_10,D:\作业\论文复现\基线模型\mtad-gat-pytorch\datasets\CH-BATTERY\LFP\normal\vin_108\vin_108_discharge_10.csv,LFP/normal/vin_108/vin_108_discharge_10.csv,LFP,normal,vin_108,discharge,10,0,,,,
LFP_normal_vin_109_vin_109_discharge_1,D:\作业\论文复现\基线模型\mtad-gat-pytorch\datasets\CH-BATTERY\LFP\normal\vin_109\vin_109_discharge_1.csv,LFP/normal/vin_109/vin_109_discharge_1.csv,LFP,normal,vin_109,discharge,1,0,,,,
LFP_normal_vin_109_vin_109_discharge_2,D:\作业\论文复现\基线模型\mtad-gat-pytorch\datasets\CH-BATTERY\LFP\normal\vin_109\vin_109_discharge_2.csv,LFP/normal/vin_109/vin_109_discharge_2.csv,LFP,normal,vin_109,discharge,2,0,,,,
LFP_normal_vin_109_vin_109_discharge_3,D:\作业\论文复现\基线模型\mtad-gat-pytorch\datasets\CH-BATTERY\LFP\normal\vin_109\vin_109_discharge_3.csv,LFP/normal/vin_109/vin_109_discharge_3.csv,LFP,normal,vin_109,discharge,3,0,,,,
LFP_normal_vin_109_vin_109_discharge_4,D:\作业\论文复现\基线模型\mtad-gat-pytorch\datasets\CH-BATTERY\LFP\normal\vin_109\vin_109_discharge_4.csv,LFP/normal/vin_109/vin_109_discharge_4.csv,LFP,normal,vin_109,discharge,4,0,,,,
LFP_normal_vin_109_vin_109_discharge_5,D:\作业\论文复现\基线模型\mtad-gat-pytorch\datasets\CH-BATTERY\LFP\normal\vin_109\vin_109_discharge_5.csv,LFP/normal/vin_109/vin_109_discharge_5.csv,LFP,normal,vin_109,discharge,5,0,,,,
LFP_normal_vin_109_vin_109_discharge_6,D:\作业\论文复现\基线模型\mtad-gat-pytorch\datasets\CH-BATTERY\LFP\normal\vin_109\vin_109_discharge_6.csv,LFP/normal/vin_109/vin_109_discharge_6.csv,LFP,normal,vin_109,discharge,6,0,,,,
LFP_normal_vin_109_vin_109_discharge_7,D:\作业\论文复现\基线模型\mtad-gat-pytorch\datasets\CH-BATTERY\LFP\normal\vin_109\vin_109_discharge_7.csv,LFP/normal/vin_109/vin_109_discharge_7.csv,LFP,normal,vin_109,discharge,7,0,,,,
LFP_normal_vin_109_vin_109_discharge_8,D:\作业\论文复现\基线模型\mtad-gat-pytorch\datasets\CH-BATTERY\LFP\normal\vin_109\vin_109_discharge_8.csv,LFP/normal/vin_109/vin_109_discharge_8.csv,LFP,normal,vin_109,discharge,8,0,,,,
LFP_normal_vin_109_vin_109_discharge_9,D:\作业\论文复现\基线模型\mtad-gat-pytorch\datasets\CH-BATTERY\LFP\normal\vin_109\vin_109_discharge_9.csv,LFP/normal/vin_109/vin_109_discharge_9.csv,LFP,normal,vin_109,discharge,9,0,,,,
LFP_normal_vin_109_vin_109_discharge_10,D:\作业\论文复现\基线模型\mtad-gat-pytorch\datasets\CH-BATTERY\LFP\normal\vin_109\vin_109_discharge_10.csv,LFP/normal/vin_109/vin_109_discharge_10.csv,LFP,normal,vin_109,discharge,10,0,,,,
LFP_normal_vin_110_vin_110_discharge_1,D:\作业\论文复现\基线模型\mtad-gat-pytorch\datasets\CH-BATTERY\LFP\normal\vin_110\vin_110_discharge_1.csv,LFP/normal/vin_110/vin_110_discharge_1.csv,LFP,normal,vin_110,discharge,1,0,,,,
LFP_normal_vin_110_vin_110_discharge_2,D:\作业\论文复现\基线模型\mtad-gat-pytorch\datasets\CH-BATTERY\LFP\normal\vin_110\vin_110_discharge_2.csv,LFP/normal/vin_110/vin_110_discharge_2.csv,LFP,normal,vin_110,discharge,2,0,,,,
LFP_normal_vin_110_vin_110_discharge_3,D:\作业\论文复现\基线模型\mtad-gat-pytorch\datasets\CH-BATTERY\LFP\normal\vin_110\vin_110_discharge_3.csv,LFP/normal/vin_110/vin_110_discharge_3.csv,LFP,normal,vin_110,discharge,3,0,,,,
LFP_normal_vin_110_vin_110_discharge_4,D:\作业\论文复现\基线模型\mtad-gat-pytorch\datasets\CH-BATTERY\LFP\normal\vin_110\vin_110_discharge_4.csv,LFP/normal/vin_110/vin_110_discharge_4.csv,LFP,normal,vin_110,discharge,4,0,,,,
LFP_normal_vin_110_vin_110_discharge_5,D:\作业\论文复现\基线模型\mtad-gat-pytorch\datasets\CH-BATTERY\LFP\normal\vin_110\vin_110_discharge_5.csv,LFP/normal/vin_110/vin_110_discharge_5.csv,LFP,normal,vin_110,discharge,5,0,,,,
LFP_normal_vin_110_vin_110_discharge_6,D:\作业\论文复现\基线模型\mtad-gat-pytorch\datasets\CH-BATTERY\LFP\normal\vin_110\vin_110_discharge_6.csv,LFP/normal/vin_110/vin_110_discharge_6.csv,LFP,normal,vin_110,discharge,6,0,,,,
LFP_normal_vin_110_vin_110_discharge_7,D:\作业\论文复现\基线模型\mtad-gat-pytorch\datasets\CH-BATTERY\LFP\normal\vin_110\vin_110_discharge_7.csv,LFP/normal/vin_110/vin_110_discharge_7.csv,LFP,normal,vin_110,discharge,7,0,,,,
LFP_normal_vin_110_vin_110_discharge_8,D:\作业\论文复现\基线模型\mtad-gat-pytorch\datasets\CH-BATTERY\LFP\normal\vin_110\vin_110_discharge_8.csv,LFP/normal/vin_110/vin_110_discharge_8.csv,LFP,normal,vin_110,discharge,8,0,,,,
LFP_normal_vin_110_vin_110_discharge_9,D:\作业\论文复现\基线模型\mtad-gat-pytorch\datasets\CH-BATTERY\LFP\normal\vin_110\vin_110_discharge_9.csv,LFP/normal/vin_110/vin_110_discharge_9.csv,LFP,normal,vin_110,discharge,9,0,,,,
LFP_normal_vin_110_vin_110_discharge_10,D:\作业\论文复现\基线模型\mtad-gat-pytorch\datasets\CH-BATTERY\LFP\normal\vin_110\vin_110_discharge_10.csv,LFP/normal/vin_110/vin_110_discharge_10.csv,LFP,normal,vin_110,discharge,10,0,,,,
LFP_normal_vin_112_vin_112_discharge_1,D:\作业\论文复现\基线模型\mtad-gat-pytorch\datasets\CH-BATTERY\LFP\normal\vin_112\vin_112_discharge_1.csv,LFP/normal/vin_112/vin_112_discharge_1.csv,LFP,normal,vin_112,discharge,1,0,,,,
LFP_normal_vin_112_vin_112_discharge_2,D:\作业\论文复现\基线模型\mtad-gat-pytorch\datasets\CH-BATTERY\LFP\normal\vin_112\vin_112_discharge_2.csv,LFP/normal/vin_112/vin_112_discharge_2.csv,LFP,normal,vin_112,discharge,2,0,,,,
LFP_normal_vin_112_vin_112_discharge_3,D:\作业\论文复现\基线模型\mtad-gat-pytorch\datasets\CH-BATTERY\LFP\normal\vin_112\vin_112_discharge_3.csv,LFP/normal/vin_112/vin_112_discharge_3.csv,LFP,normal,vin_112,discharge,3,0,,,,
LFP_normal_vin_112_vin_112_discharge_4,D:\作业\论文复现\基线模型\mtad-gat-pytorch\datasets\CH-BATTERY\LFP\normal\vin_112\vin_112_discharge_4.csv,LFP/normal/vin_112/vin_112_discharge_4.csv,LFP,normal,vin_112,discharge,4,0,,,,
LFP_normal_vin_112_vin_112_discharge_5,D:\作业\论文复现\基线模型\mtad-gat-pytorch\datasets\CH-BATTERY\LFP\normal\vin_112\vin_112_discharge_5.csv,LFP/normal/vin_112/vin_112_discharge_5.csv,LFP,normal,vin_112,discharge,5,0,,,,
LFP_normal_vin_112_vin_112_discharge_6,D:\作业\论文复现\基线模型\mtad-gat-pytorch\datasets\CH-BATTERY\LFP\normal\vin_112\vin_112_discharge_6.csv,LFP/normal/vin_112/vin_112_discharge_6.csv,LFP,normal,vin_112,discharge,6,0,,,,
LFP_normal_vin_112_vin_112_discharge_7,D:\作业\论文复现\基线模型\mtad-gat-pytorch\datasets\CH-BATTERY\LFP\normal\vin_112\vin_112_discharge_7.csv,LFP/normal/vin_112/vin_112_discharge_7.csv,LFP,normal,vin_112,discharge,7,0,,,,
LFP_normal_vin_112_vin_112_discharge_8,D:\作业\论文复现\基线模型\mtad-gat-pytorch\datasets\CH-BATTERY\LFP\normal\vin_112\vin_112_discharge_8.csv,LFP/normal/vin_112/vin_112_discharge_8.csv,LFP,normal,vin_112,discharge,8,0,,,,
LFP_normal_vin_112_vin_112_discharge_9,D:\作业\论文复现\基线模型\mtad-gat-pytorch\datasets\CH-BATTERY\LFP\normal\vin_112\vin_112_discharge_9.csv,LFP/normal/vin_112/vin_112_discharge_9.csv,LFP,normal,vin_112,discharge,9,0,,,,
LFP_normal_vin_112_vin_112_discharge_10,D:\作业\论文复现\基线模型\mtad-gat-pytorch\datasets\CH-BATTERY\LFP\normal\vin_112\vin_112_discharge_10.csv,LFP/normal/vin_112/vin_112_discharge_10.csv,LFP,normal,vin_112,discharge,10,0,,,,
LFP_normal_vin_113_vin_113_discharge_1,D:\作业\论文复现\基线模型\mtad-gat-pytorch\datasets\CH-BATTERY\LFP\normal\vin_113\vin_113_discharge_1.csv,LFP/normal/vin_113/vin_113_discharge_1.csv,LFP,normal,vin_113,discharge,1,0,,,,
LFP_normal_vin_113_vin_113_discharge_2,D:\作业\论文复现\基线模型\mtad-gat-pytorch\datasets\CH-BATTERY\LFP\normal\vin_113\vin_113_discharge_2.csv,LFP/normal/vin_113/vin_113_discharge_2.csv,LFP,normal,vin_113,discharge,2,0,,,,
LFP_normal_vin_113_vin_113_discharge_3,D:\作业\论文复现\基线模型\mtad-gat-pytorch\datasets\CH-BATTERY\LFP\normal\vin_113\vin_113_discharge_3.csv,LFP/normal/vin_113/vin_113_discharge_3.csv,LFP,normal,vin_113,discharge,3,0,,,,
LFP_normal_vin_113_vin_113_discharge_4,D:\作业\论文复现\基线模型\mtad-gat-pytorch\datasets\CH-BATTERY\LFP\normal\vin_113\vin_113_discharge_4.csv,LFP/normal/vin_113/vin_113_discharge_4.csv,LFP,normal,vin_113,discharge,4,0,,,,
LFP_normal_vin_113_vin_113_discharge_5,D:\作业\论文复现\基线模型\mtad-gat-pytorch\datasets\CH-BATTERY\LFP\normal\vin_113\vin_113_discharge_5.csv,LFP/normal/vin_113/vin_113_discharge_5.csv,LFP,normal,vin_113,discharge,5,0,,,,
LFP_normal_vin_113_vin_113_discharge_6,D:\作业\论文复现\基线模型\mtad-gat-pytorch\datasets\CH-BATTERY\LFP\normal\vin_113\vin_113_discharge_6.csv,LFP/normal/vin_113/vin_113_discharge_6.csv,LFP,normal,vin_113,discharge,6,0,,,,
LFP_normal_vin_113_vin_113_discharge_7,D:\作业\论文复现\基线模型\mtad-gat-pytorch\datasets\CH-BATTERY\LFP\normal\vin_113\vin_113_discharge_7.csv,LFP/normal/vin_113/vin_113_discharge_7.csv,LFP,normal,vin_113,discharge,7,0,,,,
LFP_normal_vin_113_vin_113_discharge_8,D:\作业\论文复现\基线模型\mtad-gat-pytorch\datasets\CH-BATTERY\LFP\normal\vin_113\vin_113_discharge_8.csv,LFP/normal/vin_113/vin_113_discharge_8.csv,LFP,normal,vin_113,discharge,8,0,,,,
LFP_normal_vin_113_vin_113_discharge_9,D:\作业\论文复现\基线模型\mtad-gat-pytorch\datasets\CH-BATTERY\LFP\normal\vin_113\vin_113_discharge_9.csv,LFP/normal/vin_113/vin_113_discharge_9.csv,LFP,normal,vin_113,discharge,9,0,,,,
LFP_normal_vin_113_vin_113_discharge_10,D:\作业\论文复现\基线模型\mtad-gat-pytorch\datasets\CH-BATTERY\LFP\normal\vin_113\vin_113_discharge_10.csv,LFP/normal/vin_113/vin_113_discharge_10.csv,LFP,normal,vin_113,discharge,10,0,,,,
LFP_normal_vin_114_vin_114_discharge_1,D:\作业\论文复现\基线模型\mtad-gat-pytorch\datasets\CH-BATTERY\LFP\normal\vin_114\vin_114_discharge_1.csv,LFP/normal/vin_114/vin_114_discharge_1.csv,LFP,normal,vin_114,discharge,1,0,,,,
LFP_normal_vin_114_vin_114_discharge_2,D:\作业\论文复现\基线模型\mtad-gat-pytorch\datasets\CH-BATTERY\LFP\normal\vin_114\vin_114_discharge_2.csv,LFP/normal/vin_114/vin_114_discharge_2.csv,LFP,normal,vin_114,discharge,2,0,,,,
LFP_normal_vin_114_vin_114_discharge_3,D:\作业\论文复现\基线模型\mtad-gat-pytorch\datasets\CH-BATTERY\LFP\normal\vin_114\vin_114_discharge_3.csv,LFP/normal/vin_114/vin_114_discharge_3.csv,LFP,normal,vin_114,discharge,3,0,,,,
LFP_normal_vin_114_vin_114_discharge_4,D:\作业\论文复现\基线模型\mtad-gat-pytorch\datasets\CH-BATTERY\LFP\normal\vin_114\vin_114_discharge_4.csv,LFP/normal/vin_114/vin_114_discharge_4.csv,LFP,normal,vin_114,discharge,4,0,,,,
LFP_normal_vin_114_vin_114_discharge_5,D:\作业\论文复现\基线模型\mtad-gat-pytorch\datasets\CH-BATTERY\LFP\normal\vin_114\vin_114_discharge_5.csv,LFP/normal/vin_114/vin_114_discharge_5.csv,LFP,normal,vin_114,discharge,5,0,,,,
LFP_normal_vin_114_vin_114_discharge_6,D:\作业\论文复现\基线模型\mtad-gat-pytorch\datasets\CH-BATTERY\LFP\normal\vin_114\vin_114_discharge_6.csv,LFP/normal/vin_114/vin_114_discharge_6.csv,LFP,normal,vin_114,discharge,6,0,,,,
LFP_normal_vin_114_vin_114_discharge_7,D:\作业\论文复现\基线模型\mtad-gat-pytorch\datasets\CH-BATTERY\LFP\normal\vin_114\vin_114_discharge_7.csv,LFP/normal/vin_114/vin_114_discharge_7.csv,LFP,normal,vin_114,discharge,7,0,,,,
LFP_normal_vin_114_vin_114_discharge_8,D:\作业\论文复现\基线模型\mtad-gat-pytorch\datasets\CH-BATTERY\LFP\normal\vin_114\vin_114_discharge_8.csv,LFP/normal/vin_114/vin_114_discharge_8.csv,LFP,normal,vin_114,discharge,8,0,,,,
LFP_normal_vin_114_vin_114_discharge_9,D:\作业\论文复现\基线模型\mtad-gat-pytorch\datasets\CH-BATTERY\LFP\normal\vin_114\vin_114_discharge_9.csv,LFP/normal/vin_114/vin_114_discharge_9.csv,LFP,normal,vin_114,discharge,9,0,,,,
LFP_normal_vin_114_vin_114_discharge_10,D:\作业\论文复现\基线模型\mtad-gat-pytorch\datasets\CH-BATTERY\LFP\normal\vin_114\vin_114_discharge_10.csv,LFP/normal/vin_114/vin_114_discharge_10.csv,LFP,normal,vin_114,discharge,10,0,,,,
LFP_normal_vin_115_vin_115_discharge_1,D:\作业\论文复现\基线模型\mtad-gat-pytorch\datasets\CH-BATTERY\LFP\normal\vin_115\vin_115_discharge_1.csv,LFP/normal/vin_115/vin_115_discharge_1.csv,LFP,normal,vin_115,discharge,1,0,,,,
LFP_normal_vin_115_vin_115_discharge_2,D:\作业\论文复现\基线模型\mtad-gat-pytorch\datasets\CH-BATTERY\LFP\normal\vin_115\vin_115_discharge_2.csv,LFP/normal/vin_115/vin_115_discharge_2.csv,LFP,normal,vin_115,discharge,2,0,,,,
LFP_normal_vin_115_vin_115_discharge_3,D:\作业\论文复现\基线模型\mtad-gat-pytorch\datasets\CH-BATTERY\LFP\normal\vin_115\vin_115_discharge_3.csv,LFP/normal/vin_115/vin_115_discharge_3.csv,LFP,normal,vin_115,discharge,3,0,,,,
LFP_normal_vin_115_vin_115_discharge_4,D:\作业\论文复现\基线模型\mtad-gat-pytorch\datasets\CH-BATTERY\LFP\normal\vin_115\vin_115_discharge_4.csv,LFP/normal/vin_115/vin_115_discharge_4.csv,LFP,normal,vin_115,discharge,4,0,,,,
LFP_normal_vin_115_vin_115_discharge_5,D:\作业\论文复现\基线模型\mtad-gat-pytorch\datasets\CH-BATTERY\LFP\normal\vin_115\vin_115_discharge_5.csv,LFP/normal/vin_115/vin_115_discharge_5.csv,LFP,normal,vin_115,discharge,5,0,,,,
LFP_normal_vin_115_vin_115_discharge_6,D:\作业\论文复现\基线模型\mtad-gat-pytorch\datasets\CH-BATTERY\LFP\normal\vin_115\vin_115_discharge_6.csv,LFP/normal/vin_115/vin_115_discharge_6.csv,LFP,normal,vin_115,discharge,6,0,,,,
LFP_normal_vin_115_vin_115_discharge_7,D:\作业\论文复现\基线模型\mtad-gat-pytorch\datasets\CH-BATTERY\LFP\normal\vin_115\vin_115_discharge_7.csv,LFP/normal/vin_115/vin_115_discharge_7.csv,LFP,normal,vin_115,discharge,7,0,,,,
LFP_normal_vin_115_vin_115_discharge_8,D:\作业\论文复现\基线模型\mtad-gat-pytorch\datasets\CH-BATTERY\LFP\normal\vin_115\vin_115_discharge_8.csv,LFP/normal/vin_115/vin_115_discharge_8.csv,LFP,normal,vin_115,discharge,8,0,,,,
LFP_normal_vin_115_vin_115_discharge_9,D:\作业\论文复现\基线模型\mtad-gat-pytorch\datasets\CH-BATTERY\LFP\normal\vin_115\vin_115_discharge_9.csv,LFP/normal/vin_115/vin_115_discharge_9.csv,LFP,normal,vin_115,discharge,9,0,,,,
LFP_normal_vin_115_vin_115_discharge_10,D:\作业\论文复现\基线模型\mtad-gat-pytorch\datasets\CH-BATTERY\LFP\normal\vin_115\vin_115_discharge_10.csv,LFP/normal/vin_115/vin_115_discharge_10.csv,LFP,normal,vin_115,discharge,10,0,,,,
LFP_normal_vin_116_vin_116_discharge_1,D:\作业\论文复现\基线模型\mtad-gat-pytorch\datasets\CH-BATTERY\LFP\normal\vin_116\vin_116_discharge_1.csv,LFP/normal/vin_116/vin_116_discharge_1.csv,LFP,normal,vin_116,discharge,1,0,,,,
LFP_normal_vin_116_vin_116_discharge_2,D:\作业\论文复现\基线模型\mtad-gat-pytorch\datasets\CH-BATTERY\LFP\normal\vin_116\vin_116_discharge_2.csv,LFP/normal/vin_116/vin_116_discharge_2.csv,LFP,normal,vin_116,discharge,2,0,,,,
LFP_normal_vin_116_vin_116_discharge_3,D:\作业\论文复现\基线模型\mtad-gat-pytorch\datasets\CH-BATTERY\LFP\normal\vin_116\vin_116_discharge_3.csv,LFP/normal/vin_116/vin_116_discharge_3.csv,LFP,normal,vin_116,discharge,3,0,,,,
LFP_normal_vin_116_vin_116_discharge_4,D:\作业\论文复现\基线模型\mtad-gat-pytorch\datasets\CH-BATTERY\LFP\normal\vin_116\vin_116_discharge_4.csv,LFP/normal/vin_116/vin_116_discharge_4.csv,LFP,normal,vin_116,discharge,4,0,,,,
LFP_normal_vin_116_vin_116_discharge_5,D:\作业\论文复现\基线模型\mtad-gat-pytorch\datasets\CH-BATTERY\LFP\normal\vin_116\vin_116_discharge_5.csv,LFP/normal/vin_116/vin_116_discharge_5.csv,LFP,normal,vin_116,discharge,5,0,,,,
LFP_normal_vin_116_vin_116_discharge_6,D:\作业\论文复现\基线模型\mtad-gat-pytorch\datasets\CH-BATTERY\LFP\normal\vin_116\vin_116_discharge_6.csv,LFP/normal/vin_116/vin_116_discharge_6.csv,LFP,normal,vin_116,discharge,6,0,,,,
LFP_normal_vin_116_vin_116_discharge_7,D:\作业\论文复现\基线模型\mtad-gat-pytorch\datasets\CH-BATTERY\LFP\normal\vin_116\vin_116_discharge_7.csv,LFP/normal/vin_116/vin_116_discharge_7.csv,LFP,normal,vin_116,discharge,7,0,,,,
LFP_normal_vin_116_vin_116_discharge_8,D:\作业\论文复现\基线模型\mtad-gat-pytorch\datasets\CH-BATTERY\LFP\normal\vin_116\vin_116_discharge_8.csv,LFP/normal/vin_116/vin_116_discharge_8.csv,LFP,normal,vin_116,discharge,8,0,,,,
LFP_normal_vin_116_vin_116_discharge_9,D:\作业\论文复现\基线模型\mtad-gat-pytorch\datasets\CH-BATTERY\LFP\normal\vin_116\vin_116_discharge_9.csv,LFP/normal/vin_116/vin_116_discharge_9.csv,LFP,normal,vin_116,discharge,9,0,,,,
LFP_normal_vin_116_vin_116_discharge_10,D:\作业\论文复现\基线模型\mtad-gat-pytorch\datasets\CH-BATTERY\LFP\normal\vin_116\vin_116_discharge_10.csv,LFP/normal/vin_116/vin_116_discharge_10.csv,LFP,normal,vin_116,discharge,10,0,,,,
LFP_normal_vin_117_vin_117_discharge_1,D:\作业\论文复现\基线模型\mtad-gat-pytorch\datasets\CH-BATTERY\LFP\normal\vin_117\vin_117_discharge_1.csv,LFP/normal/vin_117/vin_117_discharge_1.csv,LFP,normal,vin_117,discharge,1,0,,,,
LFP_normal_vin_117_vin_117_discharge_2,D:\作业\论文复现\基线模型\mtad-gat-pytorch\datasets\CH-BATTERY\LFP\normal\vin_117\vin_117_discharge_2.csv,LFP/normal/vin_117/vin_117_discharge_2.csv,LFP,normal,vin_117,discharge,2,0,,,,
LFP_normal_vin_117_vin_117_discharge_3,D:\作业\论文复现\基线模型\mtad-gat-pytorch\datasets\CH-BATTERY\LFP\normal\vin_117\vin_117_discharge_3.csv,LFP/normal/vin_117/vin_117_discharge_3.csv,LFP,normal,vin_117,discharge,3,0,,,,
LFP_normal_vin_117_vin_117_discharge_4,D:\作业\论文复现\基线模型\mtad-gat-pytorch\datasets\CH-BATTERY\LFP\normal\vin_117\vin_117_discharge_4.csv,LFP/normal/vin_117/vin_117_discharge_4.csv,LFP,normal,vin_117,discharge,4,0,,,,
LFP_normal_vin_117_vin_117_discharge_5,D:\作业\论文复现\基线模型\mtad-gat-pytorch\datasets\CH-BATTERY\LFP\normal\vin_117\vin_117_discharge_5.csv,LFP/normal/vin_117/vin_117_discharge_5.csv,LFP,normal,vin_117,discharge,5,0,,,,
LFP_normal_vin_117_vin_117_discharge_6,D:\作业\论文复现\基线模型\mtad-gat-pytorch\datasets\CH-BATTERY\LFP\normal\vin_117\vin_117_discharge_6.csv,LFP/normal/vin_117/vin_117_discharge_6.csv,LFP,normal,vin_117,discharge,6,0,,,,
LFP_normal_vin_117_vin_117_discharge_7,D:\作业\论文复现\基线模型\mtad-gat-pytorch\datasets\CH-BATTERY\LFP\normal\vin_117\vin_117_discharge_7.csv,LFP/normal/vin_117/vin_117_discharge_7.csv,LFP,normal,vin_117,discharge,7,0,,,,
LFP_normal_vin_117_vin_117_discharge_8,D:\作业\论文复现\基线模型\mtad-gat-pytorch\datasets\CH-BATTERY\LFP\normal\vin_117\vin_117_discharge_8.csv,LFP/normal/vin_117/vin_117_discharge_8.csv,LFP,normal,vin_117,discharge,8,0,,,,
LFP_normal_vin_117_vin_117_discharge_9,D:\作业\论文复现\基线模型\mtad-gat-pytorch\datasets\CH-BATTERY\LFP\normal\vin_117\vin_117_discharge_9.csv,LFP/normal/vin_117/vin_117_discharge_9.csv,LFP,normal,vin_117,discharge,9,0,,,,
LFP_normal_vin_117_vin_117_discharge_10,D:\作业\论文复现\基线模型\mtad-gat-pytorch\datasets\CH-BATTERY\LFP\normal\vin_117\vin_117_discharge_10.csv,LFP/normal/vin_117/vin_117_discharge_10.csv,LFP,normal,vin_117,discharge,10,0,,,,
LFP_normal_vin_118_vin_118_discharge_1,D:\作业\论文复现\基线模型\mtad-gat-pytorch\datasets\CH-BATTERY\LFP\normal\vin_118\vin_118_discharge_1.csv,LFP/normal/vin_118/vin_118_discharge_1.csv,LFP,normal,vin_118,discharge,1,0,,,,
LFP_normal_vin_118_vin_118_discharge_2,D:\作业\论文复现\基线模型\mtad-gat-pytorch\datasets\CH-BATTERY\LFP\normal\vin_118\vin_118_discharge_2.csv,LFP/normal/vin_118/vin_118_discharge_2.csv,LFP,normal,vin_118,discharge,2,0,,,,
LFP_normal_vin_118_vin_118_discharge_3,D:\作业\论文复现\基线模型\mtad-gat-pytorch\datasets\CH-BATTERY\LFP\normal\vin_118\vin_118_discharge_3.csv,LFP/normal/vin_118/vin_118_discharge_3.csv,LFP,normal,vin_118,discharge,3,0,,,,
LFP_normal_vin_118_vin_118_discharge_4,D:\作业\论文复现\基线模型\mtad-gat-pytorch\datasets\CH-BATTERY\LFP\normal\vin_118\vin_118_discharge_4.csv,LFP/normal/vin_118/vin_118_discharge_4.csv,LFP,normal,vin_118,discharge,4,0,,,,
LFP_normal_vin_118_vin_118_discharge_5,D:\作业\论文复现\基线模型\mtad-gat-pytorch\datasets\CH-BATTERY\LFP\normal\vin_118\vin_118_discharge_5.csv,LFP/normal/vin_118/vin_118_discharge_5.csv,LFP,normal,vin_118,discharge,5,0,,,,
LFP_normal_vin_118_vin_118_discharge_6,D:\作业\论文复现\基线模型\mtad-gat-pytorch\datasets\CH-BATTERY\LFP\normal\vin_118\vin_118_discharge_6.csv,LFP/normal/vin_118/vin_118_discharge_6.csv,LFP,normal,vin_118,discharge,6,0,,,,
LFP_normal_vin_118_vin_118_discharge_7,D:\作业\论文复现\基线模型\mtad-gat-pytorch\datasets\CH-BATTERY\LFP\normal\vin_118\vin_118_discharge_7.csv,LFP/normal/vin_118/vin_118_discharge_7.csv,LFP,normal,vin_118,discharge,7,0,,,,
LFP_normal_vin_118_vin_118_discharge_8,D:\作业\论文复现\基线模型\mtad-gat-pytorch\datasets\CH-BATTERY\LFP\normal\vin_118\vin_118_discharge_8.csv,LFP/normal/vin_118/vin_118_discharge_8.csv,LFP,normal,vin_118,discharge,8,0,,,,
LFP_normal_vin_118_vin_118_discharge_9,D:\作业\论文复现\基线模型\mtad-gat-pytorch\datasets\CH-BATTERY\LFP\normal\vin_118\vin_118_discharge_9.csv,LFP/normal/vin_118/vin_118_discharge_9.csv,LFP,normal,vin_118,discharge,9,0,,,,
LFP_normal_vin_118_vin_118_discharge_10,D:\作业\论文复现\基线模型\mtad-gat-pytorch\datasets\CH-BATTERY\LFP\normal\vin_118\vin_118_discharge_10.csv,LFP/normal/vin_118/vin_118_discharge_10.csv,LFP,normal,vin_118,discharge,10,0,,,,
LFP_normal_vin_119_vin_119_discharge_1,D:\作业\论文复现\基线模型\mtad-gat-pytorch\datasets\CH-BATTERY\LFP\normal\vin_119\vin_119_discharge_1.csv,LFP/normal/vin_119/vin_119_discharge_1.csv,LFP,normal,vin_119,discharge,1,0,,,,
LFP_normal_vin_119_vin_119_discharge_2,D:\作业\论文复现\基线模型\mtad-gat-pytorch\datasets\CH-BATTERY\LFP\normal\vin_119\vin_119_discharge_2.csv,LFP/normal/vin_119/vin_119_discharge_2.csv,LFP,normal,vin_119,discharge,2,0,,,,
LFP_normal_vin_119_vin_119_discharge_3,D:\作业\论文复现\基线模型\mtad-gat-pytorch\datasets\CH-BATTERY\LFP\normal\vin_119\vin_119_discharge_3.csv,LFP/normal/vin_119/vin_119_discharge_3.csv,LFP,normal,vin_119,discharge,3,0,,,,
LFP_normal_vin_119_vin_119_discharge_4,D:\作业\论文复现\基线模型\mtad-gat-pytorch\datasets\CH-BATTERY\LFP\normal\vin_119\vin_119_discharge_4.csv,LFP/normal/vin_119/vin_119_discharge_4.csv,LFP,normal,vin_119,discharge,4,0,,,,
LFP_normal_vin_119_vin_119_discharge_5,D:\作业\论文复现\基线模型\mtad-gat-pytorch\datasets\CH-BATTERY\LFP\normal\vin_119\vin_119_discharge_5.csv,LFP/normal/vin_119/vin_119_discharge_5.csv,LFP,normal,vin_119,discharge,5,0,,,,
LFP_normal_vin_119_vin_119_discharge_6,D:\作业\论文复现\基线模型\mtad-gat-pytorch\datasets\CH-BATTERY\LFP\normal\vin_119\vin_119_discharge_6.csv,LFP/normal/vin_119/vin_119_discharge_6.csv,LFP,normal,vin_119,discharge,6,0,,,,
LFP_normal_vin_119_vin_119_discharge_7,D:\作业\论文复现\基线模型\mtad-gat-pytorch\datasets\CH-BATTERY\LFP\normal\vin_119\vin_119_discharge_7.csv,LFP/normal/vin_119/vin_119_discharge_7.csv,LFP,normal,vin_119,discharge,7,0,,,,
LFP_normal_vin_119_vin_119_discharge_8,D:\作业\论文复现\基线模型\mtad-gat-pytorch\datasets\CH-BATTERY\LFP\normal\vin_119\vin_119_discharge_8.csv,LFP/normal/vin_119/vin_119_discharge_8.csv,LFP,normal,vin_119,discharge,8,0,,,,
LFP_normal_vin_119_vin_119_discharge_9,D:\作业\论文复现\基线模型\mtad-gat-pytorch\datasets\CH-BATTERY\LFP\normal\vin_119\vin_119_discharge_9.csv,LFP/normal/vin_119/vin_119_discharge_9.csv,LFP,normal,vin_119,discharge,9,0,,,,
LFP_normal_vin_119_vin_119_discharge_10,D:\作业\论文复现\基线模型\mtad-gat-pytorch\datasets\CH-BATTERY\LFP\normal\vin_119\vin_119_discharge_10.csv,LFP/normal/vin_119/vin_119_discharge_10.csv,LFP,normal,vin_119,discharge,10,0,,,,
LFP_normal_vin_120_vin_120_discharge_1,D:\作业\论文复现\基线模型\mtad-gat-pytorch\datasets\CH-BATTERY\LFP\normal\vin_120\vin_120_discharge_1.csv,LFP/normal/vin_120/vin_120_discharge_1.csv,LFP,normal,vin_120,discharge,1,0,,,,
LFP_normal_vin_120_vin_120_discharge_2,D:\作业\论文复现\基线模型\mtad-gat-pytorch\datasets\CH-BATTERY\LFP\normal\vin_120\vin_120_discharge_2.csv,LFP/normal/vin_120/vin_120_discharge_2.csv,LFP,normal,vin_120,discharge,2,0,,,,
LFP_normal_vin_120_vin_120_discharge_3,D:\作业\论文复现\基线模型\mtad-gat-pytorch\datasets\CH-BATTERY\LFP\normal\vin_120\vin_120_discharge_3.csv,LFP/normal/vin_120/vin_120_discharge_3.csv,LFP,normal,vin_120,discharge,3,0,,,,
LFP_normal_vin_120_vin_120_discharge_4,D:\作业\论文复现\基线模型\mtad-gat-pytorch\datasets\CH-BATTERY\LFP\normal\vin_120\vin_120_discharge_4.csv,LFP/normal/vin_120/vin_120_discharge_4.csv,LFP,normal,vin_120,discharge,4,0,,,,
LFP_normal_vin_120_vin_120_discharge_5,D:\作业\论文复现\基线模型\mtad-gat-pytorch\datasets\CH-BATTERY\LFP\normal\vin_120\vin_120_discharge_5.csv,LFP/normal/vin_120/vin_120_discharge_5.csv,LFP,normal,vin_120,discharge,5,0,,,,
LFP_normal_vin_120_vin_120_discharge_6,D:\作业\论文复现\基线模型\mtad-gat-pytorch\datasets\CH-BATTERY\LFP\normal\vin_120\vin_120_discharge_6.csv,LFP/normal/vin_120/vin_120_discharge_6.csv,LFP,normal,vin_120,discharge,6,0,,,,
LFP_normal_vin_120_vin_120_discharge_7,D:\作业\论文复现\基线模型\mtad-gat-pytorch\datasets\CH-BATTERY\LFP\normal\vin_120\vin_120_discharge_7.csv,LFP/normal/vin_120/vin_120_discharge_7.csv,LFP,normal,vin_120,discharge,7,0,,,,
LFP_normal_vin_120_vin_120_discharge_8,D:\作业\论文复现\基线模型\mtad-gat-pytorch\datasets\CH-BATTERY\LFP\normal\vin_120\vin_120_discharge_8.csv,LFP/normal/vin_120/vin_120_discharge_8.csv,LFP,normal,vin_120,discharge,8,0,,,,
LFP_normal_vin_120_vin_120_discharge_9,D:\作业\论文复现\基线模型\mtad-gat-pytorch\datasets\CH-BATTERY\LFP\normal\vin_120\vin_120_discharge_9.csv,LFP/normal/vin_120/vin_120_discharge_9.csv,LFP,normal,vin_120,discharge,9,0,,,,
LFP_normal_vin_120_vin_120_discharge_10,D:\作业\论文复现\基线模型\mtad-gat-pytorch\datasets\CH-BATTERY\LFP\normal\vin_120\vin_120_discharge_10.csv,LFP/normal/vin_120/vin_120_discharge_10.csv,LFP,normal,vin_120,discharge,10,0,,,,
LFP_normal_vin_121_vin_121_discharge_1,D:\作业\论文复现\基线模型\mtad-gat-pytorch\datasets\CH-BATTERY\LFP\normal\vin_121\vin_121_discharge_1.csv,LFP/normal/vin_121/vin_121_discharge_1.csv,LFP,normal,vin_121,discharge,1,0,,,,
LFP_normal_vin_121_vin_121_discharge_2,D:\作业\论文复现\基线模型\mtad-gat-pytorch\datasets\CH-BATTERY\LFP\normal\vin_121\vin_121_discharge_2.csv,LFP/normal/vin_121/vin_121_discharge_2.csv,LFP,normal,vin_121,discharge,2,0,,,,
LFP_normal_vin_121_vin_121_discharge_3,D:\作业\论文复现\基线模型\mtad-gat-pytorch\datasets\CH-BATTERY\LFP\normal\vin_121\vin_121_discharge_3.csv,LFP/normal/vin_121/vin_121_discharge_3.csv,LFP,normal,vin_121,discharge,3,0,,,,
LFP_normal_vin_121_vin_121_discharge_4,D:\作业\论文复现\基线模型\mtad-gat-pytorch\datasets\CH-BATTERY\LFP\normal\vin_121\vin_121_discharge_4.csv,LFP/normal/vin_121/vin_121_discharge_4.csv,LFP,normal,vin_121,discharge,4,0,,,,
LFP_normal_vin_121_vin_121_discharge_5,D:\作业\论文复现\基线模型\mtad-gat-pytorch\datasets\CH-BATTERY\LFP\normal\vin_121\vin_121_discharge_5.csv,LFP/normal/vin_121/vin_121_discharge_5.csv,LFP,normal,vin_121,discharge,5,0,,,,
LFP_normal_vin_121_vin_121_discharge_6,D:\作业\论文复现\基线模型\mtad-gat-pytorch\datasets\CH-BATTERY\LFP\normal\vin_121\vin_121_discharge_6.csv,LFP/normal/vin_121/vin_121_discharge_6.csv,LFP,normal,vin_121,discharge,6,0,,,,
LFP_normal_vin_121_vin_121_discharge_7,D:\作业\论文复现\基线模型\mtad-gat-pytorch\datasets\CH-BATTERY\LFP\normal\vin_121\vin_121_discharge_7.csv,LFP/normal/vin_121/vin_121_discharge_7.csv,LFP,normal,vin_121,discharge,7,0,,,,
LFP_normal_vin_121_vin_121_discharge_8,D:\作业\论文复现\基线模型\mtad-gat-pytorch\datasets\CH-BATTERY\LFP\normal\vin_121\vin_121_discharge_8.csv,LFP/normal/vin_121/vin_121_discharge_8.csv,LFP,normal,vin_121,discharge,8,0,,,,
LFP_normal_vin_121_vin_121_discharge_9,D:\作业\论文复现\基线模型\mtad-gat-pytorch\datasets\CH-BATTERY\LFP\normal\vin_121\vin_121_discharge_9.csv,LFP/normal/vin_121/vin_121_discharge_9.csv,LFP,normal,vin_121,discharge,9,0,,,,
LFP_normal_vin_121_vin_121_discharge_10,D:\作业\论文复现\基线模型\mtad-gat-pytorch\datasets\CH-BATTERY\LFP\normal\vin_121\vin_121_discharge_10.csv,LFP/normal/vin_121/vin_121_discharge_10.csv,LFP,normal,vin_121,discharge,10,0,,,,
LFP_normal_vin_122_vin_122_discharge_1,D:\作业\论文复现\基线模型\mtad-gat-pytorch\datasets\CH-BATTERY\LFP\normal\vin_122\vin_122_discharge_1.csv,LFP/normal/vin_122/vin_122_discharge_1.csv,LFP,normal,vin_122,discharge,1,0,,,,
LFP_normal_vin_122_vin_122_discharge_2,D:\作业\论文复现\基线模型\mtad-gat-pytorch\datasets\CH-BATTERY\LFP\normal\vin_122\vin_122_discharge_2.csv,LFP/normal/vin_122/vin_122_discharge_2.csv,LFP,normal,vin_122,discharge,2,0,,,,
LFP_normal_vin_122_vin_122_discharge_3,D:\作业\论文复现\基线模型\mtad-gat-pytorch\datasets\CH-BATTERY\LFP\normal\vin_122\vin_122_discharge_3.csv,LFP/normal/vin_122/vin_122_discharge_3.csv,LFP,normal,vin_122,discharge,3,0,,,,
LFP_normal_vin_122_vin_122_discharge_4,D:\作业\论文复现\基线模型\mtad-gat-pytorch\datasets\CH-BATTERY\LFP\normal\vin_122\vin_122_discharge_4.csv,LFP/normal/vin_122/vin_122_discharge_4.csv,LFP,normal,vin_122,discharge,4,0,,,,
LFP_normal_vin_122_vin_122_discharge_5,D:\作业\论文复现\基线模型\mtad-gat-pytorch\datasets\CH-BATTERY\LFP\normal\vin_122\vin_122_discharge_5.csv,LFP/normal/vin_122/vin_122_discharge_5.csv,LFP,normal,vin_122,discharge,5,0,,,,
LFP_normal_vin_122_vin_122_discharge_6,D:\作业\论文复现\基线模型\mtad-gat-pytorch\datasets\CH-BATTERY\LFP\normal\vin_122\vin_122_discharge_6.csv,LFP/normal/vin_122/vin_122_discharge_6.csv,LFP,normal,vin_122,discharge,6,0,,,,
LFP_normal_vin_122_vin_122_discharge_7,D:\作业\论文复现\基线模型\mtad-gat-pytorch\datasets\CH-BATTERY\LFP\normal\vin_122\vin_122_discharge_7.csv,LFP/normal/vin_122/vin_122_discharge_7.csv,LFP,normal,vin_122,discharge,7,0,,,,
LFP_normal_vin_122_vin_122_discharge_8,D:\作业\论文复现\基线模型\mtad-gat-pytorch\datasets\CH-BATTERY\LFP\normal\vin_122\vin_122_discharge_8.csv,LFP/normal/vin_122/vin_122_discharge_8.csv,LFP,normal,vin_122,discharge,8,0,,,,
LFP_normal_vin_122_vin_122_discharge_9,D:\作业\论文复现\基线模型\mtad-gat-pytorch\datasets\CH-BATTERY\LFP\normal\vin_122\vin_122_discharge_9.csv,LFP/normal/vin_122/vin_122_discharge_9.csv,LFP,normal,vin_122,discharge,9,0,,,,
LFP_normal_vin_122_vin_122_discharge_10,D:\作业\论文复现\基线模型\mtad-gat-pytorch\datasets\CH-BATTERY\LFP\normal\vin_122\vin_122_discharge_10.csv,LFP/normal/vin_122/vin_122_discharge_10.csv,LFP,normal,vin_122,discharge,10,0,,,,
LFP_normal_vin_123_vin_123_discharge_1,D:\作业\论文复现\基线模型\mtad-gat-pytorch\datasets\CH-BATTERY\LFP\normal\vin_123\vin_123_discharge_1.csv,LFP/normal/vin_123/vin_123_discharge_1.csv,LFP,normal,vin_123,discharge,1,0,,,,
LFP_normal_vin_123_vin_123_discharge_2,D:\作业\论文复现\基线模型\mtad-gat-pytorch\datasets\CH-BATTERY\LFP\normal\vin_123\vin_123_discharge_2.csv,LFP/normal/vin_123/vin_123_discharge_2.csv,LFP,normal,vin_123,discharge,2,0,,,,
LFP_normal_vin_123_vin_123_discharge_3,D:\作业\论文复现\基线模型\mtad-gat-pytorch\datasets\CH-BATTERY\LFP\normal\vin_123\vin_123_discharge_3.csv,LFP/normal/vin_123/vin_123_discharge_3.csv,LFP,normal,vin_123,discharge,3,0,,,,
LFP_normal_vin_123_vin_123_discharge_4,D:\作业\论文复现\基线模型\mtad-gat-pytorch\datasets\CH-BATTERY\LFP\normal\vin_123\vin_123_discharge_4.csv,LFP/normal/vin_123/vin_123_discharge_4.csv,LFP,normal,vin_123,discharge,4,0,,,,
LFP_normal_vin_123_vin_123_discharge_5,D:\作业\论文复现\基线模型\mtad-gat-pytorch\datasets\CH-BATTERY\LFP\normal\vin_123\vin_123_discharge_5.csv,LFP/normal/vin_123/vin_123_discharge_5.csv,LFP,normal,vin_123,discharge,5,0,,,,
LFP_normal_vin_123_vin_123_discharge_6,D:\作业\论文复现\基线模型\mtad-gat-pytorch\datasets\CH-BATTERY\LFP\normal\vin_123\vin_123_discharge_6.csv,LFP/normal/vin_123/vin_123_discharge_6.csv,LFP,normal,vin_123,discharge,6,0,,,,
LFP_normal_vin_123_vin_123_discharge_7,D:\作业\论文复现\基线模型\mtad-gat-pytorch\datasets\CH-BATTERY\LFP\normal\vin_123\vin_123_discharge_7.csv,LFP/normal/vin_123/vin_123_discharge_7.csv,LFP,normal,vin_123,discharge,7,0,,,,
LFP_normal_vin_123_vin_123_discharge_8,D:\作业\论文复现\基线模型\mtad-gat-pytorch\datasets\CH-BATTERY\LFP\normal\vin_123\vin_123_discharge_8.csv,LFP/normal/vin_123/vin_123_discharge_8.csv,LFP,normal,vin_123,discharge,8,0,,,,
LFP_normal_vin_123_vin_123_discharge_9,D:\作业\论文复现\基线模型\mtad-gat-pytorch\datasets\CH-BATTERY\LFP\normal\vin_123\vin_123_discharge_9.csv,LFP/normal/vin_123/vin_123_discharge_9.csv,LFP,normal,vin_123,discharge,9,0,,,,
LFP_normal_vin_123_vin_123_discharge_10,D:\作业\论文复现\基线模型\mtad-gat-pytorch\datasets\CH-BATTERY\LFP\normal\vin_123\vin_123_discharge_10.csv,LFP/normal/vin_123/vin_123_discharge_10.csv,LFP,normal,vin_123,discharge,10,0,,,,
LFP_normal_vin_124_vin_124_discharge_1,D:\作业\论文复现\基线模型\mtad-gat-pytorch\datasets\CH-BATTERY\LFP\normal\vin_124\vin_124_discharge_1.csv,LFP/normal/vin_124/vin_124_discharge_1.csv,LFP,normal,vin_124,discharge,1,0,,,,
LFP_normal_vin_124_vin_124_discharge_2,D:\作业\论文复现\基线模型\mtad-gat-pytorch\datasets\CH-BATTERY\LFP\normal\vin_124\vin_124_discharge_2.csv,LFP/normal/vin_124/vin_124_discharge_2.csv,LFP,normal,vin_124,discharge,2,0,,,,
LFP_normal_vin_124_vin_124_discharge_3,D:\作业\论文复现\基线模型\mtad-gat-pytorch\datasets\CH-BATTERY\LFP\normal\vin_124\vin_124_discharge_3.csv,LFP/normal/vin_124/vin_124_discharge_3.csv,LFP,normal,vin_124,discharge,3,0,,,,
LFP_normal_vin_124_vin_124_discharge_4,D:\作业\论文复现\基线模型\mtad-gat-pytorch\datasets\CH-BATTERY\LFP\normal\vin_124\vin_124_discharge_4.csv,LFP/normal/vin_124/vin_124_discharge_4.csv,LFP,normal,vin_124,discharge,4,0,,,,
LFP_normal_vin_124_vin_124_discharge_5,D:\作业\论文复现\基线模型\mtad-gat-pytorch\datasets\CH-BATTERY\LFP\normal\vin_124\vin_124_discharge_5.csv,LFP/normal/vin_124/vin_124_discharge_5.csv,LFP,normal,vin_124,discharge,5,0,,,,
LFP_normal_vin_124_vin_124_discharge_6,D:\作业\论文复现\基线模型\mtad-gat-pytorch\datasets\CH-BATTERY\LFP\normal\vin_124\vin_124_discharge_6.csv,LFP/normal/vin_124/vin_124_discharge_6.csv,LFP,normal,vin_124,discharge,6,0,,,,
LFP_normal_vin_124_vin_124_discharge_7,D:\作业\论文复现\基线模型\mtad-gat-pytorch\datasets\CH-BATTERY\LFP\normal\vin_124\vin_124_discharge_7.csv,LFP/normal/vin_124/vin_124_discharge_7.csv,LFP,normal,vin_124,discharge,7,0,,,,
LFP_normal_vin_124_vin_124_discharge_8,D:\作业\论文复现\基线模型\mtad-gat-pytorch\datasets\CH-BATTERY\LFP\normal\vin_124\vin_124_discharge_8.csv,LFP/normal/vin_124/vin_124_discharge_8.csv,LFP,normal,vin_124,discharge,8,0,,,,
LFP_normal_vin_124_vin_124_discharge_9,D:\作业\论文复现\基线模型\mtad-gat-pytorch\datasets\CH-BATTERY\LFP\normal\vin_124\vin_124_discharge_9.csv,LFP/normal/vin_124/vin_124_discharge_9.csv,LFP,normal,vin_124,discharge,9,0,,,,
LFP_normal_vin_124_vin_124_discharge_10,D:\作业\论文复现\基线模型\mtad-gat-pytorch\datasets\CH-BATTERY\LFP\normal\vin_124\vin_124_discharge_10.csv,LFP/normal/vin_124/vin_124_discharge_10.csv,LFP,normal,vin_124,discharge,10,0,,,,
LFP_normal_vin_125_vin_125_discharge_1,D:\作业\论文复现\基线模型\mtad-gat-pytorch\datasets\CH-BATTERY\LFP\normal\vin_125\vin_125_discharge_1.csv,LFP/normal/vin_125/vin_125_discharge_1.csv,LFP,normal,vin_125,discharge,1,0,,,,
LFP_normal_vin_125_vin_125_discharge_2,D:\作业\论文复现\基线模型\mtad-gat-pytorch\datasets\CH-BATTERY\LFP\normal\vin_125\vin_125_discharge_2.csv,LFP/normal/vin_125/vin_125_discharge_2.csv,LFP,normal,vin_125,discharge,2,0,,,,
LFP_normal_vin_125_vin_125_discharge_3,D:\作业\论文复现\基线模型\mtad-gat-pytorch\datasets\CH-BATTERY\LFP\normal\vin_125\vin_125_discharge_3.csv,LFP/normal/vin_125/vin_125_discharge_3.csv,LFP,normal,vin_125,discharge,3,0,,,,
LFP_normal_vin_125_vin_125_discharge_4,D:\作业\论文复现\基线模型\mtad-gat-pytorch\datasets\CH-BATTERY\LFP\normal\vin_125\vin_125_discharge_4.csv,LFP/normal/vin_125/vin_125_discharge_4.csv,LFP,normal,vin_125,discharge,4,0,,,,
LFP_normal_vin_125_vin_125_discharge_5,D:\作业\论文复现\基线模型\mtad-gat-pytorch\datasets\CH-BATTERY\LFP\normal\vin_125\vin_125_discharge_5.csv,LFP/normal/vin_125/vin_125_discharge_5.csv,LFP,normal,vin_125,discharge,5,0,,,,
LFP_normal_vin_125_vin_125_discharge_6,D:\作业\论文复现\基线模型\mtad-gat-pytorch\datasets\CH-BATTERY\LFP\normal\vin_125\vin_125_discharge_6.csv,LFP/normal/vin_125/vin_125_discharge_6.csv,LFP,normal,vin_125,discharge,6,0,,,,
LFP_normal_vin_125_vin_125_discharge_7,D:\作业\论文复现\基线模型\mtad-gat-pytorch\datasets\CH-BATTERY\LFP\normal\vin_125\vin_125_discharge_7.csv,LFP/normal/vin_125/vin_125_discharge_7.csv,LFP,normal,vin_125,discharge,7,0,,,,
LFP_normal_vin_125_vin_125_discharge_8,D:\作业\论文复现\基线模型\mtad-gat-pytorch\datasets\CH-BATTERY\LFP\normal\vin_125\vin_125_discharge_8.csv,LFP/normal/vin_125/vin_125_discharge_8.csv,LFP,normal,vin_125,discharge,8,0,,,,
LFP_normal_vin_125_vin_125_discharge_9,D:\作业\论文复现\基线模型\mtad-gat-pytorch\datasets\CH-BATTERY\LFP\normal\vin_125\vin_125_discharge_9.csv,LFP/normal/vin_125/vin_125_discharge_9.csv,LFP,normal,vin_125,discharge,9,0,,,,
LFP_normal_vin_125_vin_125_discharge_10,D:\作业\论文复现\基线模型\mtad-gat-pytorch\datasets\CH-BATTERY\LFP\normal\vin_125\vin_125_discharge_10.csv,LFP/normal/vin_125/vin_125_discharge_10.csv,LFP,normal,vin_125,discharge,10,0,,,,
LFP_normal_vin_126_vin_126_discharge_1,D:\作业\论文复现\基线模型\mtad-gat-pytorch\datasets\CH-BATTERY\LFP\normal\vin_126\vin_126_discharge_1.csv,LFP/normal/vin_126/vin_126_discharge_1.csv,LFP,normal,vin_126,discharge,1,0,,,,
LFP_normal_vin_126_vin_126_discharge_2,D:\作业\论文复现\基线模型\mtad-gat-pytorch\datasets\CH-BATTERY\LFP\normal\vin_126\vin_126_discharge_2.csv,LFP/normal/vin_126/vin_126_discharge_2.csv,LFP,normal,vin_126,discharge,2,0,,,,
LFP_normal_vin_126_vin_126_discharge_3,D:\作业\论文复现\基线模型\mtad-gat-pytorch\datasets\CH-BATTERY\LFP\normal\vin_126\vin_126_discharge_3.csv,LFP/normal/vin_126/vin_126_discharge_3.csv,LFP,normal,vin_126,discharge,3,0,,,,
LFP_normal_vin_126_vin_126_discharge_4,D:\作业\论文复现\基线模型\mtad-gat-pytorch\datasets\CH-BATTERY\LFP\normal\vin_126\vin_126_discharge_4.csv,LFP/normal/vin_126/vin_126_discharge_4.csv,LFP,normal,vin_126,discharge,4,0,,,,
LFP_normal_vin_126_vin_126_discharge_5,D:\作业\论文复现\基线模型\mtad-gat-pytorch\datasets\CH-BATTERY\LFP\normal\vin_126\vin_126_discharge_5.csv,LFP/normal/vin_126/vin_126_discharge_5.csv,LFP,normal,vin_126,discharge,5,0,,,,
LFP_normal_vin_126_vin_126_discharge_6,D:\作业\论文复现\基线模型\mtad-gat-pytorch\datasets\CH-BATTERY\LFP\normal\vin_126\vin_126_discharge_6.csv,LFP/normal/vin_126/vin_126_discharge_6.csv,LFP,normal,vin_126,discharge,6,0,,,,
LFP_normal_vin_126_vin_126_discharge_7,D:\作业\论文复现\基线模型\mtad-gat-pytorch\datasets\CH-BATTERY\LFP\normal\vin_126\vin_126_discharge_7.csv,LFP/normal/vin_126/vin_126_discharge_7.csv,LFP,normal,vin_126,discharge,7,0,,,,
LFP_normal_vin_126_vin_126_discharge_8,D:\作业\论文复现\基线模型\mtad-gat-pytorch\datasets\CH-BATTERY\LFP\normal\vin_126\vin_126_discharge_8.csv,LFP/normal/vin_126/vin_126_discharge_8.csv,LFP,normal,vin_126,discharge,8,0,,,,
LFP_normal_vin_126_vin_126_discharge_9,D:\作业\论文复现\基线模型\mtad-gat-pytorch\datasets\CH-BATTERY\LFP\normal\vin_126\vin_126_discharge_9.csv,LFP/normal/vin_126/vin_126_discharge_9.csv,LFP,normal,vin_126,discharge,9,0,,,,
LFP_normal_vin_126_vin_126_discharge_10,D:\作业\论文复现\基线模型\mtad-gat-pytorch\datasets\CH-BATTERY\LFP\normal\vin_126\vin_126_discharge_10.csv,LFP/normal/vin_126/vin_126_discharge_10.csv,LFP,normal,vin_126,discharge,10,0,,,,
LFP_normal_vin_127_vin_127_discharge_1,D:\作业\论文复现\基线模型\mtad-gat-pytorch\datasets\CH-BATTERY\LFP\normal\vin_127\vin_127_discharge_1.csv,LFP/normal/vin_127/vin_127_discharge_1.csv,LFP,normal,vin_127,discharge,1,0,,,,
LFP_normal_vin_127_vin_127_discharge_2,D:\作业\论文复现\基线模型\mtad-gat-pytorch\datasets\CH-BATTERY\LFP\normal\vin_127\vin_127_discharge_2.csv,LFP/normal/vin_127/vin_127_discharge_2.csv,LFP,normal,vin_127,discharge,2,0,,,,
LFP_normal_vin_127_vin_127_discharge_3,D:\作业\论文复现\基线模型\mtad-gat-pytorch\datasets\CH-BATTERY\LFP\normal\vin_127\vin_127_discharge_3.csv,LFP/normal/vin_127/vin_127_discharge_3.csv,LFP,normal,vin_127,discharge,3,0,,,,
LFP_normal_vin_127_vin_127_discharge_4,D:\作业\论文复现\基线模型\mtad-gat-pytorch\datasets\CH-BATTERY\LFP\normal\vin_127\vin_127_discharge_4.csv,LFP/normal/vin_127/vin_127_discharge_4.csv,LFP,normal,vin_127,discharge,4,0,,,,
LFP_normal_vin_127_vin_127_discharge_5,D:\作业\论文复现\基线模型\mtad-gat-pytorch\datasets\CH-BATTERY\LFP\normal\vin_127\vin_127_discharge_5.csv,LFP/normal/vin_127/vin_127_discharge_5.csv,LFP,normal,vin_127,discharge,5,0,,,,
LFP_normal_vin_127_vin_127_discharge_6,D:\作业\论文复现\基线模型\mtad-gat-pytorch\datasets\CH-BATTERY\LFP\normal\vin_127\vin_127_discharge_6.csv,LFP/normal/vin_127/vin_127_discharge_6.csv,LFP,normal,vin_127,discharge,6,0,,,,
LFP_normal_vin_127_vin_127_discharge_7,D:\作业\论文复现\基线模型\mtad-gat-pytorch\datasets\CH-BATTERY\LFP\normal\vin_127\vin_127_discharge_7.csv,LFP/normal/vin_127/vin_127_discharge_7.csv,LFP,normal,vin_127,discharge,7,0,,,,
LFP_normal_vin_127_vin_127_discharge_8,D:\作业\论文复现\基线模型\mtad-gat-pytorch\datasets\CH-BATTERY\LFP\normal\vin_127\vin_127_discharge_8.csv,LFP/normal/vin_127/vin_127_discharge_8.csv,LFP,normal,vin_127,discharge,8,0,,,,
LFP_normal_vin_127_vin_127_discharge_9,D:\作业\论文复现\基线模型\mtad-gat-pytorch\datasets\CH-BATTERY\LFP\normal\vin_127\vin_127_discharge_9.csv,LFP/normal/vin_127/vin_127_discharge_9.csv,LFP,normal,vin_127,discharge,9,0,,,,
LFP_normal_vin_127_vin_127_discharge_10,D:\作业\论文复现\基线模型\mtad-gat-pytorch\datasets\CH-BATTERY\LFP\normal\vin_127\vin_127_discharge_10.csv,LFP/normal/vin_127/vin_127_discharge_10.csv,LFP,normal,vin_127,discharge,10,0,,,,
LFP_normal_vin_128_vin_128_discharge_1,D:\作业\论文复现\基线模型\mtad-gat-pytorch\datasets\CH-BATTERY\LFP\normal\vin_128\vin_128_discharge_1.csv,LFP/normal/vin_128/vin_128_discharge_1.csv,LFP,normal,vin_128,discharge,1,0,,,,
LFP_normal_vin_128_vin_128_discharge_2,D:\作业\论文复现\基线模型\mtad-gat-pytorch\datasets\CH-BATTERY\LFP\normal\vin_128\vin_128_discharge_2.csv,LFP/normal/vin_128/vin_128_discharge_2.csv,LFP,normal,vin_128,discharge,2,0,,,,
LFP_normal_vin_128_vin_128_discharge_3,D:\作业\论文复现\基线模型\mtad-gat-pytorch\datasets\CH-BATTERY\LFP\normal\vin_128\vin_128_discharge_3.csv,LFP/normal/vin_128/vin_128_discharge_3.csv,LFP,normal,vin_128,discharge,3,0,,,,
LFP_normal_vin_128_vin_128_discharge_4,D:\作业\论文复现\基线模型\mtad-gat-pytorch\datasets\CH-BATTERY\LFP\normal\vin_128\vin_128_discharge_4.csv,LFP/normal/vin_128/vin_128_discharge_4.csv,LFP,normal,vin_128,discharge,4,0,,,,
LFP_normal_vin_128_vin_128_discharge_5,D:\作业\论文复现\基线模型\mtad-gat-pytorch\datasets\CH-BATTERY\LFP\normal\vin_128\vin_128_discharge_5.csv,LFP/normal/vin_128/vin_128_discharge_5.csv,LFP,normal,vin_128,discharge,5,0,,,,
LFP_normal_vin_128_vin_128_discharge_6,D:\作业\论文复现\基线模型\mtad-gat-pytorch\datasets\CH-BATTERY\LFP\normal\vin_128\vin_128_discharge_6.csv,LFP/normal/vin_128/vin_128_discharge_6.csv,LFP,normal,vin_128,discharge,6,0,,,,
LFP_normal_vin_128_vin_128_discharge_7,D:\作业\论文复现\基线模型\mtad-gat-pytorch\datasets\CH-BATTERY\LFP\normal\vin_128\vin_128_discharge_7.csv,LFP/normal/vin_128/vin_128_discharge_7.csv,LFP,normal,vin_128,discharge,7,0,,,,
LFP_normal_vin_128_vin_128_discharge_8,D:\作业\论文复现\基线模型\mtad-gat-pytorch\datasets\CH-BATTERY\LFP\normal\vin_128\vin_128_discharge_8.csv,LFP/normal/vin_128/vin_128_discharge_8.csv,LFP,normal,vin_128,discharge,8,0,,,,
LFP_normal_vin_128_vin_128_discharge_9,D:\作业\论文复现\基线模型\mtad-gat-pytorch\datasets\CH-BATTERY\LFP\normal\vin_128\vin_128_discharge_9.csv,LFP/normal/vin_128/vin_128_discharge_9.csv,LFP,normal,vin_128,discharge,9,0,,,,
LFP_normal_vin_128_vin_128_discharge_10,D:\作业\论文复现\基线模型\mtad-gat-pytorch\datasets\CH-BATTERY\LFP\normal\vin_128\vin_128_discharge_10.csv,LFP/normal/vin_128/vin_128_discharge_10.csv,LFP,normal,vin_128,discharge,10,0,,,,
LFP_normal_vin_131_vin_131_discharge_1,D:\作业\论文复现\基线模型\mtad-gat-pytorch\datasets\CH-BATTERY\LFP\normal\vin_131\vin_131_discharge_1.csv,LFP/normal/vin_131/vin_131_discharge_1.csv,LFP,normal,vin_131,discharge,1,0,,,,
LFP_normal_vin_131_vin_131_discharge_2,D:\作业\论文复现\基线模型\mtad-gat-pytorch\datasets\CH-BATTERY\LFP\normal\vin_131\vin_131_discharge_2.csv,LFP/normal/vin_131/vin_131_discharge_2.csv,LFP,normal,vin_131,discharge,2,0,,,,
LFP_normal_vin_131_vin_131_discharge_3,D:\作业\论文复现\基线模型\mtad-gat-pytorch\datasets\CH-BATTERY\LFP\normal\vin_131\vin_131_discharge_3.csv,LFP/normal/vin_131/vin_131_discharge_3.csv,LFP,normal,vin_131,discharge,3,0,,,,
LFP_normal_vin_131_vin_131_discharge_4,D:\作业\论文复现\基线模型\mtad-gat-pytorch\datasets\CH-BATTERY\LFP\normal\vin_131\vin_131_discharge_4.csv,LFP/normal/vin_131/vin_131_discharge_4.csv,LFP,normal,vin_131,discharge,4,0,,,,
LFP_normal_vin_131_vin_131_discharge_5,D:\作业\论文复现\基线模型\mtad-gat-pytorch\datasets\CH-BATTERY\LFP\normal\vin_131\vin_131_discharge_5.csv,LFP/normal/vin_131/vin_131_discharge_5.csv,LFP,normal,vin_131,discharge,5,0,,,,
LFP_normal_vin_131_vin_131_discharge_6,D:\作业\论文复现\基线模型\mtad-gat-pytorch\datasets\CH-BATTERY\LFP\normal\vin_131\vin_131_discharge_6.csv,LFP/normal/vin_131/vin_131_discharge_6.csv,LFP,normal,vin_131,discharge,6,0,,,,
LFP_normal_vin_131_vin_131_discharge_7,D:\作业\论文复现\基线模型\mtad-gat-pytorch\datasets\CH-BATTERY\LFP\normal\vin_131\vin_131_discharge_7.csv,LFP/normal/vin_131/vin_131_discharge_7.csv,LFP,normal,vin_131,discharge,7,0,,,,
LFP_normal_vin_131_vin_131_discharge_8,D:\作业\论文复现\基线模型\mtad-gat-pytorch\datasets\CH-BATTERY\LFP\normal\vin_131\vin_131_discharge_8.csv,LFP/normal/vin_131/vin_131_discharge_8.csv,LFP,normal,vin_131,discharge,8,0,,,,
LFP_normal_vin_131_vin_131_discharge_9,D:\作业\论文复现\基线模型\mtad-gat-pytorch\datasets\CH-BATTERY\LFP\normal\vin_131\vin_131_discharge_9.csv,LFP/normal/vin_131/vin_131_discharge_9.csv,LFP,normal,vin_131,discharge,9,0,,,,
LFP_normal_vin_131_vin_131_discharge_10,D:\作业\论文复现\基线模型\mtad-gat-pytorch\datasets\CH-BATTERY\LFP\normal\vin_131\vin_131_discharge_10.csv,LFP/normal/vin_131/vin_131_discharge_10.csv,LFP,normal,vin_131,discharge,10,0,,,,
LFP_normal_vin_133_vin_133_discharge_1,D:\作业\论文复现\基线模型\mtad-gat-pytorch\datasets\CH-BATTERY\LFP\normal\vin_133\vin_133_discharge_1.csv,LFP/normal/vin_133/vin_133_discharge_1.csv,LFP,normal,vin_133,discharge,1,0,,,,
LFP_normal_vin_133_vin_133_discharge_2,D:\作业\论文复现\基线模型\mtad-gat-pytorch\datasets\CH-BATTERY\LFP\normal\vin_133\vin_133_discharge_2.csv,LFP/normal/vin_133/vin_133_discharge_2.csv,LFP,normal,vin_133,discharge,2,0,,,,
LFP_normal_vin_133_vin_133_discharge_3,D:\作业\论文复现\基线模型\mtad-gat-pytorch\datasets\CH-BATTERY\LFP\normal\vin_133\vin_133_discharge_3.csv,LFP/normal/vin_133/vin_133_discharge_3.csv,LFP,normal,vin_133,discharge,3,0,,,,
LFP_normal_vin_133_vin_133_discharge_4,D:\作业\论文复现\基线模型\mtad-gat-pytorch\datasets\CH-BATTERY\LFP\normal\vin_133\vin_133_discharge_4.csv,LFP/normal/vin_133/vin_133_discharge_4.csv,LFP,normal,vin_133,discharge,4,0,,,,
LFP_normal_vin_133_vin_133_discharge_5,D:\作业\论文复现\基线模型\mtad-gat-pytorch\datasets\CH-BATTERY\LFP\normal\vin_133\vin_133_discharge_5.csv,LFP/normal/vin_133/vin_133_discharge_5.csv,LFP,normal,vin_133,discharge,5,0,,,,
LFP_normal_vin_133_vin_133_discharge_6,D:\作业\论文复现\基线模型\mtad-gat-pytorch\datasets\CH-BATTERY\LFP\normal\vin_133\vin_133_discharge_6.csv,LFP/normal/vin_133/vin_133_discharge_6.csv,LFP,normal,vin_133,discharge,6,0,,,,
LFP_normal_vin_133_vin_133_discharge_7,D:\作业\论文复现\基线模型\mtad-gat-pytorch\datasets\CH-BATTERY\LFP\normal\vin_133\vin_133_discharge_7.csv,LFP/normal/vin_133/vin_133_discharge_7.csv,LFP,normal,vin_133,discharge,7,0,,,,
LFP_normal_vin_133_vin_133_discharge_8,D:\作业\论文复现\基线模型\mtad-gat-pytorch\datasets\CH-BATTERY\LFP\normal\vin_133\vin_133_discharge_8.csv,LFP/normal/vin_133/vin_133_discharge_8.csv,LFP,normal,vin_133,discharge,8,0,,,,
LFP_normal_vin_133_vin_133_discharge_9,D:\作业\论文复现\基线模型\mtad-gat-pytorch\datasets\CH-BATTERY\LFP\normal\vin_133\vin_133_discharge_9.csv,LFP/normal/vin_133/vin_133_discharge_9.csv,LFP,normal,vin_133,discharge,9,0,,,,
LFP_normal_vin_133_vin_133_discharge_10,D:\作业\论文复现\基线模型\mtad-gat-pytorch\datasets\CH-BATTERY\LFP\normal\vin_133\vin_133_discharge_10.csv,LFP/normal/vin_133/vin_133_discharge_10.csv,LFP,normal,vin_133,discharge,10,0,,,,
LFP_normal_vin_134_vin_134_discharge_1,D:\作业\论文复现\基线模型\mtad-gat-pytorch\datasets\CH-BATTERY\LFP\normal\vin_134\vin_134_discharge_1.csv,LFP/normal/vin_134/vin_134_discharge_1.csv,LFP,normal,vin_134,discharge,1,0,,,,
LFP_normal_vin_134_vin_134_discharge_2,D:\作业\论文复现\基线模型\mtad-gat-pytorch\datasets\CH-BATTERY\LFP\normal\vin_134\vin_134_discharge_2.csv,LFP/normal/vin_134/vin_134_discharge_2.csv,LFP,normal,vin_134,discharge,2,0,,,,
LFP_normal_vin_134_vin_134_discharge_3,D:\作业\论文复现\基线模型\mtad-gat-pytorch\datasets\CH-BATTERY\LFP\normal\vin_134\vin_134_discharge_3.csv,LFP/normal/vin_134/vin_134_discharge_3.csv,LFP,normal,vin_134,discharge,3,0,,,,
LFP_normal_vin_134_vin_134_discharge_4,D:\作业\论文复现\基线模型\mtad-gat-pytorch\datasets\CH-BATTERY\LFP\normal\vin_134\vin_134_discharge_4.csv,LFP/normal/vin_134/vin_134_discharge_4.csv,LFP,normal,vin_134,discharge,4,0,,,,
LFP_normal_vin_134_vin_134_discharge_5,D:\作业\论文复现\基线模型\mtad-gat-pytorch\datasets\CH-BATTERY\LFP\normal\vin_134\vin_134_discharge_5.csv,LFP/normal/vin_134/vin_134_discharge_5.csv,LFP,normal,vin_134,discharge,5,0,,,,
LFP_normal_vin_134_vin_134_discharge_6,D:\作业\论文复现\基线模型\mtad-gat-pytorch\datasets\CH-BATTERY\LFP\normal\vin_134\vin_134_discharge_6.csv,LFP/normal/vin_134/vin_134_discharge_6.csv,LFP,normal,vin_134,discharge,6,0,,,,
LFP_normal_vin_134_vin_134_discharge_7,D:\作业\论文复现\基线模型\mtad-gat-pytorch\datasets\CH-BATTERY\LFP\normal\vin_134\vin_134_discharge_7.csv,LFP/normal/vin_134/vin_134_discharge_7.csv,LFP,normal,vin_134,discharge,7,0,,,,
LFP_normal_vin_134_vin_134_discharge_8,D:\作业\论文复现\基线模型\mtad-gat-pytorch\datasets\CH-BATTERY\LFP\normal\vin_134\vin_134_discharge_8.csv,LFP/normal/vin_134/vin_134_discharge_8.csv,LFP,normal,vin_134,discharge,8,0,,,,
LFP_normal_vin_134_vin_134_discharge_9,D:\作业\论文复现\基线模型\mtad-gat-pytorch\datasets\CH-BATTERY\LFP\normal\vin_134\vin_134_discharge_9.csv,LFP/normal/vin_134/vin_134_discharge_9.csv,LFP,normal,vin_134,discharge,9,0,,,,
LFP_normal_vin_134_vin_134_discharge_10,D:\作业\论文复现\基线模型\mtad-gat-pytorch\datasets\CH-BATTERY\LFP\normal\vin_134\vin_134_discharge_10.csv,LFP/normal/vin_134/vin_134_discharge_10.csv,LFP,normal,vin_134,discharge,10,0,,,,
LFP_normal_vin_135_vin_135_discharge_1,D:\作业\论文复现\基线模型\mtad-gat-pytorch\datasets\CH-BATTERY\LFP\normal\vin_135\vin_135_discharge_1.csv,LFP/normal/vin_135/vin_135_discharge_1.csv,LFP,normal,vin_135,discharge,1,0,,,,
LFP_normal_vin_135_vin_135_discharge_2,D:\作业\论文复现\基线模型\mtad-gat-pytorch\datasets\CH-BATTERY\LFP\normal\vin_135\vin_135_discharge_2.csv,LFP/normal/vin_135/vin_135_discharge_2.csv,LFP,normal,vin_135,discharge,2,0,,,,
LFP_normal_vin_135_vin_135_discharge_3,D:\作业\论文复现\基线模型\mtad-gat-pytorch\datasets\CH-BATTERY\LFP\normal\vin_135\vin_135_discharge_3.csv,LFP/normal/vin_135/vin_135_discharge_3.csv,LFP,normal,vin_135,discharge,3,0,,,,
LFP_normal_vin_135_vin_135_discharge_4,D:\作业\论文复现\基线模型\mtad-gat-pytorch\datasets\CH-BATTERY\LFP\normal\vin_135\vin_135_discharge_4.csv,LFP/normal/vin_135/vin_135_discharge_4.csv,LFP,normal,vin_135,discharge,4,0,,,,
LFP_normal_vin_135_vin_135_discharge_5,D:\作业\论文复现\基线模型\mtad-gat-pytorch\datasets\CH-BATTERY\LFP\normal\vin_135\vin_135_discharge_5.csv,LFP/normal/vin_135/vin_135_discharge_5.csv,LFP,normal,vin_135,discharge,5,0,,,,
LFP_normal_vin_135_vin_135_discharge_6,D:\作业\论文复现\基线模型\mtad-gat-pytorch\datasets\CH-BATTERY\LFP\normal\vin_135\vin_135_discharge_6.csv,LFP/normal/vin_135/vin_135_discharge_6.csv,LFP,normal,vin_135,discharge,6,0,,,,
LFP_normal_vin_135_vin_135_discharge_7,D:\作业\论文复现\基线模型\mtad-gat-pytorch\datasets\CH-BATTERY\LFP\normal\vin_135\vin_135_discharge_7.csv,LFP/normal/vin_135/vin_135_discharge_7.csv,LFP,normal,vin_135,discharge,7,0,,,,
LFP_normal_vin_135_vin_135_discharge_8,D:\作业\论文复现\基线模型\mtad-gat-pytorch\datasets\CH-BATTERY\LFP\normal\vin_135\vin_135_discharge_8.csv,LFP/normal/vin_135/vin_135_discharge_8.csv,LFP,normal,vin_135,discharge,8,0,,,,
LFP_normal_vin_135_vin_135_discharge_9,D:\作业\论文复现\基线模型\mtad-gat-pytorch\datasets\CH-BATTERY\LFP\normal\vin_135\vin_135_discharge_9.csv,LFP/normal/vin_135/vin_135_discharge_9.csv,LFP,normal,vin_135,discharge,9,0,,,,
LFP_normal_vin_135_vin_135_discharge_10,D:\作业\论文复现\基线模型\mtad-gat-pytorch\datasets\CH-BATTERY\LFP\normal\vin_135\vin_135_discharge_10.csv,LFP/normal/vin_135/vin_135_discharge_10.csv,LFP,normal,vin_135,discharge,10,0,,,,
LFP_normal_vin_136_vin_136_discharge_1,D:\作业\论文复现\基线模型\mtad-gat-pytorch\datasets\CH-BATTERY\LFP\normal\vin_136\vin_136_discharge_1.csv,LFP/normal/vin_136/vin_136_discharge_1.csv,LFP,normal,vin_136,discharge,1,0,,,,
LFP_normal_vin_136_vin_136_discharge_2,D:\作业\论文复现\基线模型\mtad-gat-pytorch\datasets\CH-BATTERY\LFP\normal\vin_136\vin_136_discharge_2.csv,LFP/normal/vin_136/vin_136_discharge_2.csv,LFP,normal,vin_136,discharge,2,0,,,,
LFP_normal_vin_136_vin_136_discharge_3,D:\作业\论文复现\基线模型\mtad-gat-pytorch\datasets\CH-BATTERY\LFP\normal\vin_136\vin_136_discharge_3.csv,LFP/normal/vin_136/vin_136_discharge_3.csv,LFP,normal,vin_136,discharge,3,0,,,,
LFP_normal_vin_136_vin_136_discharge_4,D:\作业\论文复现\基线模型\mtad-gat-pytorch\datasets\CH-BATTERY\LFP\normal\vin_136\vin_136_discharge_4.csv,LFP/normal/vin_136/vin_136_discharge_4.csv,LFP,normal,vin_136,discharge,4,0,,,,
LFP_normal_vin_136_vin_136_discharge_5,D:\作业\论文复现\基线模型\mtad-gat-pytorch\datasets\CH-BATTERY\LFP\normal\vin_136\vin_136_discharge_5.csv,LFP/normal/vin_136/vin_136_discharge_5.csv,LFP,normal,vin_136,discharge,5,0,,,,
LFP_normal_vin_136_vin_136_discharge_6,D:\作业\论文复现\基线模型\mtad-gat-pytorch\datasets\CH-BATTERY\LFP\normal\vin_136\vin_136_discharge_6.csv,LFP/normal/vin_136/vin_136_discharge_6.csv,LFP,normal,vin_136,discharge,6,0,,,,
LFP_normal_vin_136_vin_136_discharge_7,D:\作业\论文复现\基线模型\mtad-gat-pytorch\datasets\CH-BATTERY\LFP\normal\vin_136\vin_136_discharge_7.csv,LFP/normal/vin_136/vin_136_discharge_7.csv,LFP,normal,vin_136,discharge,7,0,,,,
LFP_normal_vin_136_vin_136_discharge_8,D:\作业\论文复现\基线模型\mtad-gat-pytorch\datasets\CH-BATTERY\LFP\normal\vin_136\vin_136_discharge_8.csv,LFP/normal/vin_136/vin_136_discharge_8.csv,LFP,normal,vin_136,discharge,8,0,,,,
LFP_normal_vin_136_vin_136_discharge_9,D:\作业\论文复现\基线模型\mtad-gat-pytorch\datasets\CH-BATTERY\LFP\normal\vin_136\vin_136_discharge_9.csv,LFP/normal/vin_136/vin_136_discharge_9.csv,LFP,normal,vin_136,discharge,9,0,,,,
LFP_normal_vin_136_vin_136_discharge_10,D:\作业\论文复现\基线模型\mtad-gat-pytorch\datasets\CH-BATTERY\LFP\normal\vin_136\vin_136_discharge_10.csv,LFP/normal/vin_136/vin_136_discharge_10.csv,LFP,normal,vin_136,discharge,10,0,,,,
LFP_normal_vin_137_vin_137_discharge_1,D:\作业\论文复现\基线模型\mtad-gat-pytorch\datasets\CH-BATTERY\LFP\normal\vin_137\vin_137_discharge_1.csv,LFP/normal/vin_137/vin_137_discharge_1.csv,LFP,normal,vin_137,discharge,1,0,,,,
LFP_normal_vin_137_vin_137_discharge_2,D:\作业\论文复现\基线模型\mtad-gat-pytorch\datasets\CH-BATTERY\LFP\normal\vin_137\vin_137_discharge_2.csv,LFP/normal/vin_137/vin_137_discharge_2.csv,LFP,normal,vin_137,discharge,2,0,,,,
LFP_normal_vin_137_vin_137_discharge_3,D:\作业\论文复现\基线模型\mtad-gat-pytorch\datasets\CH-BATTERY\LFP\normal\vin_137\vin_137_discharge_3.csv,LFP/normal/vin_137/vin_137_discharge_3.csv,LFP,normal,vin_137,discharge,3,0,,,,
LFP_normal_vin_137_vin_137_discharge_4,D:\作业\论文复现\基线模型\mtad-gat-pytorch\datasets\CH-BATTERY\LFP\normal\vin_137\vin_137_discharge_4.csv,LFP/normal/vin_137/vin_137_discharge_4.csv,LFP,normal,vin_137,discharge,4,0,,,,
LFP_normal_vin_137_vin_137_discharge_5,D:\作业\论文复现\基线模型\mtad-gat-pytorch\datasets\CH-BATTERY\LFP\normal\vin_137\vin_137_discharge_5.csv,LFP/normal/vin_137/vin_137_discharge_5.csv,LFP,normal,vin_137,discharge,5,0,,,,
LFP_normal_vin_137_vin_137_discharge_6,D:\作业\论文复现\基线模型\mtad-gat-pytorch\datasets\CH-BATTERY\LFP\normal\vin_137\vin_137_discharge_6.csv,LFP/normal/vin_137/vin_137_discharge_6.csv,LFP,normal,vin_137,discharge,6,0,,,,
LFP_normal_vin_137_vin_137_discharge_7,D:\作业\论文复现\基线模型\mtad-gat-pytorch\datasets\CH-BATTERY\LFP\normal\vin_137\vin_137_discharge_7.csv,LFP/normal/vin_137/vin_137_discharge_7.csv,LFP,normal,vin_137,discharge,7,0,,,,
LFP_normal_vin_137_vin_137_discharge_8,D:\作业\论文复现\基线模型\mtad-gat-pytorch\datasets\CH-BATTERY\LFP\normal\vin_137\vin_137_discharge_8.csv,LFP/normal/vin_137/vin_137_discharge_8.csv,LFP,normal,vin_137,discharge,8,0,,,,
LFP_normal_vin_137_vin_137_discharge_9,D:\作业\论文复现\基线模型\mtad-gat-pytorch\datasets\CH-BATTERY\LFP\normal\vin_137\vin_137_discharge_9.csv,LFP/normal/vin_137/vin_137_discharge_9.csv,LFP,normal,vin_137,discharge,9,0,,,,
LFP_normal_vin_137_vin_137_discharge_10,D:\作业\论文复现\基线模型\mtad-gat-pytorch\datasets\CH-BATTERY\LFP\normal\vin_137\vin_137_discharge_10.csv,LFP/normal/vin_137/vin_137_discharge_10.csv,LFP,normal,vin_137,discharge,10,0,,,,
LFP_normal_vin_138_vin_138_discharge_1,D:\作业\论文复现\基线模型\mtad-gat-pytorch\datasets\CH-BATTERY\LFP\normal\vin_138\vin_138_discharge_1.csv,LFP/normal/vin_138/vin_138_discharge_1.csv,LFP,normal,vin_138,discharge,1,0,,,,
LFP_normal_vin_138_vin_138_discharge_2,D:\作业\论文复现\基线模型\mtad-gat-pytorch\datasets\CH-BATTERY\LFP\normal\vin_138\vin_138_discharge_2.csv,LFP/normal/vin_138/vin_138_discharge_2.csv,LFP,normal,vin_138,discharge,2,0,,,,
LFP_normal_vin_138_vin_138_discharge_3,D:\作业\论文复现\基线模型\mtad-gat-pytorch\datasets\CH-BATTERY\LFP\normal\vin_138\vin_138_discharge_3.csv,LFP/normal/vin_138/vin_138_discharge_3.csv,LFP,normal,vin_138,discharge,3,0,,,,
LFP_normal_vin_138_vin_138_discharge_4,D:\作业\论文复现\基线模型\mtad-gat-pytorch\datasets\CH-BATTERY\LFP\normal\vin_138\vin_138_discharge_4.csv,LFP/normal/vin_138/vin_138_discharge_4.csv,LFP,normal,vin_138,discharge,4,0,,,,
LFP_normal_vin_138_vin_138_discharge_5,D:\作业\论文复现\基线模型\mtad-gat-pytorch\datasets\CH-BATTERY\LFP\normal\vin_138\vin_138_discharge_5.csv,LFP/normal/vin_138/vin_138_discharge_5.csv,LFP,normal,vin_138,discharge,5,0,,,,
LFP_normal_vin_138_vin_138_discharge_6,D:\作业\论文复现\基线模型\mtad-gat-pytorch\datasets\CH-BATTERY\LFP\normal\vin_138\vin_138_discharge_6.csv,LFP/normal/vin_138/vin_138_discharge_6.csv,LFP,normal,vin_138,discharge,6,0,,,,
LFP_normal_vin_138_vin_138_discharge_7,D:\作业\论文复现\基线模型\mtad-gat-pytorch\datasets\CH-BATTERY\LFP\normal\vin_138\vin_138_discharge_7.csv,LFP/normal/vin_138/vin_138_discharge_7.csv,LFP,normal,vin_138,discharge,7,0,,,,
LFP_normal_vin_138_vin_138_discharge_8,D:\作业\论文复现\基线模型\mtad-gat-pytorch\datasets\CH-BATTERY\LFP\normal\vin_138\vin_138_discharge_8.csv,LFP/normal/vin_138/vin_138_discharge_8.csv,LFP,normal,vin_138,discharge,8,0,,,,
LFP_normal_vin_138_vin_138_discharge_9,D:\作业\论文复现\基线模型\mtad-gat-pytorch\datasets\CH-BATTERY\LFP\normal\vin_138\vin_138_discharge_9.csv,LFP/normal/vin_138/vin_138_discharge_9.csv,LFP,normal,vin_138,discharge,9,0,,,,
LFP_normal_vin_138_vin_138_discharge_10,D:\作业\论文复现\基线模型\mtad-gat-pytorch\datasets\CH-BATTERY\LFP\normal\vin_138\vin_138_discharge_10.csv,LFP/normal/vin_138/vin_138_discharge_10.csv,LFP,normal,vin_138,discharge,10,0,,,,
LFP_normal_vin_139_vin_139_discharge_1,D:\作业\论文复现\基线模型\mtad-gat-pytorch\datasets\CH-BATTERY\LFP\normal\vin_139\vin_139_discharge_1.csv,LFP/normal/vin_139/vin_139_discharge_1.csv,LFP,normal,vin_139,discharge,1,0,,,,
LFP_normal_vin_139_vin_139_discharge_2,D:\作业\论文复现\基线模型\mtad-gat-pytorch\datasets\CH-BATTERY\LFP\normal\vin_139\vin_139_discharge_2.csv,LFP/normal/vin_139/vin_139_discharge_2.csv,LFP,normal,vin_139,discharge,2,0,,,,
LFP_normal_vin_139_vin_139_discharge_3,D:\作业\论文复现\基线模型\mtad-gat-pytorch\datasets\CH-BATTERY\LFP\normal\vin_139\vin_139_discharge_3.csv,LFP/normal/vin_139/vin_139_discharge_3.csv,LFP,normal,vin_139,discharge,3,0,,,,
LFP_normal_vin_139_vin_139_discharge_4,D:\作业\论文复现\基线模型\mtad-gat-pytorch\datasets\CH-BATTERY\LFP\normal\vin_139\vin_139_discharge_4.csv,LFP/normal/vin_139/vin_139_discharge_4.csv,LFP,normal,vin_139,discharge,4,0,,,,
LFP_normal_vin_139_vin_139_discharge_5,D:\作业\论文复现\基线模型\mtad-gat-pytorch\datasets\CH-BATTERY\LFP\normal\vin_139\vin_139_discharge_5.csv,LFP/normal/vin_139/vin_139_discharge_5.csv,LFP,normal,vin_139,discharge,5,0,,,,
LFP_normal_vin_139_vin_139_discharge_6,D:\作业\论文复现\基线模型\mtad-gat-pytorch\datasets\CH-BATTERY\LFP\normal\vin_139\vin_139_discharge_6.csv,LFP/normal/vin_139/vin_139_discharge_6.csv,LFP,normal,vin_139,discharge,6,0,,,,
LFP_normal_vin_139_vin_139_discharge_7,D:\作业\论文复现\基线模型\mtad-gat-pytorch\datasets\CH-BATTERY\LFP\normal\vin_139\vin_139_discharge_7.csv,LFP/normal/vin_139/vin_139_discharge_7.csv,LFP,normal,vin_139,discharge,7,0,,,,
LFP_normal_vin_139_vin_139_discharge_8,D:\作业\论文复现\基线模型\mtad-gat-pytorch\datasets\CH-BATTERY\LFP\normal\vin_139\vin_139_discharge_8.csv,LFP/normal/vin_139/vin_139_discharge_8.csv,LFP,normal,vin_139,discharge,8,0,,,,
LFP_normal_vin_139_vin_139_discharge_9,D:\作业\论文复现\基线模型\mtad-gat-pytorch\datasets\CH-BATTERY\LFP\normal\vin_139\vin_139_discharge_9.csv,LFP/normal/vin_139/vin_139_discharge_9.csv,LFP,normal,vin_139,discharge,9,0,,,,
LFP_normal_vin_139_vin_139_discharge_10,D:\作业\论文复现\基线模型\mtad-gat-pytorch\datasets\CH-BATTERY\LFP\normal\vin_139\vin_139_discharge_10.csv,LFP/normal/vin_139/vin_139_discharge_10.csv,LFP,normal,vin_139,discharge,10,0,,,,
LFP_normal_vin_140_vin_140_discharge_1,D:\作业\论文复现\基线模型\mtad-gat-pytorch\datasets\CH-BATTERY\LFP\normal\vin_140\vin_140_discharge_1.csv,LFP/normal/vin_140/vin_140_discharge_1.csv,LFP,normal,vin_140,discharge,1,0,,,,
LFP_normal_vin_140_vin_140_discharge_2,D:\作业\论文复现\基线模型\mtad-gat-pytorch\datasets\CH-BATTERY\LFP\normal\vin_140\vin_140_discharge_2.csv,LFP/normal/vin_140/vin_140_discharge_2.csv,LFP,normal,vin_140,discharge,2,0,,,,
LFP_normal_vin_140_vin_140_discharge_3,D:\作业\论文复现\基线模型\mtad-gat-pytorch\datasets\CH-BATTERY\LFP\normal\vin_140\vin_140_discharge_3.csv,LFP/normal/vin_140/vin_140_discharge_3.csv,LFP,normal,vin_140,discharge,3,0,,,,
LFP_normal_vin_140_vin_140_discharge_4,D:\作业\论文复现\基线模型\mtad-gat-pytorch\datasets\CH-BATTERY\LFP\normal\vin_140\vin_140_discharge_4.csv,LFP/normal/vin_140/vin_140_discharge_4.csv,LFP,normal,vin_140,discharge,4,0,,,,
LFP_normal_vin_140_vin_140_discharge_5,D:\作业\论文复现\基线模型\mtad-gat-pytorch\datasets\CH-BATTERY\LFP\normal\vin_140\vin_140_discharge_5.csv,LFP/normal/vin_140/vin_140_discharge_5.csv,LFP,normal,vin_140,discharge,5,0,,,,
LFP_normal_vin_140_vin_140_discharge_6,D:\作业\论文复现\基线模型\mtad-gat-pytorch\datasets\CH-BATTERY\LFP\normal\vin_140\vin_140_discharge_6.csv,LFP/normal/vin_140/vin_140_discharge_6.csv,LFP,normal,vin_140,discharge,6,0,,,,
LFP_normal_vin_140_vin_140_discharge_7,D:\作业\论文复现\基线模型\mtad-gat-pytorch\datasets\CH-BATTERY\LFP\normal\vin_140\vin_140_discharge_7.csv,LFP/normal/vin_140/vin_140_discharge_7.csv,LFP,normal,vin_140,discharge,7,0,,,,
LFP_normal_vin_140_vin_140_discharge_8,D:\作业\论文复现\基线模型\mtad-gat-pytorch\datasets\CH-BATTERY\LFP\normal\vin_140\vin_140_discharge_8.csv,LFP/normal/vin_140/vin_140_discharge_8.csv,LFP,normal,vin_140,discharge,8,0,,,,
LFP_normal_vin_140_vin_140_discharge_9,D:\作业\论文复现\基线模型\mtad-gat-pytorch\datasets\CH-BATTERY\LFP\normal\vin_140\vin_140_discharge_9.csv,LFP/normal/vin_140/vin_140_discharge_9.csv,LFP,normal,vin_140,discharge,9,0,,,,
LFP_normal_vin_140_vin_140_discharge_10,D:\作业\论文复现\基线模型\mtad-gat-pytorch\datasets\CH-BATTERY\LFP\normal\vin_140\vin_140_discharge_10.csv,LFP/normal/vin_140/vin_140_discharge_10.csv,LFP,normal,vin_140,discharge,10,0,,,,
LFP_normal_vin_141_vin_141_discharge_1,D:\作业\论文复现\基线模型\mtad-gat-pytorch\datasets\CH-BATTERY\LFP\normal\vin_141\vin_141_discharge_1.csv,LFP/normal/vin_141/vin_141_discharge_1.csv,LFP,normal,vin_141,discharge,1,0,,,,
LFP_normal_vin_141_vin_141_discharge_2,D:\作业\论文复现\基线模型\mtad-gat-pytorch\datasets\CH-BATTERY\LFP\normal\vin_141\vin_141_discharge_2.csv,LFP/normal/vin_141/vin_141_discharge_2.csv,LFP,normal,vin_141,discharge,2,0,,,,
LFP_normal_vin_141_vin_141_discharge_3,D:\作业\论文复现\基线模型\mtad-gat-pytorch\datasets\CH-BATTERY\LFP\normal\vin_141\vin_141_discharge_3.csv,LFP/normal/vin_141/vin_141_discharge_3.csv,LFP,normal,vin_141,discharge,3,0,,,,
LFP_normal_vin_141_vin_141_discharge_4,D:\作业\论文复现\基线模型\mtad-gat-pytorch\datasets\CH-BATTERY\LFP\normal\vin_141\vin_141_discharge_4.csv,LFP/normal/vin_141/vin_141_discharge_4.csv,LFP,normal,vin_141,discharge,4,0,,,,
LFP_normal_vin_141_vin_141_discharge_5,D:\作业\论文复现\基线模型\mtad-gat-pytorch\datasets\CH-BATTERY\LFP\normal\vin_141\vin_141_discharge_5.csv,LFP/normal/vin_141/vin_141_discharge_5.csv,LFP,normal,vin_141,discharge,5,0,,,,
LFP_normal_vin_141_vin_141_discharge_6,D:\作业\论文复现\基线模型\mtad-gat-pytorch\datasets\CH-BATTERY\LFP\normal\vin_141\vin_141_discharge_6.csv,LFP/normal/vin_141/vin_141_discharge_6.csv,LFP,normal,vin_141,discharge,6,0,,,,
LFP_normal_vin_141_vin_141_discharge_7,D:\作业\论文复现\基线模型\mtad-gat-pytorch\datasets\CH-BATTERY\LFP\normal\vin_141\vin_141_discharge_7.csv,LFP/normal/vin_141/vin_141_discharge_7.csv,LFP,normal,vin_141,discharge,7,0,,,,
LFP_normal_vin_141_vin_141_discharge_8,D:\作业\论文复现\基线模型\mtad-gat-pytorch\datasets\CH-BATTERY\LFP\normal\vin_141\vin_141_discharge_8.csv,LFP/normal/vin_141/vin_141_discharge_8.csv,LFP,normal,vin_141,discharge,8,0,,,,
LFP_normal_vin_141_vin_141_discharge_9,D:\作业\论文复现\基线模型\mtad-gat-pytorch\datasets\CH-BATTERY\LFP\normal\vin_141\vin_141_discharge_9.csv,LFP/normal/vin_141/vin_141_discharge_9.csv,LFP,normal,vin_141,discharge,9,0,,,,
LFP_normal_vin_141_vin_141_discharge_10,D:\作业\论文复现\基线模型\mtad-gat-pytorch\datasets\CH-BATTERY\LFP\normal\vin_141\vin_141_discharge_10.csv,LFP/normal/vin_141/vin_141_discharge_10.csv,LFP,normal,vin_141,discharge,10,0,,,,
LFP_normal_vin_142_vin_142_discharge_1,D:\作业\论文复现\基线模型\mtad-gat-pytorch\datasets\CH-BATTERY\LFP\normal\vin_142\vin_142_discharge_1.csv,LFP/normal/vin_142/vin_142_discharge_1.csv,LFP,normal,vin_142,discharge,1,0,,,,
LFP_normal_vin_142_vin_142_discharge_2,D:\作业\论文复现\基线模型\mtad-gat-pytorch\datasets\CH-BATTERY\LFP\normal\vin_142\vin_142_discharge_2.csv,LFP/normal/vin_142/vin_142_discharge_2.csv,LFP,normal,vin_142,discharge,2,0,,,,
LFP_normal_vin_142_vin_142_discharge_3,D:\作业\论文复现\基线模型\mtad-gat-pytorch\datasets\CH-BATTERY\LFP\normal\vin_142\vin_142_discharge_3.csv,LFP/normal/vin_142/vin_142_discharge_3.csv,LFP,normal,vin_142,discharge,3,0,,,,
LFP_normal_vin_142_vin_142_discharge_4,D:\作业\论文复现\基线模型\mtad-gat-pytorch\datasets\CH-BATTERY\LFP\normal\vin_142\vin_142_discharge_4.csv,LFP/normal/vin_142/vin_142_discharge_4.csv,LFP,normal,vin_142,discharge,4,0,,,,
LFP_normal_vin_142_vin_142_discharge_5,D:\作业\论文复现\基线模型\mtad-gat-pytorch\datasets\CH-BATTERY\LFP\normal\vin_142\vin_142_discharge_5.csv,LFP/normal/vin_142/vin_142_discharge_5.csv,LFP,normal,vin_142,discharge,5,0,,,,
LFP_normal_vin_142_vin_142_discharge_6,D:\作业\论文复现\基线模型\mtad-gat-pytorch\datasets\CH-BATTERY\LFP\normal\vin_142\vin_142_discharge_6.csv,LFP/normal/vin_142/vin_142_discharge_6.csv,LFP,normal,vin_142,discharge,6,0,,,,
LFP_normal_vin_142_vin_142_discharge_7,D:\作业\论文复现\基线模型\mtad-gat-pytorch\datasets\CH-BATTERY\LFP\normal\vin_142\vin_142_discharge_7.csv,LFP/normal/vin_142/vin_142_discharge_7.csv,LFP,normal,vin_142,discharge,7,0,,,,
LFP_normal_vin_142_vin_142_discharge_8,D:\作业\论文复现\基线模型\mtad-gat-pytorch\datasets\CH-BATTERY\LFP\normal\vin_142\vin_142_discharge_8.csv,LFP/normal/vin_142/vin_142_discharge_8.csv,LFP,normal,vin_142,discharge,8,0,,,,
LFP_normal_vin_142_vin_142_discharge_9,D:\作业\论文复现\基线模型\mtad-gat-pytorch\datasets\CH-BATTERY\LFP\normal\vin_142\vin_142_discharge_9.csv,LFP/normal/vin_142/vin_142_discharge_9.csv,LFP,normal,vin_142,discharge,9,0,,,,
LFP_normal_vin_142_vin_142_discharge_10,D:\作业\论文复现\基线模型\mtad-gat-pytorch\datasets\CH-BATTERY\LFP\normal\vin_142\vin_142_discharge_10.csv,LFP/normal/vin_142/vin_142_discharge_10.csv,LFP,normal,vin_142,discharge,10,0,,,,
LFP_normal_vin_143_vin_143_discharge_1,D:\作业\论文复现\基线模型\mtad-gat-pytorch\datasets\CH-BATTERY\LFP\normal\vin_143\vin_143_discharge_1.csv,LFP/normal/vin_143/vin_143_discharge_1.csv,LFP,normal,vin_143,discharge,1,0,,,,
LFP_normal_vin_143_vin_143_discharge_2,D:\作业\论文复现\基线模型\mtad-gat-pytorch\datasets\CH-BATTERY\LFP\normal\vin_143\vin_143_discharge_2.csv,LFP/normal/vin_143/vin_143_discharge_2.csv,LFP,normal,vin_143,discharge,2,0,,,,
LFP_normal_vin_143_vin_143_discharge_3,D:\作业\论文复现\基线模型\mtad-gat-pytorch\datasets\CH-BATTERY\LFP\normal\vin_143\vin_143_discharge_3.csv,LFP/normal/vin_143/vin_143_discharge_3.csv,LFP,normal,vin_143,discharge,3,0,,,,
LFP_normal_vin_143_vin_143_discharge_4,D:\作业\论文复现\基线模型\mtad-gat-pytorch\datasets\CH-BATTERY\LFP\normal\vin_143\vin_143_discharge_4.csv,LFP/normal/vin_143/vin_143_discharge_4.csv,LFP,normal,vin_143,discharge,4,0,,,,
LFP_normal_vin_143_vin_143_discharge_5,D:\作业\论文复现\基线模型\mtad-gat-pytorch\datasets\CH-BATTERY\LFP\normal\vin_143\vin_143_discharge_5.csv,LFP/normal/vin_143/vin_143_discharge_5.csv,LFP,normal,vin_143,discharge,5,0,,,,
LFP_normal_vin_143_vin_143_discharge_6,D:\作业\论文复现\基线模型\mtad-gat-pytorch\datasets\CH-BATTERY\LFP\normal\vin_143\vin_143_discharge_6.csv,LFP/normal/vin_143/vin_143_discharge_6.csv,LFP,normal,vin_143,discharge,6,0,,,,
LFP_normal_vin_143_vin_143_discharge_7,D:\作业\论文复现\基线模型\mtad-gat-pytorch\datasets\CH-BATTERY\LFP\normal\vin_143\vin_143_discharge_7.csv,LFP/normal/vin_143/vin_143_discharge_7.csv,LFP,normal,vin_143,discharge,7,0,,,,
LFP_normal_vin_143_vin_143_discharge_8,D:\作业\论文复现\基线模型\mtad-gat-pytorch\datasets\CH-BATTERY\LFP\normal\vin_143\vin_143_discharge_8.csv,LFP/normal/vin_143/vin_143_discharge_8.csv,LFP,normal,vin_143,discharge,8,0,,,,
LFP_normal_vin_143_vin_143_discharge_9,D:\作业\论文复现\基线模型\mtad-gat-pytorch\datasets\CH-BATTERY\LFP\normal\vin_143\vin_143_discharge_9.csv,LFP/normal/vin_143/vin_143_discharge_9.csv,LFP,normal,vin_143,discharge,9,0,,,,
LFP_normal_vin_143_vin_143_discharge_10,D:\作业\论文复现\基线模型\mtad-gat-pytorch\datasets\CH-BATTERY\LFP\normal\vin_143\vin_143_discharge_10.csv,LFP/normal/vin_143/vin_143_discharge_10.csv,LFP,normal,vin_143,discharge,10,0,,,,
LFP_normal_vin_144_vin_144_discharge_1,D:\作业\论文复现\基线模型\mtad-gat-pytorch\datasets\CH-BATTERY\LFP\normal\vin_144\vin_144_discharge_1.csv,LFP/normal/vin_144/vin_144_discharge_1.csv,LFP,normal,vin_144,discharge,1,0,,,,
LFP_normal_vin_144_vin_144_discharge_2,D:\作业\论文复现\基线模型\mtad-gat-pytorch\datasets\CH-BATTERY\LFP\normal\vin_144\vin_144_discharge_2.csv,LFP/normal/vin_144/vin_144_discharge_2.csv,LFP,normal,vin_144,discharge,2,0,,,,
LFP_normal_vin_144_vin_144_discharge_3,D:\作业\论文复现\基线模型\mtad-gat-pytorch\datasets\CH-BATTERY\LFP\normal\vin_144\vin_144_discharge_3.csv,LFP/normal/vin_144/vin_144_discharge_3.csv,LFP,normal,vin_144,discharge,3,0,,,,
LFP_normal_vin_144_vin_144_discharge_4,D:\作业\论文复现\基线模型\mtad-gat-pytorch\datasets\CH-BATTERY\LFP\normal\vin_144\vin_144_discharge_4.csv,LFP/normal/vin_144/vin_144_discharge_4.csv,LFP,normal,vin_144,discharge,4,0,,,,
LFP_normal_vin_144_vin_144_discharge_5,D:\作业\论文复现\基线模型\mtad-gat-pytorch\datasets\CH-BATTERY\LFP\normal\vin_144\vin_144_discharge_5.csv,LFP/normal/vin_144/vin_144_discharge_5.csv,LFP,normal,vin_144,discharge,5,0,,,,
LFP_normal_vin_144_vin_144_discharge_6,D:\作业\论文复现\基线模型\mtad-gat-pytorch\datasets\CH-BATTERY\LFP\normal\vin_144\vin_144_discharge_6.csv,LFP/normal/vin_144/vin_144_discharge_6.csv,LFP,normal,vin_144,discharge,6,0,,,,
LFP_normal_vin_144_vin_144_discharge_7,D:\作业\论文复现\基线模型\mtad-gat-pytorch\datasets\CH-BATTERY\LFP\normal\vin_144\vin_144_discharge_7.csv,LFP/normal/vin_144/vin_144_discharge_7.csv,LFP,normal,vin_144,discharge,7,0,,,,
LFP_normal_vin_144_vin_144_discharge_8,D:\作业\论文复现\基线模型\mtad-gat-pytorch\datasets\CH-BATTERY\LFP\normal\vin_144\vin_144_discharge_8.csv,LFP/normal/vin_144/vin_144_discharge_8.csv,LFP,normal,vin_144,discharge,8,0,,,,
LFP_normal_vin_144_vin_144_discharge_9,D:\作业\论文复现\基线模型\mtad-gat-pytorch\datasets\CH-BATTERY\LFP\normal\vin_144\vin_144_discharge_9.csv,LFP/normal/vin_144/vin_144_discharge_9.csv,LFP,normal,vin_144,discharge,9,0,,,,
LFP_normal_vin_144_vin_144_discharge_10,D:\作业\论文复现\基线模型\mtad-gat-pytorch\datasets\CH-BATTERY\LFP\normal\vin_144\vin_144_discharge_10.csv,LFP/normal/vin_144/vin_144_discharge_10.csv,LFP,normal,vin_144,discharge,10,0,,,,
LFP_normal_vin_145_vin_145_discharge_1,D:\作业\论文复现\基线模型\mtad-gat-pytorch\datasets\CH-BATTERY\LFP\normal\vin_145\vin_145_discharge_1.csv,LFP/normal/vin_145/vin_145_discharge_1.csv,LFP,normal,vin_145,discharge,1,0,,,,
LFP_normal_vin_145_vin_145_discharge_2,D:\作业\论文复现\基线模型\mtad-gat-pytorch\datasets\CH-BATTERY\LFP\normal\vin_145\vin_145_discharge_2.csv,LFP/normal/vin_145/vin_145_discharge_2.csv,LFP,normal,vin_145,discharge,2,0,,,,
LFP_normal_vin_145_vin_145_discharge_3,D:\作业\论文复现\基线模型\mtad-gat-pytorch\datasets\CH-BATTERY\LFP\normal\vin_145\vin_145_discharge_3.csv,LFP/normal/vin_145/vin_145_discharge_3.csv,LFP,normal,vin_145,discharge,3,0,,,,
LFP_normal_vin_145_vin_145_discharge_4,D:\作业\论文复现\基线模型\mtad-gat-pytorch\datasets\CH-BATTERY\LFP\normal\vin_145\vin_145_discharge_4.csv,LFP/normal/vin_145/vin_145_discharge_4.csv,LFP,normal,vin_145,discharge,4,0,,,,
LFP_normal_vin_145_vin_145_discharge_5,D:\作业\论文复现\基线模型\mtad-gat-pytorch\datasets\CH-BATTERY\LFP\normal\vin_145\vin_145_discharge_5.csv,LFP/normal/vin_145/vin_145_discharge_5.csv,LFP,normal,vin_145,discharge,5,0,,,,
LFP_normal_vin_145_vin_145_discharge_6,D:\作业\论文复现\基线模型\mtad-gat-pytorch\datasets\CH-BATTERY\LFP\normal\vin_145\vin_145_discharge_6.csv,LFP/normal/vin_145/vin_145_discharge_6.csv,LFP,normal,vin_145,discharge,6,0,,,,
LFP_normal_vin_145_vin_145_discharge_7,D:\作业\论文复现\基线模型\mtad-gat-pytorch\datasets\CH-BATTERY\LFP\normal\vin_145\vin_145_discharge_7.csv,LFP/normal/vin_145/vin_145_discharge_7.csv,LFP,normal,vin_145,discharge,7,0,,,,
LFP_normal_vin_145_vin_145_discharge_8,D:\作业\论文复现\基线模型\mtad-gat-pytorch\datasets\CH-BATTERY\LFP\normal\vin_145\vin_145_discharge_8.csv,LFP/normal/vin_145/vin_145_discharge_8.csv,LFP,normal,vin_145,discharge,8,0,,,,
LFP_normal_vin_145_vin_145_discharge_9,D:\作业\论文复现\基线模型\mtad-gat-pytorch\datasets\CH-BATTERY\LFP\normal\vin_145\vin_145_discharge_9.csv,LFP/normal/vin_145/vin_145_discharge_9.csv,LFP,normal,vin_145,discharge,9,0,,,,
LFP_normal_vin_145_vin_145_discharge_10,D:\作业\论文复现\基线模型\mtad-gat-pytorch\datasets\CH-BATTERY\LFP\normal\vin_145\vin_145_discharge_10.csv,LFP/normal/vin_145/vin_145_discharge_10.csv,LFP,normal,vin_145,discharge,10,0,,,,
LFP_normal_vin_147_vin_147_discharge_1,D:\作业\论文复现\基线模型\mtad-gat-pytorch\datasets\CH-BATTERY\LFP\normal\vin_147\vin_147_discharge_1.csv,LFP/normal/vin_147/vin_147_discharge_1.csv,LFP,normal,vin_147,discharge,1,0,,,,
LFP_normal_vin_147_vin_147_discharge_2,D:\作业\论文复现\基线模型\mtad-gat-pytorch\datasets\CH-BATTERY\LFP\normal\vin_147\vin_147_discharge_2.csv,LFP/normal/vin_147/vin_147_discharge_2.csv,LFP,normal,vin_147,discharge,2,0,,,,
LFP_normal_vin_147_vin_147_discharge_3,D:\作业\论文复现\基线模型\mtad-gat-pytorch\datasets\CH-BATTERY\LFP\normal\vin_147\vin_147_discharge_3.csv,LFP/normal/vin_147/vin_147_discharge_3.csv,LFP,normal,vin_147,discharge,3,0,,,,
LFP_normal_vin_147_vin_147_discharge_4,D:\作业\论文复现\基线模型\mtad-gat-pytorch\datasets\CH-BATTERY\LFP\normal\vin_147\vin_147_discharge_4.csv,LFP/normal/vin_147/vin_147_discharge_4.csv,LFP,normal,vin_147,discharge,4,0,,,,
LFP_normal_vin_147_vin_147_discharge_5,D:\作业\论文复现\基线模型\mtad-gat-pytorch\datasets\CH-BATTERY\LFP\normal\vin_147\vin_147_discharge_5.csv,LFP/normal/vin_147/vin_147_discharge_5.csv,LFP,normal,vin_147,discharge,5,0,,,,
LFP_normal_vin_147_vin_147_discharge_6,D:\作业\论文复现\基线模型\mtad-gat-pytorch\datasets\CH-BATTERY\LFP\normal\vin_147\vin_147_discharge_6.csv,LFP/normal/vin_147/vin_147_discharge_6.csv,LFP,normal,vin_147,discharge,6,0,,,,
LFP_normal_vin_147_vin_147_discharge_7,D:\作业\论文复现\基线模型\mtad-gat-pytorch\datasets\CH-BATTERY\LFP\normal\vin_147\vin_147_discharge_7.csv,LFP/normal/vin_147/vin_147_discharge_7.csv,LFP,normal,vin_147,discharge,7,0,,,,
LFP_normal_vin_147_vin_147_discharge_8,D:\作业\论文复现\基线模型\mtad-gat-pytorch\datasets\CH-BATTERY\LFP\normal\vin_147\vin_147_discharge_8.csv,LFP/normal/vin_147/vin_147_discharge_8.csv,LFP,normal,vin_147,discharge,8,0,,,,
LFP_normal_vin_147_vin_147_discharge_9,D:\作业\论文复现\基线模型\mtad-gat-pytorch\datasets\CH-BATTERY\LFP\normal\vin_147\vin_147_discharge_9.csv,LFP/normal/vin_147/vin_147_discharge_9.csv,LFP,normal,vin_147,discharge,9,0,,,,
LFP_normal_vin_147_vin_147_discharge_10,D:\作业\论文复现\基线模型\mtad-gat-pytorch\datasets\CH-BATTERY\LFP\normal\vin_147\vin_147_discharge_10.csv,LFP/normal/vin_147/vin_147_discharge_10.csv,LFP,normal,vin_147,discharge,10,0,,,,
LFP_normal_vin_148_vin_148_discharge_1,D:\作业\论文复现\基线模型\mtad-gat-pytorch\datasets\CH-BATTERY\LFP\normal\vin_148\vin_148_discharge_1.csv,LFP/normal/vin_148/vin_148_discharge_1.csv,LFP,normal,vin_148,discharge,1,0,,,,
LFP_normal_vin_148_vin_148_discharge_2,D:\作业\论文复现\基线模型\mtad-gat-pytorch\datasets\CH-BATTERY\LFP\normal\vin_148\vin_148_discharge_2.csv,LFP/normal/vin_148/vin_148_discharge_2.csv,LFP,normal,vin_148,discharge,2,0,,,,
LFP_normal_vin_148_vin_148_discharge_3,D:\作业\论文复现\基线模型\mtad-gat-pytorch\datasets\CH-BATTERY\LFP\normal\vin_148\vin_148_discharge_3.csv,LFP/normal/vin_148/vin_148_discharge_3.csv,LFP,normal,vin_148,discharge,3,0,,,,
LFP_normal_vin_148_vin_148_discharge_4,D:\作业\论文复现\基线模型\mtad-gat-pytorch\datasets\CH-BATTERY\LFP\normal\vin_148\vin_148_discharge_4.csv,LFP/normal/vin_148/vin_148_discharge_4.csv,LFP,normal,vin_148,discharge,4,0,,,,
LFP_normal_vin_148_vin_148_discharge_5,D:\作业\论文复现\基线模型\mtad-gat-pytorch\datasets\CH-BATTERY\LFP\normal\vin_148\vin_148_discharge_5.csv,LFP/normal/vin_148/vin_148_discharge_5.csv,LFP,normal,vin_148,discharge,5,0,,,,
LFP_normal_vin_148_vin_148_discharge_6,D:\作业\论文复现\基线模型\mtad-gat-pytorch\datasets\CH-BATTERY\LFP\normal\vin_148\vin_148_discharge_6.csv,LFP/normal/vin_148/vin_148_discharge_6.csv,LFP,normal,vin_148,discharge,6,0,,,,
LFP_normal_vin_148_vin_148_discharge_7,D:\作业\论文复现\基线模型\mtad-gat-pytorch\datasets\CH-BATTERY\LFP\normal\vin_148\vin_148_discharge_7.csv,LFP/normal/vin_148/vin_148_discharge_7.csv,LFP,normal,vin_148,discharge,7,0,,,,
LFP_normal_vin_148_vin_148_discharge_8,D:\作业\论文复现\基线模型\mtad-gat-pytorch\datasets\CH-BATTERY\LFP\normal\vin_148\vin_148_discharge_8.csv,LFP/normal/vin_148/vin_148_discharge_8.csv,LFP,normal,vin_148,discharge,8,0,,,,
LFP_normal_vin_148_vin_148_discharge_9,D:\作业\论文复现\基线模型\mtad-gat-pytorch\datasets\CH-BATTERY\LFP\normal\vin_148\vin_148_discharge_9.csv,LFP/normal/vin_148/vin_148_discharge_9.csv,LFP,normal,vin_148,discharge,9,0,,,,
LFP_normal_vin_148_vin_148_discharge_10,D:\作业\论文复现\基线模型\mtad-gat-pytorch\datasets\CH-BATTERY\LFP\normal\vin_148\vin_148_discharge_10.csv,LFP/normal/vin_148/vin_148_discharge_10.csv,LFP,normal,vin_148,discharge,10,0,,,,
LFP_normal_vin_149_vin_149_discharge_1,D:\作业\论文复现\基线模型\mtad-gat-pytorch\datasets\CH-BATTERY\LFP\normal\vin_149\vin_149_discharge_1.csv,LFP/normal/vin_149/vin_149_discharge_1.csv,LFP,normal,vin_149,discharge,1,0,,,,
LFP_normal_vin_149_vin_149_discharge_2,D:\作业\论文复现\基线模型\mtad-gat-pytorch\datasets\CH-BATTERY\LFP\normal\vin_149\vin_149_discharge_2.csv,LFP/normal/vin_149/vin_149_discharge_2.csv,LFP,normal,vin_149,discharge,2,0,,,,
LFP_normal_vin_149_vin_149_discharge_3,D:\作业\论文复现\基线模型\mtad-gat-pytorch\datasets\CH-BATTERY\LFP\normal\vin_149\vin_149_discharge_3.csv,LFP/normal/vin_149/vin_149_discharge_3.csv,LFP,normal,vin_149,discharge,3,0,,,,
LFP_normal_vin_149_vin_149_discharge_4,D:\作业\论文复现\基线模型\mtad-gat-pytorch\datasets\CH-BATTERY\LFP\normal\vin_149\vin_149_discharge_4.csv,LFP/normal/vin_149/vin_149_discharge_4.csv,LFP,normal,vin_149,discharge,4,0,,,,
LFP_normal_vin_149_vin_149_discharge_5,D:\作业\论文复现\基线模型\mtad-gat-pytorch\datasets\CH-BATTERY\LFP\normal\vin_149\vin_149_discharge_5.csv,LFP/normal/vin_149/vin_149_discharge_5.csv,LFP,normal,vin_149,discharge,5,0,,,,
LFP_normal_vin_149_vin_149_discharge_6,D:\作业\论文复现\基线模型\mtad-gat-pytorch\datasets\CH-BATTERY\LFP\normal\vin_149\vin_149_discharge_6.csv,LFP/normal/vin_149/vin_149_discharge_6.csv,LFP,normal,vin_149,discharge,6,0,,,,
LFP_normal_vin_149_vin_149_discharge_7,D:\作业\论文复现\基线模型\mtad-gat-pytorch\datasets\CH-BATTERY\LFP\normal\vin_149\vin_149_discharge_7.csv,LFP/normal/vin_149/vin_149_discharge_7.csv,LFP,normal,vin_149,discharge,7,0,,,,
LFP_normal_vin_149_vin_149_discharge_8,D:\作业\论文复现\基线模型\mtad-gat-pytorch\datasets\CH-BATTERY\LFP\normal\vin_149\vin_149_discharge_8.csv,LFP/normal/vin_149/vin_149_discharge_8.csv,LFP,normal,vin_149,discharge,8,0,,,,
LFP_normal_vin_149_vin_149_discharge_9,D:\作业\论文复现\基线模型\mtad-gat-pytorch\datasets\CH-BATTERY\LFP\normal\vin_149\vin_149_discharge_9.csv,LFP/normal/vin_149/vin_149_discharge_9.csv,LFP,normal,vin_149,discharge,9,0,,,,
LFP_normal_vin_149_vin_149_discharge_10,D:\作业\论文复现\基线模型\mtad-gat-pytorch\datasets\CH-BATTERY\LFP\normal\vin_149\vin_149_discharge_10.csv,LFP/normal/vin_149/vin_149_discharge_10.csv,LFP,normal,vin_149,discharge,10,0,,,,
LFP_normal_vin_150_vin_150_discharge_1,D:\作业\论文复现\基线模型\mtad-gat-pytorch\datasets\CH-BATTERY\LFP\normal\vin_150\vin_150_discharge_1.csv,LFP/normal/vin_150/vin_150_discharge_1.csv,LFP,normal,vin_150,discharge,1,0,,,,
LFP_normal_vin_150_vin_150_discharge_2,D:\作业\论文复现\基线模型\mtad-gat-pytorch\datasets\CH-BATTERY\LFP\normal\vin_150\vin_150_discharge_2.csv,LFP/normal/vin_150/vin_150_discharge_2.csv,LFP,normal,vin_150,discharge,2,0,,,,
LFP_normal_vin_150_vin_150_discharge_3,D:\作业\论文复现\基线模型\mtad-gat-pytorch\datasets\CH-BATTERY\LFP\normal\vin_150\vin_150_discharge_3.csv,LFP/normal/vin_150/vin_150_discharge_3.csv,LFP,normal,vin_150,discharge,3,0,,,,
LFP_normal_vin_150_vin_150_discharge_4,D:\作业\论文复现\基线模型\mtad-gat-pytorch\datasets\CH-BATTERY\LFP\normal\vin_150\vin_150_discharge_4.csv,LFP/normal/vin_150/vin_150_discharge_4.csv,LFP,normal,vin_150,discharge,4,0,,,,
LFP_normal_vin_150_vin_150_discharge_5,D:\作业\论文复现\基线模型\mtad-gat-pytorch\datasets\CH-BATTERY\LFP\normal\vin_150\vin_150_discharge_5.csv,LFP/normal/vin_150/vin_150_discharge_5.csv,LFP,normal,vin_150,discharge,5,0,,,,
LFP_normal_vin_150_vin_150_discharge_6,D:\作业\论文复现\基线模型\mtad-gat-pytorch\datasets\CH-BATTERY\LFP\normal\vin_150\vin_150_discharge_6.csv,LFP/normal/vin_150/vin_150_discharge_6.csv,LFP,normal,vin_150,discharge,6,0,,,,
LFP_normal_vin_150_vin_150_discharge_7,D:\作业\论文复现\基线模型\mtad-gat-pytorch\datasets\CH-BATTERY\LFP\normal\vin_150\vin_150_discharge_7.csv,LFP/normal/vin_150/vin_150_discharge_7.csv,LFP,normal,vin_150,discharge,7,0,,,,
LFP_normal_vin_150_vin_150_discharge_8,D:\作业\论文复现\基线模型\mtad-gat-pytorch\datasets\CH-BATTERY\LFP\normal\vin_150\vin_150_discharge_8.csv,LFP/normal/vin_150/vin_150_discharge_8.csv,LFP,normal,vin_150,discharge,8,0,,,,
LFP_normal_vin_150_vin_150_discharge_9,D:\作业\论文复现\基线模型\mtad-gat-pytorch\datasets\CH-BATTERY\LFP\normal\vin_150\vin_150_discharge_9.csv,LFP/normal/vin_150/vin_150_discharge_9.csv,LFP,normal,vin_150,discharge,9,0,,,,
LFP_normal_vin_150_vin_150_discharge_10,D:\作业\论文复现\基线模型\mtad-gat-pytorch\datasets\CH-BATTERY\LFP\normal\vin_150\vin_150_discharge_10.csv,LFP/normal/vin_150/vin_150_discharge_10.csv,LFP,normal,vin_150,discharge,10,0,,,,
LFP_normal_vin_151_vin_151_discharge_1,D:\作业\论文复现\基线模型\mtad-gat-pytorch\datasets\CH-BATTERY\LFP\normal\vin_151\vin_151_discharge_1.csv,LFP/normal/vin_151/vin_151_discharge_1.csv,LFP,normal,vin_151,discharge,1,0,,,,
LFP_normal_vin_151_vin_151_discharge_2,D:\作业\论文复现\基线模型\mtad-gat-pytorch\datasets\CH-BATTERY\LFP\normal\vin_151\vin_151_discharge_2.csv,LFP/normal/vin_151/vin_151_discharge_2.csv,LFP,normal,vin_151,discharge,2,0,,,,
LFP_normal_vin_151_vin_151_discharge_3,D:\作业\论文复现\基线模型\mtad-gat-pytorch\datasets\CH-BATTERY\LFP\normal\vin_151\vin_151_discharge_3.csv,LFP/normal/vin_151/vin_151_discharge_3.csv,LFP,normal,vin_151,discharge,3,0,,,,
LFP_normal_vin_151_vin_151_discharge_4,D:\作业\论文复现\基线模型\mtad-gat-pytorch\datasets\CH-BATTERY\LFP\normal\vin_151\vin_151_discharge_4.csv,LFP/normal/vin_151/vin_151_discharge_4.csv,LFP,normal,vin_151,discharge,4,0,,,,
LFP_normal_vin_151_vin_151_discharge_5,D:\作业\论文复现\基线模型\mtad-gat-pytorch\datasets\CH-BATTERY\LFP\normal\vin_151\vin_151_discharge_5.csv,LFP/normal/vin_151/vin_151_discharge_5.csv,LFP,normal,vin_151,discharge,5,0,,,,
LFP_normal_vin_151_vin_151_discharge_6,D:\作业\论文复现\基线模型\mtad-gat-pytorch\datasets\CH-BATTERY\LFP\normal\vin_151\vin_151_discharge_6.csv,LFP/normal/vin_151/vin_151_discharge_6.csv,LFP,normal,vin_151,discharge,6,0,,,,
LFP_normal_vin_151_vin_151_discharge_7,D:\作业\论文复现\基线模型\mtad-gat-pytorch\datasets\CH-BATTERY\LFP\normal\vin_151\vin_151_discharge_7.csv,LFP/normal/vin_151/vin_151_discharge_7.csv,LFP,normal,vin_151,discharge,7,0,,,,
LFP_normal_vin_151_vin_151_discharge_8,D:\作业\论文复现\基线模型\mtad-gat-pytorch\datasets\CH-BATTERY\LFP\normal\vin_151\vin_151_discharge_8.csv,LFP/normal/vin_151/vin_151_discharge_8.csv,LFP,normal,vin_151,discharge,8,0,,,,
LFP_normal_vin_151_vin_151_discharge_9,D:\作业\论文复现\基线模型\mtad-gat-pytorch\datasets\CH-BATTERY\LFP\normal\vin_151\vin_151_discharge_9.csv,LFP/normal/vin_151/vin_151_discharge_9.csv,LFP,normal,vin_151,discharge,9,0,,,,
LFP_normal_vin_151_vin_151_discharge_10,D:\作业\论文复现\基线模型\mtad-gat-pytorch\datasets\CH-BATTERY\LFP\normal\vin_151\vin_151_discharge_10.csv,LFP/normal/vin_151/vin_151_discharge_10.csv,LFP,normal,vin_151,discharge,10,0,,,,
LFP_normal_vin_152_vin_152_discharge_1,D:\作业\论文复现\基线模型\mtad-gat-pytorch\datasets\CH-BATTERY\LFP\normal\vin_152\vin_152_discharge_1.csv,LFP/normal/vin_152/vin_152_discharge_1.csv,LFP,normal,vin_152,discharge,1,0,,,,
LFP_normal_vin_152_vin_152_discharge_2,D:\作业\论文复现\基线模型\mtad-gat-pytorch\datasets\CH-BATTERY\LFP\normal\vin_152\vin_152_discharge_2.csv,LFP/normal/vin_152/vin_152_discharge_2.csv,LFP,normal,vin_152,discharge,2,0,,,,
LFP_normal_vin_152_vin_152_discharge_3,D:\作业\论文复现\基线模型\mtad-gat-pytorch\datasets\CH-BATTERY\LFP\normal\vin_152\vin_152_discharge_3.csv,LFP/normal/vin_152/vin_152_discharge_3.csv,LFP,normal,vin_152,discharge,3,0,,,,
LFP_normal_vin_152_vin_152_discharge_4,D:\作业\论文复现\基线模型\mtad-gat-pytorch\datasets\CH-BATTERY\LFP\normal\vin_152\vin_152_discharge_4.csv,LFP/normal/vin_152/vin_152_discharge_4.csv,LFP,normal,vin_152,discharge,4,0,,,,
LFP_normal_vin_152_vin_152_discharge_5,D:\作业\论文复现\基线模型\mtad-gat-pytorch\datasets\CH-BATTERY\LFP\normal\vin_152\vin_152_discharge_5.csv,LFP/normal/vin_152/vin_152_discharge_5.csv,LFP,normal,vin_152,discharge,5,0,,,,
LFP_normal_vin_152_vin_152_discharge_6,D:\作业\论文复现\基线模型\mtad-gat-pytorch\datasets\CH-BATTERY\LFP\normal\vin_152\vin_152_discharge_6.csv,LFP/normal/vin_152/vin_152_discharge_6.csv,LFP,normal,vin_152,discharge,6,0,,,,
LFP_normal_vin_152_vin_152_discharge_7,D:\作业\论文复现\基线模型\mtad-gat-pytorch\datasets\CH-BATTERY\LFP\normal\vin_152\vin_152_discharge_7.csv,LFP/normal/vin_152/vin_152_discharge_7.csv,LFP,normal,vin_152,discharge,7,0,,,,
LFP_normal_vin_152_vin_152_discharge_8,D:\作业\论文复现\基线模型\mtad-gat-pytorch\datasets\CH-BATTERY\LFP\normal\vin_152\vin_152_discharge_8.csv,LFP/normal/vin_152/vin_152_discharge_8.csv,LFP,normal,vin_152,discharge,8,0,,,,
LFP_normal_vin_152_vin_152_discharge_9,D:\作业\论文复现\基线模型\mtad-gat-pytorch\datasets\CH-BATTERY\LFP\normal\vin_152\vin_152_discharge_9.csv,LFP/normal/vin_152/vin_152_discharge_9.csv,LFP,normal,vin_152,discharge,9,0,,,,
LFP_normal_vin_152_vin_152_discharge_10,D:\作业\论文复现\基线模型\mtad-gat-pytorch\datasets\CH-BATTERY\LFP\normal\vin_152\vin_152_discharge_10.csv,LFP/normal/vin_152/vin_152_discharge_10.csv,LFP,normal,vin_152,discharge,10,0,,,,
LFP_normal_vin_153_vin_153_discharge_1,D:\作业\论文复现\基线模型\mtad-gat-pytorch\datasets\CH-BATTERY\LFP\normal\vin_153\vin_153_discharge_1.csv,LFP/normal/vin_153/vin_153_discharge_1.csv,LFP,normal,vin_153,discharge,1,0,,,,
LFP_normal_vin_153_vin_153_discharge_2,D:\作业\论文复现\基线模型\mtad-gat-pytorch\datasets\CH-BATTERY\LFP\normal\vin_153\vin_153_discharge_2.csv,LFP/normal/vin_153/vin_153_discharge_2.csv,LFP,normal,vin_153,discharge,2,0,,,,
LFP_normal_vin_153_vin_153_discharge_3,D:\作业\论文复现\基线模型\mtad-gat-pytorch\datasets\CH-BATTERY\LFP\normal\vin_153\vin_153_discharge_3.csv,LFP/normal/vin_153/vin_153_discharge_3.csv,LFP,normal,vin_153,discharge,3,0,,,,
LFP_normal_vin_153_vin_153_discharge_4,D:\作业\论文复现\基线模型\mtad-gat-pytorch\datasets\CH-BATTERY\LFP\normal\vin_153\vin_153_discharge_4.csv,LFP/normal/vin_153/vin_153_discharge_4.csv,LFP,normal,vin_153,discharge,4,0,,,,
LFP_normal_vin_153_vin_153_discharge_5,D:\作业\论文复现\基线模型\mtad-gat-pytorch\datasets\CH-BATTERY\LFP\normal\vin_153\vin_153_discharge_5.csv,LFP/normal/vin_153/vin_153_discharge_5.csv,LFP,normal,vin_153,discharge,5,0,,,,
LFP_normal_vin_153_vin_153_discharge_6,D:\作业\论文复现\基线模型\mtad-gat-pytorch\datasets\CH-BATTERY\LFP\normal\vin_153\vin_153_discharge_6.csv,LFP/normal/vin_153/vin_153_discharge_6.csv,LFP,normal,vin_153,discharge,6,0,,,,
LFP_normal_vin_153_vin_153_discharge_7,D:\作业\论文复现\基线模型\mtad-gat-pytorch\datasets\CH-BATTERY\LFP\normal\vin_153\vin_153_discharge_7.csv,LFP/normal/vin_153/vin_153_discharge_7.csv,LFP,normal,vin_153,discharge,7,0,,,,
LFP_normal_vin_153_vin_153_discharge_8,D:\作业\论文复现\基线模型\mtad-gat-pytorch\datasets\CH-BATTERY\LFP\normal\vin_153\vin_153_discharge_8.csv,LFP/normal/vin_153/vin_153_discharge_8.csv,LFP,normal,vin_153,discharge,8,0,,,,
LFP_normal_vin_153_vin_153_discharge_9,D:\作业\论文复现\基线模型\mtad-gat-pytorch\datasets\CH-BATTERY\LFP\normal\vin_153\vin_153_discharge_9.csv,LFP/normal/vin_153/vin_153_discharge_9.csv,LFP,normal,vin_153,discharge,9,0,,,,
LFP_normal_vin_153_vin_153_discharge_10,D:\作业\论文复现\基线模型\mtad-gat-pytorch\datasets\CH-BATTERY\LFP\normal\vin_153\vin_153_discharge_10.csv,LFP/normal/vin_153/vin_153_discharge_10.csv,LFP,normal,vin_153,discharge,10,0,,,,
LFP_normal_vin_155_vin_155_discharge_1,D:\作业\论文复现\基线模型\mtad-gat-pytorch\datasets\CH-BATTERY\LFP\normal\vin_155\vin_155_discharge_1.csv,LFP/normal/vin_155/vin_155_discharge_1.csv,LFP,normal,vin_155,discharge,1,0,,,,
LFP_normal_vin_155_vin_155_discharge_2,D:\作业\论文复现\基线模型\mtad-gat-pytorch\datasets\CH-BATTERY\LFP\normal\vin_155\vin_155_discharge_2.csv,LFP/normal/vin_155/vin_155_discharge_2.csv,LFP,normal,vin_155,discharge,2,0,,,,
LFP_normal_vin_155_vin_155_discharge_3,D:\作业\论文复现\基线模型\mtad-gat-pytorch\datasets\CH-BATTERY\LFP\normal\vin_155\vin_155_discharge_3.csv,LFP/normal/vin_155/vin_155_discharge_3.csv,LFP,normal,vin_155,discharge,3,0,,,,
LFP_normal_vin_155_vin_155_discharge_4,D:\作业\论文复现\基线模型\mtad-gat-pytorch\datasets\CH-BATTERY\LFP\normal\vin_155\vin_155_discharge_4.csv,LFP/normal/vin_155/vin_155_discharge_4.csv,LFP,normal,vin_155,discharge,4,0,,,,
LFP_normal_vin_155_vin_155_discharge_5,D:\作业\论文复现\基线模型\mtad-gat-pytorch\datasets\CH-BATTERY\LFP\normal\vin_155\vin_155_discharge_5.csv,LFP/normal/vin_155/vin_155_discharge_5.csv,LFP,normal,vin_155,discharge,5,0,,,,
LFP_normal_vin_155_vin_155_discharge_6,D:\作业\论文复现\基线模型\mtad-gat-pytorch\datasets\CH-BATTERY\LFP\normal\vin_155\vin_155_discharge_6.csv,LFP/normal/vin_155/vin_155_discharge_6.csv,LFP,normal,vin_155,discharge,6,0,,,,
LFP_normal_vin_155_vin_155_discharge_7,D:\作业\论文复现\基线模型\mtad-gat-pytorch\datasets\CH-BATTERY\LFP\normal\vin_155\vin_155_discharge_7.csv,LFP/normal/vin_155/vin_155_discharge_7.csv,LFP,normal,vin_155,discharge,7,0,,,,
LFP_normal_vin_155_vin_155_discharge_8,D:\作业\论文复现\基线模型\mtad-gat-pytorch\datasets\CH-BATTERY\LFP\normal\vin_155\vin_155_discharge_8.csv,LFP/normal/vin_155/vin_155_discharge_8.csv,LFP,normal,vin_155,discharge,8,0,,,,
LFP_normal_vin_155_vin_155_discharge_9,D:\作业\论文复现\基线模型\mtad-gat-pytorch\datasets\CH-BATTERY\LFP\normal\vin_155\vin_155_discharge_9.csv,LFP/normal/vin_155/vin_155_discharge_9.csv,LFP,normal,vin_155,discharge,9,0,,,,
LFP_normal_vin_155_vin_155_discharge_10,D:\作业\论文复现\基线模型\mtad-gat-pytorch\datasets\CH-BATTERY\LFP\normal\vin_155\vin_155_discharge_10.csv,LFP/normal/vin_155/vin_155_discharge_10.csv,LFP,normal,vin_155,discharge,10,0,,,,
LFP_normal_vin_156_vin_156_discharge_1,D:\作业\论文复现\基线模型\mtad-gat-pytorch\datasets\CH-BATTERY\LFP\normal\vin_156\vin_156_discharge_1.csv,LFP/normal/vin_156/vin_156_discharge_1.csv,LFP,normal,vin_156,discharge,1,0,,,,
LFP_normal_vin_156_vin_156_discharge_2,D:\作业\论文复现\基线模型\mtad-gat-pytorch\datasets\CH-BATTERY\LFP\normal\vin_156\vin_156_discharge_2.csv,LFP/normal/vin_156/vin_156_discharge_2.csv,LFP,normal,vin_156,discharge,2,0,,,,
LFP_normal_vin_156_vin_156_discharge_3,D:\作业\论文复现\基线模型\mtad-gat-pytorch\datasets\CH-BATTERY\LFP\normal\vin_156\vin_156_discharge_3.csv,LFP/normal/vin_156/vin_156_discharge_3.csv,LFP,normal,vin_156,discharge,3,0,,,,
LFP_normal_vin_156_vin_156_discharge_4,D:\作业\论文复现\基线模型\mtad-gat-pytorch\datasets\CH-BATTERY\LFP\normal\vin_156\vin_156_discharge_4.csv,LFP/normal/vin_156/vin_156_discharge_4.csv,LFP,normal,vin_156,discharge,4,0,,,,
LFP_normal_vin_156_vin_156_discharge_5,D:\作业\论文复现\基线模型\mtad-gat-pytorch\datasets\CH-BATTERY\LFP\normal\vin_156\vin_156_discharge_5.csv,LFP/normal/vin_156/vin_156_discharge_5.csv,LFP,normal,vin_156,discharge,5,0,,,,
LFP_normal_vin_156_vin_156_discharge_6,D:\作业\论文复现\基线模型\mtad-gat-pytorch\datasets\CH-BATTERY\LFP\normal\vin_156\vin_156_discharge_6.csv,LFP/normal/vin_156/vin_156_discharge_6.csv,LFP,normal,vin_156,discharge,6,0,,,,
LFP_normal_vin_156_vin_156_discharge_7,D:\作业\论文复现\基线模型\mtad-gat-pytorch\datasets\CH-BATTERY\LFP\normal\vin_156\vin_156_discharge_7.csv,LFP/normal/vin_156/vin_156_discharge_7.csv,LFP,normal,vin_156,discharge,7,0,,,,
LFP_normal_vin_156_vin_156_discharge_8,D:\作业\论文复现\基线模型\mtad-gat-pytorch\datasets\CH-BATTERY\LFP\normal\vin_156\vin_156_discharge_8.csv,LFP/normal/vin_156/vin_156_discharge_8.csv,LFP,normal,vin_156,discharge,8,0,,,,
LFP_normal_vin_156_vin_156_discharge_9,D:\作业\论文复现\基线模型\mtad-gat-pytorch\datasets\CH-BATTERY\LFP\normal\vin_156\vin_156_discharge_9.csv,LFP/normal/vin_156/vin_156_discharge_9.csv,LFP,normal,vin_156,discharge,9,0,,,,
LFP_normal_vin_156_vin_156_discharge_10,D:\作业\论文复现\基线模型\mtad-gat-pytorch\datasets\CH-BATTERY\LFP\normal\vin_156\vin_156_discharge_10.csv,LFP/normal/vin_156/vin_156_discharge_10.csv,LFP,normal,vin_156,discharge,10,0,,,,
LFP_normal_vin_158_vin_158_discharge_1,D:\作业\论文复现\基线模型\mtad-gat-pytorch\datasets\CH-BATTERY\LFP\normal\vin_158\vin_158_discharge_1.csv,LFP/normal/vin_158/vin_158_discharge_1.csv,LFP,normal,vin_158,discharge,1,0,,,,
LFP_normal_vin_158_vin_158_discharge_2,D:\作业\论文复现\基线模型\mtad-gat-pytorch\datasets\CH-BATTERY\LFP\normal\vin_158\vin_158_discharge_2.csv,LFP/normal/vin_158/vin_158_discharge_2.csv,LFP,normal,vin_158,discharge,2,0,,,,
LFP_normal_vin_158_vin_158_discharge_3,D:\作业\论文复现\基线模型\mtad-gat-pytorch\datasets\CH-BATTERY\LFP\normal\vin_158\vin_158_discharge_3.csv,LFP/normal/vin_158/vin_158_discharge_3.csv,LFP,normal,vin_158,discharge,3,0,,,,
LFP_normal_vin_158_vin_158_discharge_4,D:\作业\论文复现\基线模型\mtad-gat-pytorch\datasets\CH-BATTERY\LFP\normal\vin_158\vin_158_discharge_4.csv,LFP/normal/vin_158/vin_158_discharge_4.csv,LFP,normal,vin_158,discharge,4,0,,,,
LFP_normal_vin_158_vin_158_discharge_5,D:\作业\论文复现\基线模型\mtad-gat-pytorch\datasets\CH-BATTERY\LFP\normal\vin_158\vin_158_discharge_5.csv,LFP/normal/vin_158/vin_158_discharge_5.csv,LFP,normal,vin_158,discharge,5,0,,,,
LFP_normal_vin_158_vin_158_discharge_6,D:\作业\论文复现\基线模型\mtad-gat-pytorch\datasets\CH-BATTERY\LFP\normal\vin_158\vin_158_discharge_6.csv,LFP/normal/vin_158/vin_158_discharge_6.csv,LFP,normal,vin_158,discharge,6,0,,,,
LFP_normal_vin_158_vin_158_discharge_7,D:\作业\论文复现\基线模型\mtad-gat-pytorch\datasets\CH-BATTERY\LFP\normal\vin_158\vin_158_discharge_7.csv,LFP/normal/vin_158/vin_158_discharge_7.csv,LFP,normal,vin_158,discharge,7,0,,,,
LFP_normal_vin_158_vin_158_discharge_8,D:\作业\论文复现\基线模型\mtad-gat-pytorch\datasets\CH-BATTERY\LFP\normal\vin_158\vin_158_discharge_8.csv,LFP/normal/vin_158/vin_158_discharge_8.csv,LFP,normal,vin_158,discharge,8,0,,,,
LFP_normal_vin_158_vin_158_discharge_9,D:\作业\论文复现\基线模型\mtad-gat-pytorch\datasets\CH-BATTERY\LFP\normal\vin_158\vin_158_discharge_9.csv,LFP/normal/vin_158/vin_158_discharge_9.csv,LFP,normal,vin_158,discharge,9,0,,,,
LFP_normal_vin_158_vin_158_discharge_10,D:\作业\论文复现\基线模型\mtad-gat-pytorch\datasets\CH-BATTERY\LFP\normal\vin_158\vin_158_discharge_10.csv,LFP/normal/vin_158/vin_158_discharge_10.csv,LFP,normal,vin_158,discharge,10,0,,,,
LFP_normal_vin_159_vin_159_discharge_1,D:\作业\论文复现\基线模型\mtad-gat-pytorch\datasets\CH-BATTERY\LFP\normal\vin_159\vin_159_discharge_1.csv,LFP/normal/vin_159/vin_159_discharge_1.csv,LFP,normal,vin_159,discharge,1,0,,,,
LFP_normal_vin_159_vin_159_discharge_2,D:\作业\论文复现\基线模型\mtad-gat-pytorch\datasets\CH-BATTERY\LFP\normal\vin_159\vin_159_discharge_2.csv,LFP/normal/vin_159/vin_159_discharge_2.csv,LFP,normal,vin_159,discharge,2,0,,,,
LFP_normal_vin_159_vin_159_discharge_3,D:\作业\论文复现\基线模型\mtad-gat-pytorch\datasets\CH-BATTERY\LFP\normal\vin_159\vin_159_discharge_3.csv,LFP/normal/vin_159/vin_159_discharge_3.csv,LFP,normal,vin_159,discharge,3,0,,,,
LFP_normal_vin_159_vin_159_discharge_4,D:\作业\论文复现\基线模型\mtad-gat-pytorch\datasets\CH-BATTERY\LFP\normal\vin_159\vin_159_discharge_4.csv,LFP/normal/vin_159/vin_159_discharge_4.csv,LFP,normal,vin_159,discharge,4,0,,,,
LFP_normal_vin_159_vin_159_discharge_5,D:\作业\论文复现\基线模型\mtad-gat-pytorch\datasets\CH-BATTERY\LFP\normal\vin_159\vin_159_discharge_5.csv,LFP/normal/vin_159/vin_159_discharge_5.csv,LFP,normal,vin_159,discharge,5,0,,,,
LFP_normal_vin_159_vin_159_discharge_6,D:\作业\论文复现\基线模型\mtad-gat-pytorch\datasets\CH-BATTERY\LFP\normal\vin_159\vin_159_discharge_6.csv,LFP/normal/vin_159/vin_159_discharge_6.csv,LFP,normal,vin_159,discharge,6,0,,,,
LFP_normal_vin_159_vin_159_discharge_7,D:\作业\论文复现\基线模型\mtad-gat-pytorch\datasets\CH-BATTERY\LFP\normal\vin_159\vin_159_discharge_7.csv,LFP/normal/vin_159/vin_159_discharge_7.csv,LFP,normal,vin_159,discharge,7,0,,,,
LFP_normal_vin_159_vin_159_discharge_8,D:\作业\论文复现\基线模型\mtad-gat-pytorch\datasets\CH-BATTERY\LFP\normal\vin_159\vin_159_discharge_8.csv,LFP/normal/vin_159/vin_159_discharge_8.csv,LFP,normal,vin_159,discharge,8,0,,,,
LFP_normal_vin_159_vin_159_discharge_9,D:\作业\论文复现\基线模型\mtad-gat-pytorch\datasets\CH-BATTERY\LFP\normal\vin_159\vin_159_discharge_9.csv,LFP/normal/vin_159/vin_159_discharge_9.csv,LFP,normal,vin_159,discharge,9,0,,,,
LFP_normal_vin_159_vin_159_discharge_10,D:\作业\论文复现\基线模型\mtad-gat-pytorch\datasets\CH-BATTERY\LFP\normal\vin_159\vin_159_discharge_10.csv,LFP/normal/vin_159/vin_159_discharge_10.csv,LFP,normal,vin_159,discharge,10,0,,,,
LFP_normal_vin_160_vin_160_discharge_1,D:\作业\论文复现\基线模型\mtad-gat-pytorch\datasets\CH-BATTERY\LFP\normal\vin_160\vin_160_discharge_1.csv,LFP/normal/vin_160/vin_160_discharge_1.csv,LFP,normal,vin_160,discharge,1,0,,,,
LFP_normal_vin_160_vin_160_discharge_2,D:\作业\论文复现\基线模型\mtad-gat-pytorch\datasets\CH-BATTERY\LFP\normal\vin_160\vin_160_discharge_2.csv,LFP/normal/vin_160/vin_160_discharge_2.csv,LFP,normal,vin_160,discharge,2,0,,,,
LFP_normal_vin_160_vin_160_discharge_3,D:\作业\论文复现\基线模型\mtad-gat-pytorch\datasets\CH-BATTERY\LFP\normal\vin_160\vin_160_discharge_3.csv,LFP/normal/vin_160/vin_160_discharge_3.csv,LFP,normal,vin_160,discharge,3,0,,,,
LFP_normal_vin_160_vin_160_discharge_4,D:\作业\论文复现\基线模型\mtad-gat-pytorch\datasets\CH-BATTERY\LFP\normal\vin_160\vin_160_discharge_4.csv,LFP/normal/vin_160/vin_160_discharge_4.csv,LFP,normal,vin_160,discharge,4,0,,,,
LFP_normal_vin_160_vin_160_discharge_5,D:\作业\论文复现\基线模型\mtad-gat-pytorch\datasets\CH-BATTERY\LFP\normal\vin_160\vin_160_discharge_5.csv,LFP/normal/vin_160/vin_160_discharge_5.csv,LFP,normal,vin_160,discharge,5,0,,,,
LFP_normal_vin_160_vin_160_discharge_6,D:\作业\论文复现\基线模型\mtad-gat-pytorch\datasets\CH-BATTERY\LFP\normal\vin_160\vin_160_discharge_6.csv,LFP/normal/vin_160/vin_160_discharge_6.csv,LFP,normal,vin_160,discharge,6,0,,,,
LFP_normal_vin_160_vin_160_discharge_7,D:\作业\论文复现\基线模型\mtad-gat-pytorch\datasets\CH-BATTERY\LFP\normal\vin_160\vin_160_discharge_7.csv,LFP/normal/vin_160/vin_160_discharge_7.csv,LFP,normal,vin_160,discharge,7,0,,,,
LFP_normal_vin_160_vin_160_discharge_8,D:\作业\论文复现\基线模型\mtad-gat-pytorch\datasets\CH-BATTERY\LFP\normal\vin_160\vin_160_discharge_8.csv,LFP/normal/vin_160/vin_160_discharge_8.csv,LFP,normal,vin_160,discharge,8,0,,,,
LFP_normal_vin_160_vin_160_discharge_9,D:\作业\论文复现\基线模型\mtad-gat-pytorch\datasets\CH-BATTERY\LFP\normal\vin_160\vin_160_discharge_9.csv,LFP/normal/vin_160/vin_160_discharge_9.csv,LFP,normal,vin_160,discharge,9,0,,,,
LFP_normal_vin_160_vin_160_discharge_10,D:\作业\论文复现\基线模型\mtad-gat-pytorch\datasets\CH-BATTERY\LFP\normal\vin_160\vin_160_discharge_10.csv,LFP/normal/vin_160/vin_160_discharge_10.csv,LFP,normal,vin_160,discharge,10,0,,,,
LFP_normal_vin_161_vin_161_discharge_1,D:\作业\论文复现\基线模型\mtad-gat-pytorch\datasets\CH-BATTERY\LFP\normal\vin_161\vin_161_discharge_1.csv,LFP/normal/vin_161/vin_161_discharge_1.csv,LFP,normal,vin_161,discharge,1,0,,,,
LFP_normal_vin_161_vin_161_discharge_2,D:\作业\论文复现\基线模型\mtad-gat-pytorch\datasets\CH-BATTERY\LFP\normal\vin_161\vin_161_discharge_2.csv,LFP/normal/vin_161/vin_161_discharge_2.csv,LFP,normal,vin_161,discharge,2,0,,,,
LFP_normal_vin_161_vin_161_discharge_3,D:\作业\论文复现\基线模型\mtad-gat-pytorch\datasets\CH-BATTERY\LFP\normal\vin_161\vin_161_discharge_3.csv,LFP/normal/vin_161/vin_161_discharge_3.csv,LFP,normal,vin_161,discharge,3,0,,,,
LFP_normal_vin_161_vin_161_discharge_4,D:\作业\论文复现\基线模型\mtad-gat-pytorch\datasets\CH-BATTERY\LFP\normal\vin_161\vin_161_discharge_4.csv,LFP/normal/vin_161/vin_161_discharge_4.csv,LFP,normal,vin_161,discharge,4,0,,,,
LFP_normal_vin_161_vin_161_discharge_5,D:\作业\论文复现\基线模型\mtad-gat-pytorch\datasets\CH-BATTERY\LFP\normal\vin_161\vin_161_discharge_5.csv,LFP/normal/vin_161/vin_161_discharge_5.csv,LFP,normal,vin_161,discharge,5,0,,,,
LFP_normal_vin_161_vin_161_discharge_6,D:\作业\论文复现\基线模型\mtad-gat-pytorch\datasets\CH-BATTERY\LFP\normal\vin_161\vin_161_discharge_6.csv,LFP/normal/vin_161/vin_161_discharge_6.csv,LFP,normal,vin_161,discharge,6,0,,,,
LFP_normal_vin_161_vin_161_discharge_7,D:\作业\论文复现\基线模型\mtad-gat-pytorch\datasets\CH-BATTERY\LFP\normal\vin_161\vin_161_discharge_7.csv,LFP/normal/vin_161/vin_161_discharge_7.csv,LFP,normal,vin_161,discharge,7,0,,,,
LFP_normal_vin_161_vin_161_discharge_8,D:\作业\论文复现\基线模型\mtad-gat-pytorch\datasets\CH-BATTERY\LFP\normal\vin_161\vin_161_discharge_8.csv,LFP/normal/vin_161/vin_161_discharge_8.csv,LFP,normal,vin_161,discharge,8,0,,,,
LFP_normal_vin_161_vin_161_discharge_9,D:\作业\论文复现\基线模型\mtad-gat-pytorch\datasets\CH-BATTERY\LFP\normal\vin_161\vin_161_discharge_9.csv,LFP/normal/vin_161/vin_161_discharge_9.csv,LFP,normal,vin_161,discharge,9,0,,,,
LFP_normal_vin_161_vin_161_discharge_10,D:\作业\论文复现\基线模型\mtad-gat-pytorch\datasets\CH-BATTERY\LFP\normal\vin_161\vin_161_discharge_10.csv,LFP/normal/vin_161/vin_161_discharge_10.csv,LFP,normal,vin_161,discharge,10,0,,,,
LFP_normal_vin_162_vin_162_discharge_1,D:\作业\论文复现\基线模型\mtad-gat-pytorch\datasets\CH-BATTERY\LFP\normal\vin_162\vin_162_discharge_1.csv,LFP/normal/vin_162/vin_162_discharge_1.csv,LFP,normal,vin_162,discharge,1,0,,,,
LFP_normal_vin_162_vin_162_discharge_2,D:\作业\论文复现\基线模型\mtad-gat-pytorch\datasets\CH-BATTERY\LFP\normal\vin_162\vin_162_discharge_2.csv,LFP/normal/vin_162/vin_162_discharge_2.csv,LFP,normal,vin_162,discharge,2,0,,,,
LFP_normal_vin_162_vin_162_discharge_3,D:\作业\论文复现\基线模型\mtad-gat-pytorch\datasets\CH-BATTERY\LFP\normal\vin_162\vin_162_discharge_3.csv,LFP/normal/vin_162/vin_162_discharge_3.csv,LFP,normal,vin_162,discharge,3,0,,,,
LFP_normal_vin_162_vin_162_discharge_4,D:\作业\论文复现\基线模型\mtad-gat-pytorch\datasets\CH-BATTERY\LFP\normal\vin_162\vin_162_discharge_4.csv,LFP/normal/vin_162/vin_162_discharge_4.csv,LFP,normal,vin_162,discharge,4,0,,,,
LFP_normal_vin_162_vin_162_discharge_5,D:\作业\论文复现\基线模型\mtad-gat-pytorch\datasets\CH-BATTERY\LFP\normal\vin_162\vin_162_discharge_5.csv,LFP/normal/vin_162/vin_162_discharge_5.csv,LFP,normal,vin_162,discharge,5,0,,,,
LFP_normal_vin_162_vin_162_discharge_6,D:\作业\论文复现\基线模型\mtad-gat-pytorch\datasets\CH-BATTERY\LFP\normal\vin_162\vin_162_discharge_6.csv,LFP/normal/vin_162/vin_162_discharge_6.csv,LFP,normal,vin_162,discharge,6,0,,,,
LFP_normal_vin_162_vin_162_discharge_7,D:\作业\论文复现\基线模型\mtad-gat-pytorch\datasets\CH-BATTERY\LFP\normal\vin_162\vin_162_discharge_7.csv,LFP/normal/vin_162/vin_162_discharge_7.csv,LFP,normal,vin_162,discharge,7,0,,,,
LFP_normal_vin_162_vin_162_discharge_8,D:\作业\论文复现\基线模型\mtad-gat-pytorch\datasets\CH-BATTERY\LFP\normal\vin_162\vin_162_discharge_8.csv,LFP/normal/vin_162/vin_162_discharge_8.csv,LFP,normal,vin_162,discharge,8,0,,,,
LFP_normal_vin_162_vin_162_discharge_9,D:\作业\论文复现\基线模型\mtad-gat-pytorch\datasets\CH-BATTERY\LFP\normal\vin_162\vin_162_discharge_9.csv,LFP/normal/vin_162/vin_162_discharge_9.csv,LFP,normal,vin_162,discharge,9,0,,,,
LFP_normal_vin_162_vin_162_discharge_10,D:\作业\论文复现\基线模型\mtad-gat-pytorch\datasets\CH-BATTERY\LFP\normal\vin_162\vin_162_discharge_10.csv,LFP/normal/vin_162/vin_162_discharge_10.csv,LFP,normal,vin_162,discharge,10,0,,,,
LFP_normal_vin_163_vin_163_discharge_1,D:\作业\论文复现\基线模型\mtad-gat-pytorch\datasets\CH-BATTERY\LFP\normal\vin_163\vin_163_discharge_1.csv,LFP/normal/vin_163/vin_163_discharge_1.csv,LFP,normal,vin_163,discharge,1,0,,,,
LFP_normal_vin_163_vin_163_discharge_2,D:\作业\论文复现\基线模型\mtad-gat-pytorch\datasets\CH-BATTERY\LFP\normal\vin_163\vin_163_discharge_2.csv,LFP/normal/vin_163/vin_163_discharge_2.csv,LFP,normal,vin_163,discharge,2,0,,,,
LFP_normal_vin_163_vin_163_discharge_3,D:\作业\论文复现\基线模型\mtad-gat-pytorch\datasets\CH-BATTERY\LFP\normal\vin_163\vin_163_discharge_3.csv,LFP/normal/vin_163/vin_163_discharge_3.csv,LFP,normal,vin_163,discharge,3,0,,,,
LFP_normal_vin_163_vin_163_discharge_4,D:\作业\论文复现\基线模型\mtad-gat-pytorch\datasets\CH-BATTERY\LFP\normal\vin_163\vin_163_discharge_4.csv,LFP/normal/vin_163/vin_163_discharge_4.csv,LFP,normal,vin_163,discharge,4,0,,,,
LFP_normal_vin_163_vin_163_discharge_5,D:\作业\论文复现\基线模型\mtad-gat-pytorch\datasets\CH-BATTERY\LFP\normal\vin_163\vin_163_discharge_5.csv,LFP/normal/vin_163/vin_163_discharge_5.csv,LFP,normal,vin_163,discharge,5,0,,,,
LFP_normal_vin_163_vin_163_discharge_6,D:\作业\论文复现\基线模型\mtad-gat-pytorch\datasets\CH-BATTERY\LFP\normal\vin_163\vin_163_discharge_6.csv,LFP/normal/vin_163/vin_163_discharge_6.csv,LFP,normal,vin_163,discharge,6,0,,,,
LFP_normal_vin_163_vin_163_discharge_7,D:\作业\论文复现\基线模型\mtad-gat-pytorch\datasets\CH-BATTERY\LFP\normal\vin_163\vin_163_discharge_7.csv,LFP/normal/vin_163/vin_163_discharge_7.csv,LFP,normal,vin_163,discharge,7,0,,,,
LFP_normal_vin_163_vin_163_discharge_8,D:\作业\论文复现\基线模型\mtad-gat-pytorch\datasets\CH-BATTERY\LFP\normal\vin_163\vin_163_discharge_8.csv,LFP/normal/vin_163/vin_163_discharge_8.csv,LFP,normal,vin_163,discharge,8,0,,,,
LFP_normal_vin_163_vin_163_discharge_9,D:\作业\论文复现\基线模型\mtad-gat-pytorch\datasets\CH-BATTERY\LFP\normal\vin_163\vin_163_discharge_9.csv,LFP/normal/vin_163/vin_163_discharge_9.csv,LFP,normal,vin_163,discharge,9,0,,,,
LFP_normal_vin_163_vin_163_discharge_10,D:\作业\论文复现\基线模型\mtad-gat-pytorch\datasets\CH-BATTERY\LFP\normal\vin_163\vin_163_discharge_10.csv,LFP/normal/vin_163/vin_163_discharge_10.csv,LFP,normal,vin_163,discharge,10,0,,,,
LFP_normal_vin_164_vin_164_discharge_1,D:\作业\论文复现\基线模型\mtad-gat-pytorch\datasets\CH-BATTERY\LFP\normal\vin_164\vin_164_discharge_1.csv,LFP/normal/vin_164/vin_164_discharge_1.csv,LFP,normal,vin_164,discharge,1,0,,,,
LFP_normal_vin_164_vin_164_discharge_2,D:\作业\论文复现\基线模型\mtad-gat-pytorch\datasets\CH-BATTERY\LFP\normal\vin_164\vin_164_discharge_2.csv,LFP/normal/vin_164/vin_164_discharge_2.csv,LFP,normal,vin_164,discharge,2,0,,,,
LFP_normal_vin_164_vin_164_discharge_3,D:\作业\论文复现\基线模型\mtad-gat-pytorch\datasets\CH-BATTERY\LFP\normal\vin_164\vin_164_discharge_3.csv,LFP/normal/vin_164/vin_164_discharge_3.csv,LFP,normal,vin_164,discharge,3,0,,,,
LFP_normal_vin_164_vin_164_discharge_4,D:\作业\论文复现\基线模型\mtad-gat-pytorch\datasets\CH-BATTERY\LFP\normal\vin_164\vin_164_discharge_4.csv,LFP/normal/vin_164/vin_164_discharge_4.csv,LFP,normal,vin_164,discharge,4,0,,,,
LFP_normal_vin_164_vin_164_discharge_5,D:\作业\论文复现\基线模型\mtad-gat-pytorch\datasets\CH-BATTERY\LFP\normal\vin_164\vin_164_discharge_5.csv,LFP/normal/vin_164/vin_164_discharge_5.csv,LFP,normal,vin_164,discharge,5,0,,,,
LFP_normal_vin_164_vin_164_discharge_6,D:\作业\论文复现\基线模型\mtad-gat-pytorch\datasets\CH-BATTERY\LFP\normal\vin_164\vin_164_discharge_6.csv,LFP/normal/vin_164/vin_164_discharge_6.csv,LFP,normal,vin_164,discharge,6,0,,,,
LFP_normal_vin_164_vin_164_discharge_7,D:\作业\论文复现\基线模型\mtad-gat-pytorch\datasets\CH-BATTERY\LFP\normal\vin_164\vin_164_discharge_7.csv,LFP/normal/vin_164/vin_164_discharge_7.csv,LFP,normal,vin_164,discharge,7,0,,,,
LFP_normal_vin_164_vin_164_discharge_8,D:\作业\论文复现\基线模型\mtad-gat-pytorch\datasets\CH-BATTERY\LFP\normal\vin_164\vin_164_discharge_8.csv,LFP/normal/vin_164/vin_164_discharge_8.csv,LFP,normal,vin_164,discharge,8,0,,,,
LFP_normal_vin_164_vin_164_discharge_9,D:\作业\论文复现\基线模型\mtad-gat-pytorch\datasets\CH-BATTERY\LFP\normal\vin_164\vin_164_discharge_9.csv,LFP/normal/vin_164/vin_164_discharge_9.csv,LFP,normal,vin_164,discharge,9,0,,,,
LFP_normal_vin_164_vin_164_discharge_10,D:\作业\论文复现\基线模型\mtad-gat-pytorch\datasets\CH-BATTERY\LFP\normal\vin_164\vin_164_discharge_10.csv,LFP/normal/vin_164/vin_164_discharge_10.csv,LFP,normal,vin_164,discharge,10,0,,,,
LFP_normal_vin_165_vin_165_discharge_1,D:\作业\论文复现\基线模型\mtad-gat-pytorch\datasets\CH-BATTERY\LFP\normal\vin_165\vin_165_discharge_1.csv,LFP/normal/vin_165/vin_165_discharge_1.csv,LFP,normal,vin_165,discharge,1,0,,,,
LFP_normal_vin_165_vin_165_discharge_2,D:\作业\论文复现\基线模型\mtad-gat-pytorch\datasets\CH-BATTERY\LFP\normal\vin_165\vin_165_discharge_2.csv,LFP/normal/vin_165/vin_165_discharge_2.csv,LFP,normal,vin_165,discharge,2,0,,,,
LFP_normal_vin_165_vin_165_discharge_3,D:\作业\论文复现\基线模型\mtad-gat-pytorch\datasets\CH-BATTERY\LFP\normal\vin_165\vin_165_discharge_3.csv,LFP/normal/vin_165/vin_165_discharge_3.csv,LFP,normal,vin_165,discharge,3,0,,,,
LFP_normal_vin_165_vin_165_discharge_4,D:\作业\论文复现\基线模型\mtad-gat-pytorch\datasets\CH-BATTERY\LFP\normal\vin_165\vin_165_discharge_4.csv,LFP/normal/vin_165/vin_165_discharge_4.csv,LFP,normal,vin_165,discharge,4,0,,,,
LFP_normal_vin_165_vin_165_discharge_5,D:\作业\论文复现\基线模型\mtad-gat-pytorch\datasets\CH-BATTERY\LFP\normal\vin_165\vin_165_discharge_5.csv,LFP/normal/vin_165/vin_165_discharge_5.csv,LFP,normal,vin_165,discharge,5,0,,,,
LFP_normal_vin_165_vin_165_discharge_6,D:\作业\论文复现\基线模型\mtad-gat-pytorch\datasets\CH-BATTERY\LFP\normal\vin_165\vin_165_discharge_6.csv,LFP/normal/vin_165/vin_165_discharge_6.csv,LFP,normal,vin_165,discharge,6,0,,,,
LFP_normal_vin_165_vin_165_discharge_7,D:\作业\论文复现\基线模型\mtad-gat-pytorch\datasets\CH-BATTERY\LFP\normal\vin_165\vin_165_discharge_7.csv,LFP/normal/vin_165/vin_165_discharge_7.csv,LFP,normal,vin_165,discharge,7,0,,,,
LFP_normal_vin_165_vin_165_discharge_8,D:\作业\论文复现\基线模型\mtad-gat-pytorch\datasets\CH-BATTERY\LFP\normal\vin_165\vin_165_discharge_8.csv,LFP/normal/vin_165/vin_165_discharge_8.csv,LFP,normal,vin_165,discharge,8,0,,,,
LFP_normal_vin_165_vin_165_discharge_9,D:\作业\论文复现\基线模型\mtad-gat-pytorch\datasets\CH-BATTERY\LFP\normal\vin_165\vin_165_discharge_9.csv,LFP/normal/vin_165/vin_165_discharge_9.csv,LFP,normal,vin_165,discharge,9,0,,,,
LFP_normal_vin_165_vin_165_discharge_10,D:\作业\论文复现\基线模型\mtad-gat-pytorch\datasets\CH-BATTERY\LFP\normal\vin_165\vin_165_discharge_10.csv,LFP/normal/vin_165/vin_165_discharge_10.csv,LFP,normal,vin_165,discharge,10,0,,,,
LFP_normal_vin_167_vin_167_discharge_1,D:\作业\论文复现\基线模型\mtad-gat-pytorch\datasets\CH-BATTERY\LFP\normal\vin_167\vin_167_discharge_1.csv,LFP/normal/vin_167/vin_167_discharge_1.csv,LFP,normal,vin_167,discharge,1,0,,,,
LFP_normal_vin_167_vin_167_discharge_2,D:\作业\论文复现\基线模型\mtad-gat-pytorch\datasets\CH-BATTERY\LFP\normal\vin_167\vin_167_discharge_2.csv,LFP/normal/vin_167/vin_167_discharge_2.csv,LFP,normal,vin_167,discharge,2,0,,,,
LFP_normal_vin_167_vin_167_discharge_3,D:\作业\论文复现\基线模型\mtad-gat-pytorch\datasets\CH-BATTERY\LFP\normal\vin_167\vin_167_discharge_3.csv,LFP/normal/vin_167/vin_167_discharge_3.csv,LFP,normal,vin_167,discharge,3,0,,,,
LFP_normal_vin_167_vin_167_discharge_4,D:\作业\论文复现\基线模型\mtad-gat-pytorch\datasets\CH-BATTERY\LFP\normal\vin_167\vin_167_discharge_4.csv,LFP/normal/vin_167/vin_167_discharge_4.csv,LFP,normal,vin_167,discharge,4,0,,,,
LFP_normal_vin_167_vin_167_discharge_5,D:\作业\论文复现\基线模型\mtad-gat-pytorch\datasets\CH-BATTERY\LFP\normal\vin_167\vin_167_discharge_5.csv,LFP/normal/vin_167/vin_167_discharge_5.csv,LFP,normal,vin_167,discharge,5,0,,,,
LFP_normal_vin_167_vin_167_discharge_6,D:\作业\论文复现\基线模型\mtad-gat-pytorch\datasets\CH-BATTERY\LFP\normal\vin_167\vin_167_discharge_6.csv,LFP/normal/vin_167/vin_167_discharge_6.csv,LFP,normal,vin_167,discharge,6,0,,,,
LFP_normal_vin_167_vin_167_discharge_7,D:\作业\论文复现\基线模型\mtad-gat-pytorch\datasets\CH-BATTERY\LFP\normal\vin_167\vin_167_discharge_7.csv,LFP/normal/vin_167/vin_167_discharge_7.csv,LFP,normal,vin_167,discharge,7,0,,,,
LFP_normal_vin_167_vin_167_discharge_8,D:\作业\论文复现\基线模型\mtad-gat-pytorch\datasets\CH-BATTERY\LFP\normal\vin_167\vin_167_discharge_8.csv,LFP/normal/vin_167/vin_167_discharge_8.csv,LFP,normal,vin_167,discharge,8,0,,,,
LFP_normal_vin_167_vin_167_discharge_9,D:\作业\论文复现\基线模型\mtad-gat-pytorch\datasets\CH-BATTERY\LFP\normal\vin_167\vin_167_discharge_9.csv,LFP/normal/vin_167/vin_167_discharge_9.csv,LFP,normal,vin_167,discharge,9,0,,,,
LFP_normal_vin_167_vin_167_discharge_10,D:\作业\论文复现\基线模型\mtad-gat-pytorch\datasets\CH-BATTERY\LFP\normal\vin_167\vin_167_discharge_10.csv,LFP/normal/vin_167/vin_167_discharge_10.csv,LFP,normal,vin_167,discharge,10,0,,,,
LFP_normal_vin_168_vin_168_discharge_1,D:\作业\论文复现\基线模型\mtad-gat-pytorch\datasets\CH-BATTERY\LFP\normal\vin_168\vin_168_discharge_1.csv,LFP/normal/vin_168/vin_168_discharge_1.csv,LFP,normal,vin_168,discharge,1,0,,,,
LFP_normal_vin_168_vin_168_discharge_2,D:\作业\论文复现\基线模型\mtad-gat-pytorch\datasets\CH-BATTERY\LFP\normal\vin_168\vin_168_discharge_2.csv,LFP/normal/vin_168/vin_168_discharge_2.csv,LFP,normal,vin_168,discharge,2,0,,,,
LFP_normal_vin_168_vin_168_discharge_3,D:\作业\论文复现\基线模型\mtad-gat-pytorch\datasets\CH-BATTERY\LFP\normal\vin_168\vin_168_discharge_3.csv,LFP/normal/vin_168/vin_168_discharge_3.csv,LFP,normal,vin_168,discharge,3,0,,,,
LFP_normal_vin_168_vin_168_discharge_4,D:\作业\论文复现\基线模型\mtad-gat-pytorch\datasets\CH-BATTERY\LFP\normal\vin_168\vin_168_discharge_4.csv,LFP/normal/vin_168/vin_168_discharge_4.csv,LFP,normal,vin_168,discharge,4,0,,,,
LFP_normal_vin_168_vin_168_discharge_5,D:\作业\论文复现\基线模型\mtad-gat-pytorch\datasets\CH-BATTERY\LFP\normal\vin_168\vin_168_discharge_5.csv,LFP/normal/vin_168/vin_168_discharge_5.csv,LFP,normal,vin_168,discharge,5,0,,,,
LFP_normal_vin_168_vin_168_discharge_6,D:\作业\论文复现\基线模型\mtad-gat-pytorch\datasets\CH-BATTERY\LFP\normal\vin_168\vin_168_discharge_6.csv,LFP/normal/vin_168/vin_168_discharge_6.csv,LFP,normal,vin_168,discharge,6,0,,,,
LFP_normal_vin_168_vin_168_discharge_7,D:\作业\论文复现\基线模型\mtad-gat-pytorch\datasets\CH-BATTERY\LFP\normal\vin_168\vin_168_discharge_7.csv,LFP/normal/vin_168/vin_168_discharge_7.csv,LFP,normal,vin_168,discharge,7,0,,,,
LFP_normal_vin_168_vin_168_discharge_8,D:\作业\论文复现\基线模型\mtad-gat-pytorch\datasets\CH-BATTERY\LFP\normal\vin_168\vin_168_discharge_8.csv,LFP/normal/vin_168/vin_168_discharge_8.csv,LFP,normal,vin_168,discharge,8,0,,,,
LFP_normal_vin_168_vin_168_discharge_9,D:\作业\论文复现\基线模型\mtad-gat-pytorch\datasets\CH-BATTERY\LFP\normal\vin_168\vin_168_discharge_9.csv,LFP/normal/vin_168/vin_168_discharge_9.csv,LFP,normal,vin_168,discharge,9,0,,,,
LFP_normal_vin_168_vin_168_discharge_10,D:\作业\论文复现\基线模型\mtad-gat-pytorch\datasets\CH-BATTERY\LFP\normal\vin_168\vin_168_discharge_10.csv,LFP/normal/vin_168/vin_168_discharge_10.csv,LFP,normal,vin_168,discharge,10,0,,,,
LFP_normal_vin_169_vin_169_discharge_1,D:\作业\论文复现\基线模型\mtad-gat-pytorch\datasets\CH-BATTERY\LFP\normal\vin_169\vin_169_discharge_1.csv,LFP/normal/vin_169/vin_169_discharge_1.csv,LFP,normal,vin_169,discharge,1,0,,,,
LFP_normal_vin_169_vin_169_discharge_2,D:\作业\论文复现\基线模型\mtad-gat-pytorch\datasets\CH-BATTERY\LFP\normal\vin_169\vin_169_discharge_2.csv,LFP/normal/vin_169/vin_169_discharge_2.csv,LFP,normal,vin_169,discharge,2,0,,,,
LFP_normal_vin_169_vin_169_discharge_3,D:\作业\论文复现\基线模型\mtad-gat-pytorch\datasets\CH-BATTERY\LFP\normal\vin_169\vin_169_discharge_3.csv,LFP/normal/vin_169/vin_169_discharge_3.csv,LFP,normal,vin_169,discharge,3,0,,,,
LFP_normal_vin_169_vin_169_discharge_4,D:\作业\论文复现\基线模型\mtad-gat-pytorch\datasets\CH-BATTERY\LFP\normal\vin_169\vin_169_discharge_4.csv,LFP/normal/vin_169/vin_169_discharge_4.csv,LFP,normal,vin_169,discharge,4,0,,,,
LFP_normal_vin_169_vin_169_discharge_5,D:\作业\论文复现\基线模型\mtad-gat-pytorch\datasets\CH-BATTERY\LFP\normal\vin_169\vin_169_discharge_5.csv,LFP/normal/vin_169/vin_169_discharge_5.csv,LFP,normal,vin_169,discharge,5,0,,,,
LFP_normal_vin_169_vin_169_discharge_6,D:\作业\论文复现\基线模型\mtad-gat-pytorch\datasets\CH-BATTERY\LFP\normal\vin_169\vin_169_discharge_6.csv,LFP/normal/vin_169/vin_169_discharge_6.csv,LFP,normal,vin_169,discharge,6,0,,,,
LFP_normal_vin_169_vin_169_discharge_7,D:\作业\论文复现\基线模型\mtad-gat-pytorch\datasets\CH-BATTERY\LFP\normal\vin_169\vin_169_discharge_7.csv,LFP/normal/vin_169/vin_169_discharge_7.csv,LFP,normal,vin_169,discharge,7,0,,,,
LFP_normal_vin_169_vin_169_discharge_8,D:\作业\论文复现\基线模型\mtad-gat-pytorch\datasets\CH-BATTERY\LFP\normal\vin_169\vin_169_discharge_8.csv,LFP/normal/vin_169/vin_169_discharge_8.csv,LFP,normal,vin_169,discharge,8,0,,,,
LFP_normal_vin_169_vin_169_discharge_9,D:\作业\论文复现\基线模型\mtad-gat-pytorch\datasets\CH-BATTERY\LFP\normal\vin_169\vin_169_discharge_9.csv,LFP/normal/vin_169/vin_169_discharge_9.csv,LFP,normal,vin_169,discharge,9,0,,,,
LFP_normal_vin_169_vin_169_discharge_10,D:\作业\论文复现\基线模型\mtad-gat-pytorch\datasets\CH-BATTERY\LFP\normal\vin_169\vin_169_discharge_10.csv,LFP/normal/vin_169/vin_169_discharge_10.csv,LFP,normal,vin_169,discharge,10,0,,,,
LFP_normal_vin_170_vin_170_discharge_1,D:\作业\论文复现\基线模型\mtad-gat-pytorch\datasets\CH-BATTERY\LFP\normal\vin_170\vin_170_discharge_1.csv,LFP/normal/vin_170/vin_170_discharge_1.csv,LFP,normal,vin_170,discharge,1,0,,,,
LFP_normal_vin_170_vin_170_discharge_2,D:\作业\论文复现\基线模型\mtad-gat-pytorch\datasets\CH-BATTERY\LFP\normal\vin_170\vin_170_discharge_2.csv,LFP/normal/vin_170/vin_170_discharge_2.csv,LFP,normal,vin_170,discharge,2,0,,,,
LFP_normal_vin_170_vin_170_discharge_3,D:\作业\论文复现\基线模型\mtad-gat-pytorch\datasets\CH-BATTERY\LFP\normal\vin_170\vin_170_discharge_3.csv,LFP/normal/vin_170/vin_170_discharge_3.csv,LFP,normal,vin_170,discharge,3,0,,,,
LFP_normal_vin_170_vin_170_discharge_4,D:\作业\论文复现\基线模型\mtad-gat-pytorch\datasets\CH-BATTERY\LFP\normal\vin_170\vin_170_discharge_4.csv,LFP/normal/vin_170/vin_170_discharge_4.csv,LFP,normal,vin_170,discharge,4,0,,,,
LFP_normal_vin_170_vin_170_discharge_5,D:\作业\论文复现\基线模型\mtad-gat-pytorch\datasets\CH-BATTERY\LFP\normal\vin_170\vin_170_discharge_5.csv,LFP/normal/vin_170/vin_170_discharge_5.csv,LFP,normal,vin_170,discharge,5,0,,,,
LFP_normal_vin_170_vin_170_discharge_6,D:\作业\论文复现\基线模型\mtad-gat-pytorch\datasets\CH-BATTERY\LFP\normal\vin_170\vin_170_discharge_6.csv,LFP/normal/vin_170/vin_170_discharge_6.csv,LFP,normal,vin_170,discharge,6,0,,,,
LFP_normal_vin_170_vin_170_discharge_7,D:\作业\论文复现\基线模型\mtad-gat-pytorch\datasets\CH-BATTERY\LFP\normal\vin_170\vin_170_discharge_7.csv,LFP/normal/vin_170/vin_170_discharge_7.csv,LFP,normal,vin_170,discharge,7,0,,,,
LFP_normal_vin_170_vin_170_discharge_8,D:\作业\论文复现\基线模型\mtad-gat-pytorch\datasets\CH-BATTERY\LFP\normal\vin_170\vin_170_discharge_8.csv,LFP/normal/vin_170/vin_170_discharge_8.csv,LFP,normal,vin_170,discharge,8,0,,,,
LFP_normal_vin_170_vin_170_discharge_9,D:\作业\论文复现\基线模型\mtad-gat-pytorch\datasets\CH-BATTERY\LFP\normal\vin_170\vin_170_discharge_9.csv,LFP/normal/vin_170/vin_170_discharge_9.csv,LFP,normal,vin_170,discharge,9,0,,,,
LFP_normal_vin_170_vin_170_discharge_10,D:\作业\论文复现\基线模型\mtad-gat-pytorch\datasets\CH-BATTERY\LFP\normal\vin_170\vin_170_discharge_10.csv,LFP/normal/vin_170/vin_170_discharge_10.csv,LFP,normal,vin_170,discharge,10,0,,,,
LFP_normal_vin_171_vin_171_discharge_1,D:\作业\论文复现\基线模型\mtad-gat-pytorch\datasets\CH-BATTERY\LFP\normal\vin_171\vin_171_discharge_1.csv,LFP/normal/vin_171/vin_171_discharge_1.csv,LFP,normal,vin_171,discharge,1,0,,,,
LFP_normal_vin_171_vin_171_discharge_2,D:\作业\论文复现\基线模型\mtad-gat-pytorch\datasets\CH-BATTERY\LFP\normal\vin_171\vin_171_discharge_2.csv,LFP/normal/vin_171/vin_171_discharge_2.csv,LFP,normal,vin_171,discharge,2,0,,,,
LFP_normal_vin_171_vin_171_discharge_3,D:\作业\论文复现\基线模型\mtad-gat-pytorch\datasets\CH-BATTERY\LFP\normal\vin_171\vin_171_discharge_3.csv,LFP/normal/vin_171/vin_171_discharge_3.csv,LFP,normal,vin_171,discharge,3,0,,,,
LFP_normal_vin_171_vin_171_discharge_4,D:\作业\论文复现\基线模型\mtad-gat-pytorch\datasets\CH-BATTERY\LFP\normal\vin_171\vin_171_discharge_4.csv,LFP/normal/vin_171/vin_171_discharge_4.csv,LFP,normal,vin_171,discharge,4,0,,,,
LFP_normal_vin_171_vin_171_discharge_5,D:\作业\论文复现\基线模型\mtad-gat-pytorch\datasets\CH-BATTERY\LFP\normal\vin_171\vin_171_discharge_5.csv,LFP/normal/vin_171/vin_171_discharge_5.csv,LFP,normal,vin_171,discharge,5,0,,,,
LFP_normal_vin_171_vin_171_discharge_6,D:\作业\论文复现\基线模型\mtad-gat-pytorch\datasets\CH-BATTERY\LFP\normal\vin_171\vin_171_discharge_6.csv,LFP/normal/vin_171/vin_171_discharge_6.csv,LFP,normal,vin_171,discharge,6,0,,,,
LFP_normal_vin_171_vin_171_discharge_7,D:\作业\论文复现\基线模型\mtad-gat-pytorch\datasets\CH-BATTERY\LFP\normal\vin_171\vin_171_discharge_7.csv,LFP/normal/vin_171/vin_171_discharge_7.csv,LFP,normal,vin_171,discharge,7,0,,,,
LFP_normal_vin_171_vin_171_discharge_8,D:\作业\论文复现\基线模型\mtad-gat-pytorch\datasets\CH-BATTERY\LFP\normal\vin_171\vin_171_discharge_8.csv,LFP/normal/vin_171/vin_171_discharge_8.csv,LFP,normal,vin_171,discharge,8,0,,,,
LFP_normal_vin_171_vin_171_discharge_9,D:\作业\论文复现\基线模型\mtad-gat-pytorch\datasets\CH-BATTERY\LFP\normal\vin_171\vin_171_discharge_9.csv,LFP/normal/vin_171/vin_171_discharge_9.csv,LFP,normal,vin_171,discharge,9,0,,,,
LFP_normal_vin_171_vin_171_discharge_10,D:\作业\论文复现\基线模型\mtad-gat-pytorch\datasets\CH-BATTERY\LFP\normal\vin_171\vin_171_discharge_10.csv,LFP/normal/vin_171/vin_171_discharge_10.csv,LFP,normal,vin_171,discharge,10,0,,,,
LFP_normal_vin_172_vin_172_discharge_1,D:\作业\论文复现\基线模型\mtad-gat-pytorch\datasets\CH-BATTERY\LFP\normal\vin_172\vin_172_discharge_1.csv,LFP/normal/vin_172/vin_172_discharge_1.csv,LFP,normal,vin_172,discharge,1,0,,,,
LFP_normal_vin_172_vin_172_discharge_2,D:\作业\论文复现\基线模型\mtad-gat-pytorch\datasets\CH-BATTERY\LFP\normal\vin_172\vin_172_discharge_2.csv,LFP/normal/vin_172/vin_172_discharge_2.csv,LFP,normal,vin_172,discharge,2,0,,,,
LFP_normal_vin_172_vin_172_discharge_3,D:\作业\论文复现\基线模型\mtad-gat-pytorch\datasets\CH-BATTERY\LFP\normal\vin_172\vin_172_discharge_3.csv,LFP/normal/vin_172/vin_172_discharge_3.csv,LFP,normal,vin_172,discharge,3,0,,,,
LFP_normal_vin_172_vin_172_discharge_4,D:\作业\论文复现\基线模型\mtad-gat-pytorch\datasets\CH-BATTERY\LFP\normal\vin_172\vin_172_discharge_4.csv,LFP/normal/vin_172/vin_172_discharge_4.csv,LFP,normal,vin_172,discharge,4,0,,,,
LFP_normal_vin_172_vin_172_discharge_5,D:\作业\论文复现\基线模型\mtad-gat-pytorch\datasets\CH-BATTERY\LFP\normal\vin_172\vin_172_discharge_5.csv,LFP/normal/vin_172/vin_172_discharge_5.csv,LFP,normal,vin_172,discharge,5,0,,,,
LFP_normal_vin_172_vin_172_discharge_6,D:\作业\论文复现\基线模型\mtad-gat-pytorch\datasets\CH-BATTERY\LFP\normal\vin_172\vin_172_discharge_6.csv,LFP/normal/vin_172/vin_172_discharge_6.csv,LFP,normal,vin_172,discharge,6,0,,,,
LFP_normal_vin_172_vin_172_discharge_7,D:\作业\论文复现\基线模型\mtad-gat-pytorch\datasets\CH-BATTERY\LFP\normal\vin_172\vin_172_discharge_7.csv,LFP/normal/vin_172/vin_172_discharge_7.csv,LFP,normal,vin_172,discharge,7,0,,,,
LFP_normal_vin_172_vin_172_discharge_8,D:\作业\论文复现\基线模型\mtad-gat-pytorch\datasets\CH-BATTERY\LFP\normal\vin_172\vin_172_discharge_8.csv,LFP/normal/vin_172/vin_172_discharge_8.csv,LFP,normal,vin_172,discharge,8,0,,,,
LFP_normal_vin_172_vin_172_discharge_9,D:\作业\论文复现\基线模型\mtad-gat-pytorch\datasets\CH-BATTERY\LFP\normal\vin_172\vin_172_discharge_9.csv,LFP/normal/vin_172/vin_172_discharge_9.csv,LFP,normal,vin_172,discharge,9,0,,,,
LFP_normal_vin_172_vin_172_discharge_10,D:\作业\论文复现\基线模型\mtad-gat-pytorch\datasets\CH-BATTERY\LFP\normal\vin_172\vin_172_discharge_10.csv,LFP/normal/vin_172/vin_172_discharge_10.csv,LFP,normal,vin_172,discharge,10,0,,,,
LFP_normal_vin_173_vin_173_discharge_1,D:\作业\论文复现\基线模型\mtad-gat-pytorch\datasets\CH-BATTERY\LFP\normal\vin_173\vin_173_discharge_1.csv,LFP/normal/vin_173/vin_173_discharge_1.csv,LFP,normal,vin_173,discharge,1,0,,,,
LFP_normal_vin_173_vin_173_discharge_2,D:\作业\论文复现\基线模型\mtad-gat-pytorch\datasets\CH-BATTERY\LFP\normal\vin_173\vin_173_discharge_2.csv,LFP/normal/vin_173/vin_173_discharge_2.csv,LFP,normal,vin_173,discharge,2,0,,,,
LFP_normal_vin_173_vin_173_discharge_3,D:\作业\论文复现\基线模型\mtad-gat-pytorch\datasets\CH-BATTERY\LFP\normal\vin_173\vin_173_discharge_3.csv,LFP/normal/vin_173/vin_173_discharge_3.csv,LFP,normal,vin_173,discharge,3,0,,,,
LFP_normal_vin_173_vin_173_discharge_4,D:\作业\论文复现\基线模型\mtad-gat-pytorch\datasets\CH-BATTERY\LFP\normal\vin_173\vin_173_discharge_4.csv,LFP/normal/vin_173/vin_173_discharge_4.csv,LFP,normal,vin_173,discharge,4,0,,,,
LFP_normal_vin_173_vin_173_discharge_5,D:\作业\论文复现\基线模型\mtad-gat-pytorch\datasets\CH-BATTERY\LFP\normal\vin_173\vin_173_discharge_5.csv,LFP/normal/vin_173/vin_173_discharge_5.csv,LFP,normal,vin_173,discharge,5,0,,,,
LFP_normal_vin_173_vin_173_discharge_6,D:\作业\论文复现\基线模型\mtad-gat-pytorch\datasets\CH-BATTERY\LFP\normal\vin_173\vin_173_discharge_6.csv,LFP/normal/vin_173/vin_173_discharge_6.csv,LFP,normal,vin_173,discharge,6,0,,,,
LFP_normal_vin_173_vin_173_discharge_7,D:\作业\论文复现\基线模型\mtad-gat-pytorch\datasets\CH-BATTERY\LFP\normal\vin_173\vin_173_discharge_7.csv,LFP/normal/vin_173/vin_173_discharge_7.csv,LFP,normal,vin_173,discharge,7,0,,,,
LFP_normal_vin_173_vin_173_discharge_8,D:\作业\论文复现\基线模型\mtad-gat-pytorch\datasets\CH-BATTERY\LFP\normal\vin_173\vin_173_discharge_8.csv,LFP/normal/vin_173/vin_173_discharge_8.csv,LFP,normal,vin_173,discharge,8,0,,,,
LFP_normal_vin_173_vin_173_discharge_9,D:\作业\论文复现\基线模型\mtad-gat-pytorch\datasets\CH-BATTERY\LFP\normal\vin_173\vin_173_discharge_9.csv,LFP/normal/vin_173/vin_173_discharge_9.csv,LFP,normal,vin_173,discharge,9,0,,,,
LFP_normal_vin_173_vin_173_discharge_10,D:\作业\论文复现\基线模型\mtad-gat-pytorch\datasets\CH-BATTERY\LFP\normal\vin_173\vin_173_discharge_10.csv,LFP/normal/vin_173/vin_173_discharge_10.csv,LFP,normal,vin_173,discharge,10,0,,,,
LFP_normal_vin_174_vin_174_discharge_1,D:\作业\论文复现\基线模型\mtad-gat-pytorch\datasets\CH-BATTERY\LFP\normal\vin_174\vin_174_discharge_1.csv,LFP/normal/vin_174/vin_174_discharge_1.csv,LFP,normal,vin_174,discharge,1,0,,,,
LFP_normal_vin_174_vin_174_discharge_2,D:\作业\论文复现\基线模型\mtad-gat-pytorch\datasets\CH-BATTERY\LFP\normal\vin_174\vin_174_discharge_2.csv,LFP/normal/vin_174/vin_174_discharge_2.csv,LFP,normal,vin_174,discharge,2,0,,,,
LFP_normal_vin_174_vin_174_discharge_3,D:\作业\论文复现\基线模型\mtad-gat-pytorch\datasets\CH-BATTERY\LFP\normal\vin_174\vin_174_discharge_3.csv,LFP/normal/vin_174/vin_174_discharge_3.csv,LFP,normal,vin_174,discharge,3,0,,,,
LFP_normal_vin_174_vin_174_discharge_4,D:\作业\论文复现\基线模型\mtad-gat-pytorch\datasets\CH-BATTERY\LFP\normal\vin_174\vin_174_discharge_4.csv,LFP/normal/vin_174/vin_174_discharge_4.csv,LFP,normal,vin_174,discharge,4,0,,,,
LFP_normal_vin_174_vin_174_discharge_5,D:\作业\论文复现\基线模型\mtad-gat-pytorch\datasets\CH-BATTERY\LFP\normal\vin_174\vin_174_discharge_5.csv,LFP/normal/vin_174/vin_174_discharge_5.csv,LFP,normal,vin_174,discharge,5,0,,,,
LFP_normal_vin_174_vin_174_discharge_6,D:\作业\论文复现\基线模型\mtad-gat-pytorch\datasets\CH-BATTERY\LFP\normal\vin_174\vin_174_discharge_6.csv,LFP/normal/vin_174/vin_174_discharge_6.csv,LFP,normal,vin_174,discharge,6,0,,,,
LFP_normal_vin_174_vin_174_discharge_7,D:\作业\论文复现\基线模型\mtad-gat-pytorch\datasets\CH-BATTERY\LFP\normal\vin_174\vin_174_discharge_7.csv,LFP/normal/vin_174/vin_174_discharge_7.csv,LFP,normal,vin_174,discharge,7,0,,,,
LFP_normal_vin_174_vin_174_discharge_8,D:\作业\论文复现\基线模型\mtad-gat-pytorch\datasets\CH-BATTERY\LFP\normal\vin_174\vin_174_discharge_8.csv,LFP/normal/vin_174/vin_174_discharge_8.csv,LFP,normal,vin_174,discharge,8,0,,,,
LFP_normal_vin_174_vin_174_discharge_9,D:\作业\论文复现\基线模型\mtad-gat-pytorch\datasets\CH-BATTERY\LFP\normal\vin_174\vin_174_discharge_9.csv,LFP/normal/vin_174/vin_174_discharge_9.csv,LFP,normal,vin_174,discharge,9,0,,,,
LFP_normal_vin_174_vin_174_discharge_10,D:\作业\论文复现\基线模型\mtad-gat-pytorch\datasets\CH-BATTERY\LFP\normal\vin_174\vin_174_discharge_10.csv,LFP/normal/vin_174/vin_174_discharge_10.csv,LFP,normal,vin_174,discharge,10,0,,,,
LFP_normal_vin_175_vin_175_discharge_1,D:\作业\论文复现\基线模型\mtad-gat-pytorch\datasets\CH-BATTERY\LFP\normal\vin_175\vin_175_discharge_1.csv,LFP/normal/vin_175/vin_175_discharge_1.csv,LFP,normal,vin_175,discharge,1,0,,,,
LFP_normal_vin_175_vin_175_discharge_2,D:\作业\论文复现\基线模型\mtad-gat-pytorch\datasets\CH-BATTERY\LFP\normal\vin_175\vin_175_discharge_2.csv,LFP/normal/vin_175/vin_175_discharge_2.csv,LFP,normal,vin_175,discharge,2,0,,,,
LFP_normal_vin_175_vin_175_discharge_3,D:\作业\论文复现\基线模型\mtad-gat-pytorch\datasets\CH-BATTERY\LFP\normal\vin_175\vin_175_discharge_3.csv,LFP/normal/vin_175/vin_175_discharge_3.csv,LFP,normal,vin_175,discharge,3,0,,,,
LFP_normal_vin_175_vin_175_discharge_4,D:\作业\论文复现\基线模型\mtad-gat-pytorch\datasets\CH-BATTERY\LFP\normal\vin_175\vin_175_discharge_4.csv,LFP/normal/vin_175/vin_175_discharge_4.csv,LFP,normal,vin_175,discharge,4,0,,,,
LFP_normal_vin_175_vin_175_discharge_5,D:\作业\论文复现\基线模型\mtad-gat-pytorch\datasets\CH-BATTERY\LFP\normal\vin_175\vin_175_discharge_5.csv,LFP/normal/vin_175/vin_175_discharge_5.csv,LFP,normal,vin_175,discharge,5,0,,,,
LFP_normal_vin_175_vin_175_discharge_6,D:\作业\论文复现\基线模型\mtad-gat-pytorch\datasets\CH-BATTERY\LFP\normal\vin_175\vin_175_discharge_6.csv,LFP/normal/vin_175/vin_175_discharge_6.csv,LFP,normal,vin_175,discharge,6,0,,,,
LFP_normal_vin_175_vin_175_discharge_7,D:\作业\论文复现\基线模型\mtad-gat-pytorch\datasets\CH-BATTERY\LFP\normal\vin_175\vin_175_discharge_7.csv,LFP/normal/vin_175/vin_175_discharge_7.csv,LFP,normal,vin_175,discharge,7,0,,,,
LFP_normal_vin_175_vin_175_discharge_8,D:\作业\论文复现\基线模型\mtad-gat-pytorch\datasets\CH-BATTERY\LFP\normal\vin_175\vin_175_discharge_8.csv,LFP/normal/vin_175/vin_175_discharge_8.csv,LFP,normal,vin_175,discharge,8,0,,,,
LFP_normal_vin_175_vin_175_discharge_9,D:\作业\论文复现\基线模型\mtad-gat-pytorch\datasets\CH-BATTERY\LFP\normal\vin_175\vin_175_discharge_9.csv,LFP/normal/vin_175/vin_175_discharge_9.csv,LFP,normal,vin_175,discharge,9,0,,,,
LFP_normal_vin_175_vin_175_discharge_10,D:\作业\论文复现\基线模型\mtad-gat-pytorch\datasets\CH-BATTERY\LFP\normal\vin_175\vin_175_discharge_10.csv,LFP/normal/vin_175/vin_175_discharge_10.csv,LFP,normal,vin_175,discharge,10,0,,,,
LFP_normal_vin_176_vin_176_discharge_1,D:\作业\论文复现\基线模型\mtad-gat-pytorch\datasets\CH-BATTERY\LFP\normal\vin_176\vin_176_discharge_1.csv,LFP/normal/vin_176/vin_176_discharge_1.csv,LFP,normal,vin_176,discharge,1,0,,,,
LFP_normal_vin_176_vin_176_discharge_2,D:\作业\论文复现\基线模型\mtad-gat-pytorch\datasets\CH-BATTERY\LFP\normal\vin_176\vin_176_discharge_2.csv,LFP/normal/vin_176/vin_176_discharge_2.csv,LFP,normal,vin_176,discharge,2,0,,,,
LFP_normal_vin_176_vin_176_discharge_3,D:\作业\论文复现\基线模型\mtad-gat-pytorch\datasets\CH-BATTERY\LFP\normal\vin_176\vin_176_discharge_3.csv,LFP/normal/vin_176/vin_176_discharge_3.csv,LFP,normal,vin_176,discharge,3,0,,,,
LFP_normal_vin_176_vin_176_discharge_4,D:\作业\论文复现\基线模型\mtad-gat-pytorch\datasets\CH-BATTERY\LFP\normal\vin_176\vin_176_discharge_4.csv,LFP/normal/vin_176/vin_176_discharge_4.csv,LFP,normal,vin_176,discharge,4,0,,,,
LFP_normal_vin_176_vin_176_discharge_5,D:\作业\论文复现\基线模型\mtad-gat-pytorch\datasets\CH-BATTERY\LFP\normal\vin_176\vin_176_discharge_5.csv,LFP/normal/vin_176/vin_176_discharge_5.csv,LFP,normal,vin_176,discharge,5,0,,,,
LFP_normal_vin_176_vin_176_discharge_6,D:\作业\论文复现\基线模型\mtad-gat-pytorch\datasets\CH-BATTERY\LFP\normal\vin_176\vin_176_discharge_6.csv,LFP/normal/vin_176/vin_176_discharge_6.csv,LFP,normal,vin_176,discharge,6,0,,,,
LFP_normal_vin_176_vin_176_discharge_7,D:\作业\论文复现\基线模型\mtad-gat-pytorch\datasets\CH-BATTERY\LFP\normal\vin_176\vin_176_discharge_7.csv,LFP/normal/vin_176/vin_176_discharge_7.csv,LFP,normal,vin_176,discharge,7,0,,,,
LFP_normal_vin_176_vin_176_discharge_8,D:\作业\论文复现\基线模型\mtad-gat-pytorch\datasets\CH-BATTERY\LFP\normal\vin_176\vin_176_discharge_8.csv,LFP/normal/vin_176/vin_176_discharge_8.csv,LFP,normal,vin_176,discharge,8,0,,,,
LFP_normal_vin_176_vin_176_discharge_9,D:\作业\论文复现\基线模型\mtad-gat-pytorch\datasets\CH-BATTERY\LFP\normal\vin_176\vin_176_discharge_9.csv,LFP/normal/vin_176/vin_176_discharge_9.csv,LFP,normal,vin_176,discharge,9,0,,,,
LFP_normal_vin_176_vin_176_discharge_10,D:\作业\论文复现\基线模型\mtad-gat-pytorch\datasets\CH-BATTERY\LFP\normal\vin_176\vin_176_discharge_10.csv,LFP/normal/vin_176/vin_176_discharge_10.csv,LFP,normal,vin_176,discharge,10,0,,,,
LFP_normal_vin_177_vin_177_discharge_1,D:\作业\论文复现\基线模型\mtad-gat-pytorch\datasets\CH-BATTERY\LFP\normal\vin_177\vin_177_discharge_1.csv,LFP/normal/vin_177/vin_177_discharge_1.csv,LFP,normal,vin_177,discharge,1,0,,,,
LFP_normal_vin_177_vin_177_discharge_2,D:\作业\论文复现\基线模型\mtad-gat-pytorch\datasets\CH-BATTERY\LFP\normal\vin_177\vin_177_discharge_2.csv,LFP/normal/vin_177/vin_177_discharge_2.csv,LFP,normal,vin_177,discharge,2,0,,,,
LFP_normal_vin_177_vin_177_discharge_3,D:\作业\论文复现\基线模型\mtad-gat-pytorch\datasets\CH-BATTERY\LFP\normal\vin_177\vin_177_discharge_3.csv,LFP/normal/vin_177/vin_177_discharge_3.csv,LFP,normal,vin_177,discharge,3,0,,,,
LFP_normal_vin_177_vin_177_discharge_4,D:\作业\论文复现\基线模型\mtad-gat-pytorch\datasets\CH-BATTERY\LFP\normal\vin_177\vin_177_discharge_4.csv,LFP/normal/vin_177/vin_177_discharge_4.csv,LFP,normal,vin_177,discharge,4,0,,,,
LFP_normal_vin_177_vin_177_discharge_5,D:\作业\论文复现\基线模型\mtad-gat-pytorch\datasets\CH-BATTERY\LFP\normal\vin_177\vin_177_discharge_5.csv,LFP/normal/vin_177/vin_177_discharge_5.csv,LFP,normal,vin_177,discharge,5,0,,,,
LFP_normal_vin_177_vin_177_discharge_6,D:\作业\论文复现\基线模型\mtad-gat-pytorch\datasets\CH-BATTERY\LFP\normal\vin_177\vin_177_discharge_6.csv,LFP/normal/vin_177/vin_177_discharge_6.csv,LFP,normal,vin_177,discharge,6,0,,,,
LFP_normal_vin_177_vin_177_discharge_7,D:\作业\论文复现\基线模型\mtad-gat-pytorch\datasets\CH-BATTERY\LFP\normal\vin_177\vin_177_discharge_7.csv,LFP/normal/vin_177/vin_177_discharge_7.csv,LFP,normal,vin_177,discharge,7,0,,,,
LFP_normal_vin_177_vin_177_discharge_8,D:\作业\论文复现\基线模型\mtad-gat-pytorch\datasets\CH-BATTERY\LFP\normal\vin_177\vin_177_discharge_8.csv,LFP/normal/vin_177/vin_177_discharge_8.csv,LFP,normal,vin_177,discharge,8,0,,,,
LFP_normal_vin_177_vin_177_discharge_9,D:\作业\论文复现\基线模型\mtad-gat-pytorch\datasets\CH-BATTERY\LFP\normal\vin_177\vin_177_discharge_9.csv,LFP/normal/vin_177/vin_177_discharge_9.csv,LFP,normal,vin_177,discharge,9,0,,,,
LFP_normal_vin_177_vin_177_discharge_10,D:\作业\论文复现\基线模型\mtad-gat-pytorch\datasets\CH-BATTERY\LFP\normal\vin_177\vin_177_discharge_10.csv,LFP/normal/vin_177/vin_177_discharge_10.csv,LFP,normal,vin_177,discharge,10,0,,,,
LFP_normal_vin_179_vin_179_discharge_1,D:\作业\论文复现\基线模型\mtad-gat-pytorch\datasets\CH-BATTERY\LFP\normal\vin_179\vin_179_discharge_1.csv,LFP/normal/vin_179/vin_179_discharge_1.csv,LFP,normal,vin_179,discharge,1,0,,,,
LFP_normal_vin_179_vin_179_discharge_2,D:\作业\论文复现\基线模型\mtad-gat-pytorch\datasets\CH-BATTERY\LFP\normal\vin_179\vin_179_discharge_2.csv,LFP/normal/vin_179/vin_179_discharge_2.csv,LFP,normal,vin_179,discharge,2,0,,,,
LFP_normal_vin_179_vin_179_discharge_3,D:\作业\论文复现\基线模型\mtad-gat-pytorch\datasets\CH-BATTERY\LFP\normal\vin_179\vin_179_discharge_3.csv,LFP/normal/vin_179/vin_179_discharge_3.csv,LFP,normal,vin_179,discharge,3,0,,,,
LFP_normal_vin_179_vin_179_discharge_4,D:\作业\论文复现\基线模型\mtad-gat-pytorch\datasets\CH-BATTERY\LFP\normal\vin_179\vin_179_discharge_4.csv,LFP/normal/vin_179/vin_179_discharge_4.csv,LFP,normal,vin_179,discharge,4,0,,,,
LFP_normal_vin_179_vin_179_discharge_5,D:\作业\论文复现\基线模型\mtad-gat-pytorch\datasets\CH-BATTERY\LFP\normal\vin_179\vin_179_discharge_5.csv,LFP/normal/vin_179/vin_179_discharge_5.csv,LFP,normal,vin_179,discharge,5,0,,,,
LFP_normal_vin_179_vin_179_discharge_6,D:\作业\论文复现\基线模型\mtad-gat-pytorch\datasets\CH-BATTERY\LFP\normal\vin_179\vin_179_discharge_6.csv,LFP/normal/vin_179/vin_179_discharge_6.csv,LFP,normal,vin_179,discharge,6,0,,,,
LFP_normal_vin_179_vin_179_discharge_7,D:\作业\论文复现\基线模型\mtad-gat-pytorch\datasets\CH-BATTERY\LFP\normal\vin_179\vin_179_discharge_7.csv,LFP/normal/vin_179/vin_179_discharge_7.csv,LFP,normal,vin_179,discharge,7,0,,,,
LFP_normal_vin_179_vin_179_discharge_8,D:\作业\论文复现\基线模型\mtad-gat-pytorch\datasets\CH-BATTERY\LFP\normal\vin_179\vin_179_discharge_8.csv,LFP/normal/vin_179/vin_179_discharge_8.csv,LFP,normal,vin_179,discharge,8,0,,,,
LFP_normal_vin_179_vin_179_discharge_9,D:\作业\论文复现\基线模型\mtad-gat-pytorch\datasets\CH-BATTERY\LFP\normal\vin_179\vin_179_discharge_9.csv,LFP/normal/vin_179/vin_179_discharge_9.csv,LFP,normal,vin_179,discharge,9,0,,,,
LFP_normal_vin_179_vin_179_discharge_10,D:\作业\论文复现\基线模型\mtad-gat-pytorch\datasets\CH-BATTERY\LFP\normal\vin_179\vin_179_discharge_10.csv,LFP/normal/vin_179/vin_179_discharge_10.csv,LFP,normal,vin_179,discharge,10,0,,,,
LFP_normal_vin_180_vin_180_discharge_1,D:\作业\论文复现\基线模型\mtad-gat-pytorch\datasets\CH-BATTERY\LFP\normal\vin_180\vin_180_discharge_1.csv,LFP/normal/vin_180/vin_180_discharge_1.csv,LFP,normal,vin_180,discharge,1,0,,,,
LFP_normal_vin_180_vin_180_discharge_2,D:\作业\论文复现\基线模型\mtad-gat-pytorch\datasets\CH-BATTERY\LFP\normal\vin_180\vin_180_discharge_2.csv,LFP/normal/vin_180/vin_180_discharge_2.csv,LFP,normal,vin_180,discharge,2,0,,,,
LFP_normal_vin_180_vin_180_discharge_3,D:\作业\论文复现\基线模型\mtad-gat-pytorch\datasets\CH-BATTERY\LFP\normal\vin_180\vin_180_discharge_3.csv,LFP/normal/vin_180/vin_180_discharge_3.csv,LFP,normal,vin_180,discharge,3,0,,,,
LFP_normal_vin_180_vin_180_discharge_4,D:\作业\论文复现\基线模型\mtad-gat-pytorch\datasets\CH-BATTERY\LFP\normal\vin_180\vin_180_discharge_4.csv,LFP/normal/vin_180/vin_180_discharge_4.csv,LFP,normal,vin_180,discharge,4,0,,,,
LFP_normal_vin_180_vin_180_discharge_5,D:\作业\论文复现\基线模型\mtad-gat-pytorch\datasets\CH-BATTERY\LFP\normal\vin_180\vin_180_discharge_5.csv,LFP/normal/vin_180/vin_180_discharge_5.csv,LFP,normal,vin_180,discharge,5,0,,,,
LFP_normal_vin_180_vin_180_discharge_6,D:\作业\论文复现\基线模型\mtad-gat-pytorch\datasets\CH-BATTERY\LFP\normal\vin_180\vin_180_discharge_6.csv,LFP/normal/vin_180/vin_180_discharge_6.csv,LFP,normal,vin_180,discharge,6,0,,,,
LFP_normal_vin_180_vin_180_discharge_7,D:\作业\论文复现\基线模型\mtad-gat-pytorch\datasets\CH-BATTERY\LFP\normal\vin_180\vin_180_discharge_7.csv,LFP/normal/vin_180/vin_180_discharge_7.csv,LFP,normal,vin_180,discharge,7,0,,,,
LFP_normal_vin_180_vin_180_discharge_8,D:\作业\论文复现\基线模型\mtad-gat-pytorch\datasets\CH-BATTERY\LFP\normal\vin_180\vin_180_discharge_8.csv,LFP/normal/vin_180/vin_180_discharge_8.csv,LFP,normal,vin_180,discharge,8,0,,,,
LFP_normal_vin_180_vin_180_discharge_9,D:\作业\论文复现\基线模型\mtad-gat-pytorch\datasets\CH-BATTERY\LFP\normal\vin_180\vin_180_discharge_9.csv,LFP/normal/vin_180/vin_180_discharge_9.csv,LFP,normal,vin_180,discharge,9,0,,,,
LFP_normal_vin_180_vin_180_discharge_10,D:\作业\论文复现\基线模型\mtad-gat-pytorch\datasets\CH-BATTERY\LFP\normal\vin_180\vin_180_discharge_10.csv,LFP/normal/vin_180/vin_180_discharge_10.csv,LFP,normal,vin_180,discharge,10,0,,,,
LFP_normal_vin_181_vin_181_discharge_1,D:\作业\论文复现\基线模型\mtad-gat-pytorch\datasets\CH-BATTERY\LFP\normal\vin_181\vin_181_discharge_1.csv,LFP/normal/vin_181/vin_181_discharge_1.csv,LFP,normal,vin_181,discharge,1,0,,,,
LFP_normal_vin_181_vin_181_discharge_2,D:\作业\论文复现\基线模型\mtad-gat-pytorch\datasets\CH-BATTERY\LFP\normal\vin_181\vin_181_discharge_2.csv,LFP/normal/vin_181/vin_181_discharge_2.csv,LFP,normal,vin_181,discharge,2,0,,,,
LFP_normal_vin_181_vin_181_discharge_3,D:\作业\论文复现\基线模型\mtad-gat-pytorch\datasets\CH-BATTERY\LFP\normal\vin_181\vin_181_discharge_3.csv,LFP/normal/vin_181/vin_181_discharge_3.csv,LFP,normal,vin_181,discharge,3,0,,,,
LFP_normal_vin_181_vin_181_discharge_4,D:\作业\论文复现\基线模型\mtad-gat-pytorch\datasets\CH-BATTERY\LFP\normal\vin_181\vin_181_discharge_4.csv,LFP/normal/vin_181/vin_181_discharge_4.csv,LFP,normal,vin_181,discharge,4,0,,,,
LFP_normal_vin_181_vin_181_discharge_5,D:\作业\论文复现\基线模型\mtad-gat-pytorch\datasets\CH-BATTERY\LFP\normal\vin_181\vin_181_discharge_5.csv,LFP/normal/vin_181/vin_181_discharge_5.csv,LFP,normal,vin_181,discharge,5,0,,,,
LFP_normal_vin_181_vin_181_discharge_6,D:\作业\论文复现\基线模型\mtad-gat-pytorch\datasets\CH-BATTERY\LFP\normal\vin_181\vin_181_discharge_6.csv,LFP/normal/vin_181/vin_181_discharge_6.csv,LFP,normal,vin_181,discharge,6,0,,,,
LFP_normal_vin_181_vin_181_discharge_7,D:\作业\论文复现\基线模型\mtad-gat-pytorch\datasets\CH-BATTERY\LFP\normal\vin_181\vin_181_discharge_7.csv,LFP/normal/vin_181/vin_181_discharge_7.csv,LFP,normal,vin_181,discharge,7,0,,,,
LFP_normal_vin_181_vin_181_discharge_8,D:\作业\论文复现\基线模型\mtad-gat-pytorch\datasets\CH-BATTERY\LFP\normal\vin_181\vin_181_discharge_8.csv,LFP/normal/vin_181/vin_181_discharge_8.csv,LFP,normal,vin_181,discharge,8,0,,,,
LFP_normal_vin_181_vin_181_discharge_9,D:\作业\论文复现\基线模型\mtad-gat-pytorch\datasets\CH-BATTERY\LFP\normal\vin_181\vin_181_discharge_9.csv,LFP/normal/vin_181/vin_181_discharge_9.csv,LFP,normal,vin_181,discharge,9,0,,,,
LFP_normal_vin_181_vin_181_discharge_10,D:\作业\论文复现\基线模型\mtad-gat-pytorch\datasets\CH-BATTERY\LFP\normal\vin_181\vin_181_discharge_10.csv,LFP/normal/vin_181/vin_181_discharge_10.csv,LFP,normal,vin_181,discharge,10,0,,,,
LFP_normal_vin_182_vin_182_discharge_1,D:\作业\论文复现\基线模型\mtad-gat-pytorch\datasets\CH-BATTERY\LFP\normal\vin_182\vin_182_discharge_1.csv,LFP/normal/vin_182/vin_182_discharge_1.csv,LFP,normal,vin_182,discharge,1,0,,,,
LFP_normal_vin_182_vin_182_discharge_2,D:\作业\论文复现\基线模型\mtad-gat-pytorch\datasets\CH-BATTERY\LFP\normal\vin_182\vin_182_discharge_2.csv,LFP/normal/vin_182/vin_182_discharge_2.csv,LFP,normal,vin_182,discharge,2,0,,,,
LFP_normal_vin_182_vin_182_discharge_3,D:\作业\论文复现\基线模型\mtad-gat-pytorch\datasets\CH-BATTERY\LFP\normal\vin_182\vin_182_discharge_3.csv,LFP/normal/vin_182/vin_182_discharge_3.csv,LFP,normal,vin_182,discharge,3,0,,,,
LFP_normal_vin_182_vin_182_discharge_4,D:\作业\论文复现\基线模型\mtad-gat-pytorch\datasets\CH-BATTERY\LFP\normal\vin_182\vin_182_discharge_4.csv,LFP/normal/vin_182/vin_182_discharge_4.csv,LFP,normal,vin_182,discharge,4,0,,,,
LFP_normal_vin_182_vin_182_discharge_5,D:\作业\论文复现\基线模型\mtad-gat-pytorch\datasets\CH-BATTERY\LFP\normal\vin_182\vin_182_discharge_5.csv,LFP/normal/vin_182/vin_182_discharge_5.csv,LFP,normal,vin_182,discharge,5,0,,,,
LFP_normal_vin_182_vin_182_discharge_6,D:\作业\论文复现\基线模型\mtad-gat-pytorch\datasets\CH-BATTERY\LFP\normal\vin_182\vin_182_discharge_6.csv,LFP/normal/vin_182/vin_182_discharge_6.csv,LFP,normal,vin_182,discharge,6,0,,,,
LFP_normal_vin_182_vin_182_discharge_7,D:\作业\论文复现\基线模型\mtad-gat-pytorch\datasets\CH-BATTERY\LFP\normal\vin_182\vin_182_discharge_7.csv,LFP/normal/vin_182/vin_182_discharge_7.csv,LFP,normal,vin_182,discharge,7,0,,,,
LFP_normal_vin_182_vin_182_discharge_8,D:\作业\论文复现\基线模型\mtad-gat-pytorch\datasets\CH-BATTERY\LFP\normal\vin_182\vin_182_discharge_8.csv,LFP/normal/vin_182/vin_182_discharge_8.csv,LFP,normal,vin_182,discharge,8,0,,,,
LFP_normal_vin_182_vin_182_discharge_9,D:\作业\论文复现\基线模型\mtad-gat-pytorch\datasets\CH-BATTERY\LFP\normal\vin_182\vin_182_discharge_9.csv,LFP/normal/vin_182/vin_182_discharge_9.csv,LFP,normal,vin_182,discharge,9,0,,,,
LFP_normal_vin_182_vin_182_discharge_10,D:\作业\论文复现\基线模型\mtad-gat-pytorch\datasets\CH-BATTERY\LFP\normal\vin_182\vin_182_discharge_10.csv,LFP/normal/vin_182/vin_182_discharge_10.csv,LFP,normal,vin_182,discharge,10,0,,,,
LFP_normal_vin_183_vin_183_discharge_1,D:\作业\论文复现\基线模型\mtad-gat-pytorch\datasets\CH-BATTERY\LFP\normal\vin_183\vin_183_discharge_1.csv,LFP/normal/vin_183/vin_183_discharge_1.csv,LFP,normal,vin_183,discharge,1,0,,,,
LFP_normal_vin_183_vin_183_discharge_2,D:\作业\论文复现\基线模型\mtad-gat-pytorch\datasets\CH-BATTERY\LFP\normal\vin_183\vin_183_discharge_2.csv,LFP/normal/vin_183/vin_183_discharge_2.csv,LFP,normal,vin_183,discharge,2,0,,,,
LFP_normal_vin_183_vin_183_discharge_3,D:\作业\论文复现\基线模型\mtad-gat-pytorch\datasets\CH-BATTERY\LFP\normal\vin_183\vin_183_discharge_3.csv,LFP/normal/vin_183/vin_183_discharge_3.csv,LFP,normal,vin_183,discharge,3,0,,,,
LFP_normal_vin_183_vin_183_discharge_4,D:\作业\论文复现\基线模型\mtad-gat-pytorch\datasets\CH-BATTERY\LFP\normal\vin_183\vin_183_discharge_4.csv,LFP/normal/vin_183/vin_183_discharge_4.csv,LFP,normal,vin_183,discharge,4,0,,,,
LFP_normal_vin_183_vin_183_discharge_5,D:\作业\论文复现\基线模型\mtad-gat-pytorch\datasets\CH-BATTERY\LFP\normal\vin_183\vin_183_discharge_5.csv,LFP/normal/vin_183/vin_183_discharge_5.csv,LFP,normal,vin_183,discharge,5,0,,,,
LFP_normal_vin_183_vin_183_discharge_6,D:\作业\论文复现\基线模型\mtad-gat-pytorch\datasets\CH-BATTERY\LFP\normal\vin_183\vin_183_discharge_6.csv,LFP/normal/vin_183/vin_183_discharge_6.csv,LFP,normal,vin_183,discharge,6,0,,,,
LFP_normal_vin_183_vin_183_discharge_7,D:\作业\论文复现\基线模型\mtad-gat-pytorch\datasets\CH-BATTERY\LFP\normal\vin_183\vin_183_discharge_7.csv,LFP/normal/vin_183/vin_183_discharge_7.csv,LFP,normal,vin_183,discharge,7,0,,,,
LFP_normal_vin_183_vin_183_discharge_8,D:\作业\论文复现\基线模型\mtad-gat-pytorch\datasets\CH-BATTERY\LFP\normal\vin_183\vin_183_discharge_8.csv,LFP/normal/vin_183/vin_183_discharge_8.csv,LFP,normal,vin_183,discharge,8,0,,,,
LFP_normal_vin_183_vin_183_discharge_9,D:\作业\论文复现\基线模型\mtad-gat-pytorch\datasets\CH-BATTERY\LFP\normal\vin_183\vin_183_discharge_9.csv,LFP/normal/vin_183/vin_183_discharge_9.csv,LFP,normal,vin_183,discharge,9,0,,,,
LFP_normal_vin_183_vin_183_discharge_10,D:\作业\论文复现\基线模型\mtad-gat-pytorch\datasets\CH-BATTERY\LFP\normal\vin_183\vin_183_discharge_10.csv,LFP/normal/vin_183/vin_183_discharge_10.csv,LFP,normal,vin_183,discharge,10,0,,,,
LFP_normal_vin_185_vin_185_discharge_1,D:\作业\论文复现\基线模型\mtad-gat-pytorch\datasets\CH-BATTERY\LFP\normal\vin_185\vin_185_discharge_1.csv,LFP/normal/vin_185/vin_185_discharge_1.csv,LFP,normal,vin_185,discharge,1,0,,,,
LFP_normal_vin_185_vin_185_discharge_2,D:\作业\论文复现\基线模型\mtad-gat-pytorch\datasets\CH-BATTERY\LFP\normal\vin_185\vin_185_discharge_2.csv,LFP/normal/vin_185/vin_185_discharge_2.csv,LFP,normal,vin_185,discharge,2,0,,,,
LFP_normal_vin_185_vin_185_discharge_3,D:\作业\论文复现\基线模型\mtad-gat-pytorch\datasets\CH-BATTERY\LFP\normal\vin_185\vin_185_discharge_3.csv,LFP/normal/vin_185/vin_185_discharge_3.csv,LFP,normal,vin_185,discharge,3,0,,,,
LFP_normal_vin_185_vin_185_discharge_4,D:\作业\论文复现\基线模型\mtad-gat-pytorch\datasets\CH-BATTERY\LFP\normal\vin_185\vin_185_discharge_4.csv,LFP/normal/vin_185/vin_185_discharge_4.csv,LFP,normal,vin_185,discharge,4,0,,,,
LFP_normal_vin_185_vin_185_discharge_5,D:\作业\论文复现\基线模型\mtad-gat-pytorch\datasets\CH-BATTERY\LFP\normal\vin_185\vin_185_discharge_5.csv,LFP/normal/vin_185/vin_185_discharge_5.csv,LFP,normal,vin_185,discharge,5,0,,,,
LFP_normal_vin_185_vin_185_discharge_6,D:\作业\论文复现\基线模型\mtad-gat-pytorch\datasets\CH-BATTERY\LFP\normal\vin_185\vin_185_discharge_6.csv,LFP/normal/vin_185/vin_185_discharge_6.csv,LFP,normal,vin_185,discharge,6,0,,,,
LFP_normal_vin_185_vin_185_discharge_7,D:\作业\论文复现\基线模型\mtad-gat-pytorch\datasets\CH-BATTERY\LFP\normal\vin_185\vin_185_discharge_7.csv,LFP/normal/vin_185/vin_185_discharge_7.csv,LFP,normal,vin_185,discharge,7,0,,,,
LFP_normal_vin_185_vin_185_discharge_8,D:\作业\论文复现\基线模型\mtad-gat-pytorch\datasets\CH-BATTERY\LFP\normal\vin_185\vin_185_discharge_8.csv,LFP/normal/vin_185/vin_185_discharge_8.csv,LFP,normal,vin_185,discharge,8,0,,,,
LFP_normal_vin_185_vin_185_discharge_9,D:\作业\论文复现\基线模型\mtad-gat-pytorch\datasets\CH-BATTERY\LFP\normal\vin_185\vin_185_discharge_9.csv,LFP/normal/vin_185/vin_185_discharge_9.csv,LFP,normal,vin_185,discharge,9,0,,,,
LFP_normal_vin_185_vin_185_discharge_10,D:\作业\论文复现\基线模型\mtad-gat-pytorch\datasets\CH-BATTERY\LFP\normal\vin_185\vin_185_discharge_10.csv,LFP/normal/vin_185/vin_185_discharge_10.csv,LFP,normal,vin_185,discharge,10,0,,,,
LFP_normal_vin_186_vin_186_discharge_1,D:\作业\论文复现\基线模型\mtad-gat-pytorch\datasets\CH-BATTERY\LFP\normal\vin_186\vin_186_discharge_1.csv,LFP/normal/vin_186/vin_186_discharge_1.csv,LFP,normal,vin_186,discharge,1,0,,,,
LFP_normal_vin_186_vin_186_discharge_2,D:\作业\论文复现\基线模型\mtad-gat-pytorch\datasets\CH-BATTERY\LFP\normal\vin_186\vin_186_discharge_2.csv,LFP/normal/vin_186/vin_186_discharge_2.csv,LFP,normal,vin_186,discharge,2,0,,,,
LFP_normal_vin_186_vin_186_discharge_3,D:\作业\论文复现\基线模型\mtad-gat-pytorch\datasets\CH-BATTERY\LFP\normal\vin_186\vin_186_discharge_3.csv,LFP/normal/vin_186/vin_186_discharge_3.csv,LFP,normal,vin_186,discharge,3,0,,,,
LFP_normal_vin_186_vin_186_discharge_4,D:\作业\论文复现\基线模型\mtad-gat-pytorch\datasets\CH-BATTERY\LFP\normal\vin_186\vin_186_discharge_4.csv,LFP/normal/vin_186/vin_186_discharge_4.csv,LFP,normal,vin_186,discharge,4,0,,,,
LFP_normal_vin_186_vin_186_discharge_5,D:\作业\论文复现\基线模型\mtad-gat-pytorch\datasets\CH-BATTERY\LFP\normal\vin_186\vin_186_discharge_5.csv,LFP/normal/vin_186/vin_186_discharge_5.csv,LFP,normal,vin_186,discharge,5,0,,,,
LFP_normal_vin_186_vin_186_discharge_6,D:\作业\论文复现\基线模型\mtad-gat-pytorch\datasets\CH-BATTERY\LFP\normal\vin_186\vin_186_discharge_6.csv,LFP/normal/vin_186/vin_186_discharge_6.csv,LFP,normal,vin_186,discharge,6,0,,,,
LFP_normal_vin_186_vin_186_discharge_7,D:\作业\论文复现\基线模型\mtad-gat-pytorch\datasets\CH-BATTERY\LFP\normal\vin_186\vin_186_discharge_7.csv,LFP/normal/vin_186/vin_186_discharge_7.csv,LFP,normal,vin_186,discharge,7,0,,,,
LFP_normal_vin_186_vin_186_discharge_8,D:\作业\论文复现\基线模型\mtad-gat-pytorch\datasets\CH-BATTERY\LFP\normal\vin_186\vin_186_discharge_8.csv,LFP/normal/vin_186/vin_186_discharge_8.csv,LFP,normal,vin_186,discharge,8,0,,,,
LFP_normal_vin_186_vin_186_discharge_9,D:\作业\论文复现\基线模型\mtad-gat-pytorch\datasets\CH-BATTERY\LFP\normal\vin_186\vin_186_discharge_9.csv,LFP/normal/vin_186/vin_186_discharge_9.csv,LFP,normal,vin_186,discharge,9,0,,,,
LFP_normal_vin_186_vin_186_discharge_10,D:\作业\论文复现\基线模型\mtad-gat-pytorch\datasets\CH-BATTERY\LFP\normal\vin_186\vin_186_discharge_10.csv,LFP/normal/vin_186/vin_186_discharge_10.csv,LFP,normal,vin_186,discharge,10,0,,,,
LFP_normal_vin_187_vin_187_discharge_1,D:\作业\论文复现\基线模型\mtad-gat-pytorch\datasets\CH-BATTERY\LFP\normal\vin_187\vin_187_discharge_1.csv,LFP/normal/vin_187/vin_187_discharge_1.csv,LFP,normal,vin_187,discharge,1,0,,,,
LFP_normal_vin_187_vin_187_discharge_2,D:\作业\论文复现\基线模型\mtad-gat-pytorch\datasets\CH-BATTERY\LFP\normal\vin_187\vin_187_discharge_2.csv,LFP/normal/vin_187/vin_187_discharge_2.csv,LFP,normal,vin_187,discharge,2,0,,,,
LFP_normal_vin_187_vin_187_discharge_3,D:\作业\论文复现\基线模型\mtad-gat-pytorch\datasets\CH-BATTERY\LFP\normal\vin_187\vin_187_discharge_3.csv,LFP/normal/vin_187/vin_187_discharge_3.csv,LFP,normal,vin_187,discharge,3,0,,,,
LFP_normal_vin_187_vin_187_discharge_4,D:\作业\论文复现\基线模型\mtad-gat-pytorch\datasets\CH-BATTERY\LFP\normal\vin_187\vin_187_discharge_4.csv,LFP/normal/vin_187/vin_187_discharge_4.csv,LFP,normal,vin_187,discharge,4,0,,,,
LFP_normal_vin_187_vin_187_discharge_5,D:\作业\论文复现\基线模型\mtad-gat-pytorch\datasets\CH-BATTERY\LFP\normal\vin_187\vin_187_discharge_5.csv,LFP/normal/vin_187/vin_187_discharge_5.csv,LFP,normal,vin_187,discharge,5,0,,,,
LFP_normal_vin_187_vin_187_discharge_6,D:\作业\论文复现\基线模型\mtad-gat-pytorch\datasets\CH-BATTERY\LFP\normal\vin_187\vin_187_discharge_6.csv,LFP/normal/vin_187/vin_187_discharge_6.csv,LFP,normal,vin_187,discharge,6,0,,,,
LFP_normal_vin_187_vin_187_discharge_7,D:\作业\论文复现\基线模型\mtad-gat-pytorch\datasets\CH-BATTERY\LFP\normal\vin_187\vin_187_discharge_7.csv,LFP/normal/vin_187/vin_187_discharge_7.csv,LFP,normal,vin_187,discharge,7,0,,,,
LFP_normal_vin_187_vin_187_discharge_8,D:\作业\论文复现\基线模型\mtad-gat-pytorch\datasets\CH-BATTERY\LFP\normal\vin_187\vin_187_discharge_8.csv,LFP/normal/vin_187/vin_187_discharge_8.csv,LFP,normal,vin_187,discharge,8,0,,,,
LFP_normal_vin_187_vin_187_discharge_9,D:\作业\论文复现\基线模型\mtad-gat-pytorch\datasets\CH-BATTERY\LFP\normal\vin_187\vin_187_discharge_9.csv,LFP/normal/vin_187/vin_187_discharge_9.csv,LFP,normal,vin_187,discharge,9,0,,,,
LFP_normal_vin_187_vin_187_discharge_10,D:\作业\论文复现\基线模型\mtad-gat-pytorch\datasets\CH-BATTERY\LFP\normal\vin_187\vin_187_discharge_10.csv,LFP/normal/vin_187/vin_187_discharge_10.csv,LFP,normal,vin_187,discharge,10,0,,,,
LFP_normal_vin_188_vin_188_discharge_1,D:\作业\论文复现\基线模型\mtad-gat-pytorch\datasets\CH-BATTERY\LFP\normal\vin_188\vin_188_discharge_1.csv,LFP/normal/vin_188/vin_188_discharge_1.csv,LFP,normal,vin_188,discharge,1,0,,,,
LFP_normal_vin_188_vin_188_discharge_2,D:\作业\论文复现\基线模型\mtad-gat-pytorch\datasets\CH-BATTERY\LFP\normal\vin_188\vin_188_discharge_2.csv,LFP/normal/vin_188/vin_188_discharge_2.csv,LFP,normal,vin_188,discharge,2,0,,,,
LFP_normal_vin_188_vin_188_discharge_3,D:\作业\论文复现\基线模型\mtad-gat-pytorch\datasets\CH-BATTERY\LFP\normal\vin_188\vin_188_discharge_3.csv,LFP/normal/vin_188/vin_188_discharge_3.csv,LFP,normal,vin_188,discharge,3,0,,,,
LFP_normal_vin_188_vin_188_discharge_4,D:\作业\论文复现\基线模型\mtad-gat-pytorch\datasets\CH-BATTERY\LFP\normal\vin_188\vin_188_discharge_4.csv,LFP/normal/vin_188/vin_188_discharge_4.csv,LFP,normal,vin_188,discharge,4,0,,,,
LFP_normal_vin_188_vin_188_discharge_5,D:\作业\论文复现\基线模型\mtad-gat-pytorch\datasets\CH-BATTERY\LFP\normal\vin_188\vin_188_discharge_5.csv,LFP/normal/vin_188/vin_188_discharge_5.csv,LFP,normal,vin_188,discharge,5,0,,,,
LFP_normal_vin_188_vin_188_discharge_6,D:\作业\论文复现\基线模型\mtad-gat-pytorch\datasets\CH-BATTERY\LFP\normal\vin_188\vin_188_discharge_6.csv,LFP/normal/vin_188/vin_188_discharge_6.csv,LFP,normal,vin_188,discharge,6,0,,,,
LFP_normal_vin_188_vin_188_discharge_7,D:\作业\论文复现\基线模型\mtad-gat-pytorch\datasets\CH-BATTERY\LFP\normal\vin_188\vin_188_discharge_7.csv,LFP/normal/vin_188/vin_188_discharge_7.csv,LFP,normal,vin_188,discharge,7,0,,,,
LFP_normal_vin_188_vin_188_discharge_8,D:\作业\论文复现\基线模型\mtad-gat-pytorch\datasets\CH-BATTERY\LFP\normal\vin_188\vin_188_discharge_8.csv,LFP/normal/vin_188/vin_188_discharge_8.csv,LFP,normal,vin_188,discharge,8,0,,,,
LFP_normal_vin_188_vin_188_discharge_9,D:\作业\论文复现\基线模型\mtad-gat-pytorch\datasets\CH-BATTERY\LFP\normal\vin_188\vin_188_discharge_9.csv,LFP/normal/vin_188/vin_188_discharge_9.csv,LFP,normal,vin_188,discharge,9,0,,,,
LFP_normal_vin_188_vin_188_discharge_10,D:\作业\论文复现\基线模型\mtad-gat-pytorch\datasets\CH-BATTERY\LFP\normal\vin_188\vin_188_discharge_10.csv,LFP/normal/vin_188/vin_188_discharge_10.csv,LFP,normal,vin_188,discharge,10,0,,,,
LFP_normal_vin_190_vin_190_discharge_1,D:\作业\论文复现\基线模型\mtad-gat-pytorch\datasets\CH-BATTERY\LFP\normal\vin_190\vin_190_discharge_1.csv,LFP/normal/vin_190/vin_190_discharge_1.csv,LFP,normal,vin_190,discharge,1,0,,,,
LFP_normal_vin_190_vin_190_discharge_2,D:\作业\论文复现\基线模型\mtad-gat-pytorch\datasets\CH-BATTERY\LFP\normal\vin_190\vin_190_discharge_2.csv,LFP/normal/vin_190/vin_190_discharge_2.csv,LFP,normal,vin_190,discharge,2,0,,,,
LFP_normal_vin_190_vin_190_discharge_3,D:\作业\论文复现\基线模型\mtad-gat-pytorch\datasets\CH-BATTERY\LFP\normal\vin_190\vin_190_discharge_3.csv,LFP/normal/vin_190/vin_190_discharge_3.csv,LFP,normal,vin_190,discharge,3,0,,,,
LFP_normal_vin_190_vin_190_discharge_4,D:\作业\论文复现\基线模型\mtad-gat-pytorch\datasets\CH-BATTERY\LFP\normal\vin_190\vin_190_discharge_4.csv,LFP/normal/vin_190/vin_190_discharge_4.csv,LFP,normal,vin_190,discharge,4,0,,,,
LFP_normal_vin_190_vin_190_discharge_5,D:\作业\论文复现\基线模型\mtad-gat-pytorch\datasets\CH-BATTERY\LFP\normal\vin_190\vin_190_discharge_5.csv,LFP/normal/vin_190/vin_190_discharge_5.csv,LFP,normal,vin_190,discharge,5,0,,,,
LFP_normal_vin_190_vin_190_discharge_6,D:\作业\论文复现\基线模型\mtad-gat-pytorch\datasets\CH-BATTERY\LFP\normal\vin_190\vin_190_discharge_6.csv,LFP/normal/vin_190/vin_190_discharge_6.csv,LFP,normal,vin_190,discharge,6,0,,,,
LFP_normal_vin_190_vin_190_discharge_7,D:\作业\论文复现\基线模型\mtad-gat-pytorch\datasets\CH-BATTERY\LFP\normal\vin_190\vin_190_discharge_7.csv,LFP/normal/vin_190/vin_190_discharge_7.csv,LFP,normal,vin_190,discharge,7,0,,,,
LFP_normal_vin_190_vin_190_discharge_8,D:\作业\论文复现\基线模型\mtad-gat-pytorch\datasets\CH-BATTERY\LFP\normal\vin_190\vin_190_discharge_8.csv,LFP/normal/vin_190/vin_190_discharge_8.csv,LFP,normal,vin_190,discharge,8,0,,,,
LFP_normal_vin_190_vin_190_discharge_9,D:\作业\论文复现\基线模型\mtad-gat-pytorch\datasets\CH-BATTERY\LFP\normal\vin_190\vin_190_discharge_9.csv,LFP/normal/vin_190/vin_190_discharge_9.csv,LFP,normal,vin_190,discharge,9,0,,,,
LFP_normal_vin_190_vin_190_discharge_10,D:\作业\论文复现\基线模型\mtad-gat-pytorch\datasets\CH-BATTERY\LFP\normal\vin_190\vin_190_discharge_10.csv,LFP/normal/vin_190/vin_190_discharge_10.csv,LFP,normal,vin_190,discharge,10,0,,,,
LFP_normal_vin_191_vin_191_discharge_1,D:\作业\论文复现\基线模型\mtad-gat-pytorch\datasets\CH-BATTERY\LFP\normal\vin_191\vin_191_discharge_1.csv,LFP/normal/vin_191/vin_191_discharge_1.csv,LFP,normal,vin_191,discharge,1,0,,,,
LFP_normal_vin_191_vin_191_discharge_2,D:\作业\论文复现\基线模型\mtad-gat-pytorch\datasets\CH-BATTERY\LFP\normal\vin_191\vin_191_discharge_2.csv,LFP/normal/vin_191/vin_191_discharge_2.csv,LFP,normal,vin_191,discharge,2,0,,,,
LFP_normal_vin_191_vin_191_discharge_3,D:\作业\论文复现\基线模型\mtad-gat-pytorch\datasets\CH-BATTERY\LFP\normal\vin_191\vin_191_discharge_3.csv,LFP/normal/vin_191/vin_191_discharge_3.csv,LFP,normal,vin_191,discharge,3,0,,,,
LFP_normal_vin_191_vin_191_discharge_4,D:\作业\论文复现\基线模型\mtad-gat-pytorch\datasets\CH-BATTERY\LFP\normal\vin_191\vin_191_discharge_4.csv,LFP/normal/vin_191/vin_191_discharge_4.csv,LFP,normal,vin_191,discharge,4,0,,,,
LFP_normal_vin_191_vin_191_discharge_5,D:\作业\论文复现\基线模型\mtad-gat-pytorch\datasets\CH-BATTERY\LFP\normal\vin_191\vin_191_discharge_5.csv,LFP/normal/vin_191/vin_191_discharge_5.csv,LFP,normal,vin_191,discharge,5,0,,,,
LFP_normal_vin_191_vin_191_discharge_6,D:\作业\论文复现\基线模型\mtad-gat-pytorch\datasets\CH-BATTERY\LFP\normal\vin_191\vin_191_discharge_6.csv,LFP/normal/vin_191/vin_191_discharge_6.csv,LFP,normal,vin_191,discharge,6,0,,,,
LFP_normal_vin_191_vin_191_discharge_7,D:\作业\论文复现\基线模型\mtad-gat-pytorch\datasets\CH-BATTERY\LFP\normal\vin_191\vin_191_discharge_7.csv,LFP/normal/vin_191/vin_191_discharge_7.csv,LFP,normal,vin_191,discharge,7,0,,,,
LFP_normal_vin_191_vin_191_discharge_8,D:\作业\论文复现\基线模型\mtad-gat-pytorch\datasets\CH-BATTERY\LFP\normal\vin_191\vin_191_discharge_8.csv,LFP/normal/vin_191/vin_191_discharge_8.csv,LFP,normal,vin_191,discharge,8,0,,,,
LFP_normal_vin_191_vin_191_discharge_9,D:\作业\论文复现\基线模型\mtad-gat-pytorch\datasets\CH-BATTERY\LFP\normal\vin_191\vin_191_discharge_9.csv,LFP/normal/vin_191/vin_191_discharge_9.csv,LFP,normal,vin_191,discharge,9,0,,,,
LFP_normal_vin_191_vin_191_discharge_10,D:\作业\论文复现\基线模型\mtad-gat-pytorch\datasets\CH-BATTERY\LFP\normal\vin_191\vin_191_discharge_10.csv,LFP/normal/vin_191/vin_191_discharge_10.csv,LFP,normal,vin_191,discharge,10,0,,,,
LFP_normal_vin_192_vin_192_discharge_1,D:\作业\论文复现\基线模型\mtad-gat-pytorch\datasets\CH-BATTERY\LFP\normal\vin_192\vin_192_discharge_1.csv,LFP/normal/vin_192/vin_192_discharge_1.csv,LFP,normal,vin_192,discharge,1,0,,,,
LFP_normal_vin_192_vin_192_discharge_2,D:\作业\论文复现\基线模型\mtad-gat-pytorch\datasets\CH-BATTERY\LFP\normal\vin_192\vin_192_discharge_2.csv,LFP/normal/vin_192/vin_192_discharge_2.csv,LFP,normal,vin_192,discharge,2,0,,,,
LFP_normal_vin_192_vin_192_discharge_3,D:\作业\论文复现\基线模型\mtad-gat-pytorch\datasets\CH-BATTERY\LFP\normal\vin_192\vin_192_discharge_3.csv,LFP/normal/vin_192/vin_192_discharge_3.csv,LFP,normal,vin_192,discharge,3,0,,,,
LFP_normal_vin_192_vin_192_discharge_4,D:\作业\论文复现\基线模型\mtad-gat-pytorch\datasets\CH-BATTERY\LFP\normal\vin_192\vin_192_discharge_4.csv,LFP/normal/vin_192/vin_192_discharge_4.csv,LFP,normal,vin_192,discharge,4,0,,,,
LFP_normal_vin_192_vin_192_discharge_5,D:\作业\论文复现\基线模型\mtad-gat-pytorch\datasets\CH-BATTERY\LFP\normal\vin_192\vin_192_discharge_5.csv,LFP/normal/vin_192/vin_192_discharge_5.csv,LFP,normal,vin_192,discharge,5,0,,,,
LFP_normal_vin_192_vin_192_discharge_6,D:\作业\论文复现\基线模型\mtad-gat-pytorch\datasets\CH-BATTERY\LFP\normal\vin_192\vin_192_discharge_6.csv,LFP/normal/vin_192/vin_192_discharge_6.csv,LFP,normal,vin_192,discharge,6,0,,,,
LFP_normal_vin_192_vin_192_discharge_7,D:\作业\论文复现\基线模型\mtad-gat-pytorch\datasets\CH-BATTERY\LFP\normal\vin_192\vin_192_discharge_7.csv,LFP/normal/vin_192/vin_192_discharge_7.csv,LFP,normal,vin_192,discharge,7,0,,,,
LFP_normal_vin_192_vin_192_discharge_8,D:\作业\论文复现\基线模型\mtad-gat-pytorch\datasets\CH-BATTERY\LFP\normal\vin_192\vin_192_discharge_8.csv,LFP/normal/vin_192/vin_192_discharge_8.csv,LFP,normal,vin_192,discharge,8,0,,,,
LFP_normal_vin_192_vin_192_discharge_9,D:\作业\论文复现\基线模型\mtad-gat-pytorch\datasets\CH-BATTERY\LFP\normal\vin_192\vin_192_discharge_9.csv,LFP/normal/vin_192/vin_192_discharge_9.csv,LFP,normal,vin_192,discharge,9,0,,,,
LFP_normal_vin_192_vin_192_discharge_10,D:\作业\论文复现\基线模型\mtad-gat-pytorch\datasets\CH-BATTERY\LFP\normal\vin_192\vin_192_discharge_10.csv,LFP/normal/vin_192/vin_192_discharge_10.csv,LFP,normal,vin_192,discharge,10,0,,,,
LFP_normal_vin_193_vin_193_discharge_1,D:\作业\论文复现\基线模型\mtad-gat-pytorch\datasets\CH-BATTERY\LFP\normal\vin_193\vin_193_discharge_1.csv,LFP/normal/vin_193/vin_193_discharge_1.csv,LFP,normal,vin_193,discharge,1,0,,,,
LFP_normal_vin_193_vin_193_discharge_2,D:\作业\论文复现\基线模型\mtad-gat-pytorch\datasets\CH-BATTERY\LFP\normal\vin_193\vin_193_discharge_2.csv,LFP/normal/vin_193/vin_193_discharge_2.csv,LFP,normal,vin_193,discharge,2,0,,,,
LFP_normal_vin_193_vin_193_discharge_3,D:\作业\论文复现\基线模型\mtad-gat-pytorch\datasets\CH-BATTERY\LFP\normal\vin_193\vin_193_discharge_3.csv,LFP/normal/vin_193/vin_193_discharge_3.csv,LFP,normal,vin_193,discharge,3,0,,,,
LFP_normal_vin_193_vin_193_discharge_4,D:\作业\论文复现\基线模型\mtad-gat-pytorch\datasets\CH-BATTERY\LFP\normal\vin_193\vin_193_discharge_4.csv,LFP/normal/vin_193/vin_193_discharge_4.csv,LFP,normal,vin_193,discharge,4,0,,,,
LFP_normal_vin_193_vin_193_discharge_5,D:\作业\论文复现\基线模型\mtad-gat-pytorch\datasets\CH-BATTERY\LFP\normal\vin_193\vin_193_discharge_5.csv,LFP/normal/vin_193/vin_193_discharge_5.csv,LFP,normal,vin_193,discharge,5,0,,,,
LFP_normal_vin_193_vin_193_discharge_6,D:\作业\论文复现\基线模型\mtad-gat-pytorch\datasets\CH-BATTERY\LFP\normal\vin_193\vin_193_discharge_6.csv,LFP/normal/vin_193/vin_193_discharge_6.csv,LFP,normal,vin_193,discharge,6,0,,,,
LFP_normal_vin_193_vin_193_discharge_7,D:\作业\论文复现\基线模型\mtad-gat-pytorch\datasets\CH-BATTERY\LFP\normal\vin_193\vin_193_discharge_7.csv,LFP/normal/vin_193/vin_193_discharge_7.csv,LFP,normal,vin_193,discharge,7,0,,,,
LFP_normal_vin_193_vin_193_discharge_8,D:\作业\论文复现\基线模型\mtad-gat-pytorch\datasets\CH-BATTERY\LFP\normal\vin_193\vin_193_discharge_8.csv,LFP/normal/vin_193/vin_193_discharge_8.csv,LFP,normal,vin_193,discharge,8,0,,,,
LFP_normal_vin_193_vin_193_discharge_9,D:\作业\论文复现\基线模型\mtad-gat-pytorch\datasets\CH-BATTERY\LFP\normal\vin_193\vin_193_discharge_9.csv,LFP/normal/vin_193/vin_193_discharge_9.csv,LFP,normal,vin_193,discharge,9,0,,,,
LFP_normal_vin_193_vin_193_discharge_10,D:\作业\论文复现\基线模型\mtad-gat-pytorch\datasets\CH-BATTERY\LFP\normal\vin_193\vin_193_discharge_10.csv,LFP/normal/vin_193/vin_193_discharge_10.csv,LFP,normal,vin_193,discharge,10,0,,,,
LFP_normal_vin_194_vin_194_discharge_1,D:\作业\论文复现\基线模型\mtad-gat-pytorch\datasets\CH-BATTERY\LFP\normal\vin_194\vin_194_discharge_1.csv,LFP/normal/vin_194/vin_194_discharge_1.csv,LFP,normal,vin_194,discharge,1,0,,,,
LFP_normal_vin_194_vin_194_discharge_2,D:\作业\论文复现\基线模型\mtad-gat-pytorch\datasets\CH-BATTERY\LFP\normal\vin_194\vin_194_discharge_2.csv,LFP/normal/vin_194/vin_194_discharge_2.csv,LFP,normal,vin_194,discharge,2,0,,,,
LFP_normal_vin_194_vin_194_discharge_3,D:\作业\论文复现\基线模型\mtad-gat-pytorch\datasets\CH-BATTERY\LFP\normal\vin_194\vin_194_discharge_3.csv,LFP/normal/vin_194/vin_194_discharge_3.csv,LFP,normal,vin_194,discharge,3,0,,,,
LFP_normal_vin_194_vin_194_discharge_4,D:\作业\论文复现\基线模型\mtad-gat-pytorch\datasets\CH-BATTERY\LFP\normal\vin_194\vin_194_discharge_4.csv,LFP/normal/vin_194/vin_194_discharge_4.csv,LFP,normal,vin_194,discharge,4,0,,,,
LFP_normal_vin_194_vin_194_discharge_5,D:\作业\论文复现\基线模型\mtad-gat-pytorch\datasets\CH-BATTERY\LFP\normal\vin_194\vin_194_discharge_5.csv,LFP/normal/vin_194/vin_194_discharge_5.csv,LFP,normal,vin_194,discharge,5,0,,,,
LFP_normal_vin_194_vin_194_discharge_6,D:\作业\论文复现\基线模型\mtad-gat-pytorch\datasets\CH-BATTERY\LFP\normal\vin_194\vin_194_discharge_6.csv,LFP/normal/vin_194/vin_194_discharge_6.csv,LFP,normal,vin_194,discharge,6,0,,,,
LFP_normal_vin_194_vin_194_discharge_7,D:\作业\论文复现\基线模型\mtad-gat-pytorch\datasets\CH-BATTERY\LFP\normal\vin_194\vin_194_discharge_7.csv,LFP/normal/vin_194/vin_194_discharge_7.csv,LFP,normal,vin_194,discharge,7,0,,,,
LFP_normal_vin_194_vin_194_discharge_8,D:\作业\论文复现\基线模型\mtad-gat-pytorch\datasets\CH-BATTERY\LFP\normal\vin_194\vin_194_discharge_8.csv,LFP/normal/vin_194/vin_194_discharge_8.csv,LFP,normal,vin_194,discharge,8,0,,,,
LFP_normal_vin_194_vin_194_discharge_9,D:\作业\论文复现\基线模型\mtad-gat-pytorch\datasets\CH-BATTERY\LFP\normal\vin_194\vin_194_discharge_9.csv,LFP/normal/vin_194/vin_194_discharge_9.csv,LFP,normal,vin_194,discharge,9,0,,,,
LFP_normal_vin_194_vin_194_discharge_10,D:\作业\论文复现\基线模型\mtad-gat-pytorch\datasets\CH-BATTERY\LFP\normal\vin_194\vin_194_discharge_10.csv,LFP/normal/vin_194/vin_194_discharge_10.csv,LFP,normal,vin_194,discharge,10,0,,,,
LFP_normal_vin_195_vin_195_discharge_1,D:\作业\论文复现\基线模型\mtad-gat-pytorch\datasets\CH-BATTERY\LFP\normal\vin_195\vin_195_discharge_1.csv,LFP/normal/vin_195/vin_195_discharge_1.csv,LFP,normal,vin_195,discharge,1,0,,,,
LFP_normal_vin_195_vin_195_discharge_2,D:\作业\论文复现\基线模型\mtad-gat-pytorch\datasets\CH-BATTERY\LFP\normal\vin_195\vin_195_discharge_2.csv,LFP/normal/vin_195/vin_195_discharge_2.csv,LFP,normal,vin_195,discharge,2,0,,,,
LFP_normal_vin_195_vin_195_discharge_3,D:\作业\论文复现\基线模型\mtad-gat-pytorch\datasets\CH-BATTERY\LFP\normal\vin_195\vin_195_discharge_3.csv,LFP/normal/vin_195/vin_195_discharge_3.csv,LFP,normal,vin_195,discharge,3,0,,,,
LFP_normal_vin_195_vin_195_discharge_4,D:\作业\论文复现\基线模型\mtad-gat-pytorch\datasets\CH-BATTERY\LFP\normal\vin_195\vin_195_discharge_4.csv,LFP/normal/vin_195/vin_195_discharge_4.csv,LFP,normal,vin_195,discharge,4,0,,,,
LFP_normal_vin_195_vin_195_discharge_5,D:\作业\论文复现\基线模型\mtad-gat-pytorch\datasets\CH-BATTERY\LFP\normal\vin_195\vin_195_discharge_5.csv,LFP/normal/vin_195/vin_195_discharge_5.csv,LFP,normal,vin_195,discharge,5,0,,,,
LFP_normal_vin_195_vin_195_discharge_6,D:\作业\论文复现\基线模型\mtad-gat-pytorch\datasets\CH-BATTERY\LFP\normal\vin_195\vin_195_discharge_6.csv,LFP/normal/vin_195/vin_195_discharge_6.csv,LFP,normal,vin_195,discharge,6,0,,,,
LFP_normal_vin_195_vin_195_discharge_7,D:\作业\论文复现\基线模型\mtad-gat-pytorch\datasets\CH-BATTERY\LFP\normal\vin_195\vin_195_discharge_7.csv,LFP/normal/vin_195/vin_195_discharge_7.csv,LFP,normal,vin_195,discharge,7,0,,,,
LFP_normal_vin_195_vin_195_discharge_8,D:\作业\论文复现\基线模型\mtad-gat-pytorch\datasets\CH-BATTERY\LFP\normal\vin_195\vin_195_discharge_8.csv,LFP/normal/vin_195/vin_195_discharge_8.csv,LFP,normal,vin_195,discharge,8,0,,,,
LFP_normal_vin_195_vin_195_discharge_9,D:\作业\论文复现\基线模型\mtad-gat-pytorch\datasets\CH-BATTERY\LFP\normal\vin_195\vin_195_discharge_9.csv,LFP/normal/vin_195/vin_195_discharge_9.csv,LFP,normal,vin_195,discharge,9,0,,,,
LFP_normal_vin_195_vin_195_discharge_10,D:\作业\论文复现\基线模型\mtad-gat-pytorch\datasets\CH-BATTERY\LFP\normal\vin_195\vin_195_discharge_10.csv,LFP/normal/vin_195/vin_195_discharge_10.csv,LFP,normal,vin_195,discharge,10,0,,,,
LFP_normal_vin_196_vin_196_discharge_1,D:\作业\论文复现\基线模型\mtad-gat-pytorch\datasets\CH-BATTERY\LFP\normal\vin_196\vin_196_discharge_1.csv,LFP/normal/vin_196/vin_196_discharge_1.csv,LFP,normal,vin_196,discharge,1,0,,,,
LFP_normal_vin_196_vin_196_discharge_2,D:\作业\论文复现\基线模型\mtad-gat-pytorch\datasets\CH-BATTERY\LFP\normal\vin_196\vin_196_discharge_2.csv,LFP/normal/vin_196/vin_196_discharge_2.csv,LFP,normal,vin_196,discharge,2,0,,,,
LFP_normal_vin_196_vin_196_discharge_3,D:\作业\论文复现\基线模型\mtad-gat-pytorch\datasets\CH-BATTERY\LFP\normal\vin_196\vin_196_discharge_3.csv,LFP/normal/vin_196/vin_196_discharge_3.csv,LFP,normal,vin_196,discharge,3,0,,,,
LFP_normal_vin_196_vin_196_discharge_4,D:\作业\论文复现\基线模型\mtad-gat-pytorch\datasets\CH-BATTERY\LFP\normal\vin_196\vin_196_discharge_4.csv,LFP/normal/vin_196/vin_196_discharge_4.csv,LFP,normal,vin_196,discharge,4,0,,,,
LFP_normal_vin_196_vin_196_discharge_5,D:\作业\论文复现\基线模型\mtad-gat-pytorch\datasets\CH-BATTERY\LFP\normal\vin_196\vin_196_discharge_5.csv,LFP/normal/vin_196/vin_196_discharge_5.csv,LFP,normal,vin_196,discharge,5,0,,,,
LFP_normal_vin_196_vin_196_discharge_6,D:\作业\论文复现\基线模型\mtad-gat-pytorch\datasets\CH-BATTERY\LFP\normal\vin_196\vin_196_discharge_6.csv,LFP/normal/vin_196/vin_196_discharge_6.csv,LFP,normal,vin_196,discharge,6,0,,,,
LFP_normal_vin_196_vin_196_discharge_7,D:\作业\论文复现\基线模型\mtad-gat-pytorch\datasets\CH-BATTERY\LFP\normal\vin_196\vin_196_discharge_7.csv,LFP/normal/vin_196/vin_196_discharge_7.csv,LFP,normal,vin_196,discharge,7,0,,,,
LFP_normal_vin_196_vin_196_discharge_8,D:\作业\论文复现\基线模型\mtad-gat-pytorch\datasets\CH-BATTERY\LFP\normal\vin_196\vin_196_discharge_8.csv,LFP/normal/vin_196/vin_196_discharge_8.csv,LFP,normal,vin_196,discharge,8,0,,,,
LFP_normal_vin_196_vin_196_discharge_9,D:\作业\论文复现\基线模型\mtad-gat-pytorch\datasets\CH-BATTERY\LFP\normal\vin_196\vin_196_discharge_9.csv,LFP/normal/vin_196/vin_196_discharge_9.csv,LFP,normal,vin_196,discharge,9,0,,,,
LFP_normal_vin_196_vin_196_discharge_10,D:\作业\论文复现\基线模型\mtad-gat-pytorch\datasets\CH-BATTERY\LFP\normal\vin_196\vin_196_discharge_10.csv,LFP/normal/vin_196/vin_196_discharge_10.csv,LFP,normal,vin_196,discharge,10,0,,,,
LFP_normal_vin_197_vin_197_discharge_1,D:\作业\论文复现\基线模型\mtad-gat-pytorch\datasets\CH-BATTERY\LFP\normal\vin_197\vin_197_discharge_1.csv,LFP/normal/vin_197/vin_197_discharge_1.csv,LFP,normal,vin_197,discharge,1,0,,,,
LFP_normal_vin_197_vin_197_discharge_2,D:\作业\论文复现\基线模型\mtad-gat-pytorch\datasets\CH-BATTERY\LFP\normal\vin_197\vin_197_discharge_2.csv,LFP/normal/vin_197/vin_197_discharge_2.csv,LFP,normal,vin_197,discharge,2,0,,,,
LFP_normal_vin_197_vin_197_discharge_3,D:\作业\论文复现\基线模型\mtad-gat-pytorch\datasets\CH-BATTERY\LFP\normal\vin_197\vin_197_discharge_3.csv,LFP/normal/vin_197/vin_197_discharge_3.csv,LFP,normal,vin_197,discharge,3,0,,,,
LFP_normal_vin_197_vin_197_discharge_4,D:\作业\论文复现\基线模型\mtad-gat-pytorch\datasets\CH-BATTERY\LFP\normal\vin_197\vin_197_discharge_4.csv,LFP/normal/vin_197/vin_197_discharge_4.csv,LFP,normal,vin_197,discharge,4,0,,,,
LFP_normal_vin_197_vin_197_discharge_5,D:\作业\论文复现\基线模型\mtad-gat-pytorch\datasets\CH-BATTERY\LFP\normal\vin_197\vin_197_discharge_5.csv,LFP/normal/vin_197/vin_197_discharge_5.csv,LFP,normal,vin_197,discharge,5,0,,,,
LFP_normal_vin_197_vin_197_discharge_6,D:\作业\论文复现\基线模型\mtad-gat-pytorch\datasets\CH-BATTERY\LFP\normal\vin_197\vin_197_discharge_6.csv,LFP/normal/vin_197/vin_197_discharge_6.csv,LFP,normal,vin_197,discharge,6,0,,,,
LFP_normal_vin_197_vin_197_discharge_7,D:\作业\论文复现\基线模型\mtad-gat-pytorch\datasets\CH-BATTERY\LFP\normal\vin_197\vin_197_discharge_7.csv,LFP/normal/vin_197/vin_197_discharge_7.csv,LFP,normal,vin_197,discharge,7,0,,,,
LFP_normal_vin_197_vin_197_discharge_8,D:\作业\论文复现\基线模型\mtad-gat-pytorch\datasets\CH-BATTERY\LFP\normal\vin_197\vin_197_discharge_8.csv,LFP/normal/vin_197/vin_197_discharge_8.csv,LFP,normal,vin_197,discharge,8,0,,,,
LFP_normal_vin_197_vin_197_discharge_9,D:\作业\论文复现\基线模型\mtad-gat-pytorch\datasets\CH-BATTERY\LFP\normal\vin_197\vin_197_discharge_9.csv,LFP/normal/vin_197/vin_197_discharge_9.csv,LFP,normal,vin_197,discharge,9,0,,,,
LFP_normal_vin_197_vin_197_discharge_10,D:\作业\论文复现\基线模型\mtad-gat-pytorch\datasets\CH-BATTERY\LFP\normal\vin_197\vin_197_discharge_10.csv,LFP/normal/vin_197/vin_197_discharge_10.csv,LFP,normal,vin_197,discharge,10,0,,,,
LFP_normal_vin_199_vin_199_discharge_1,D:\作业\论文复现\基线模型\mtad-gat-pytorch\datasets\CH-BATTERY\LFP\normal\vin_199\vin_199_discharge_1.csv,LFP/normal/vin_199/vin_199_discharge_1.csv,LFP,normal,vin_199,discharge,1,0,,,,
LFP_normal_vin_199_vin_199_discharge_2,D:\作业\论文复现\基线模型\mtad-gat-pytorch\datasets\CH-BATTERY\LFP\normal\vin_199\vin_199_discharge_2.csv,LFP/normal/vin_199/vin_199_discharge_2.csv,LFP,normal,vin_199,discharge,2,0,,,,
LFP_normal_vin_199_vin_199_discharge_3,D:\作业\论文复现\基线模型\mtad-gat-pytorch\datasets\CH-BATTERY\LFP\normal\vin_199\vin_199_discharge_3.csv,LFP/normal/vin_199/vin_199_discharge_3.csv,LFP,normal,vin_199,discharge,3,0,,,,
LFP_normal_vin_199_vin_199_discharge_4,D:\作业\论文复现\基线模型\mtad-gat-pytorch\datasets\CH-BATTERY\LFP\normal\vin_199\vin_199_discharge_4.csv,LFP/normal/vin_199/vin_199_discharge_4.csv,LFP,normal,vin_199,discharge,4,0,,,,
LFP_normal_vin_199_vin_199_discharge_5,D:\作业\论文复现\基线模型\mtad-gat-pytorch\datasets\CH-BATTERY\LFP\normal\vin_199\vin_199_discharge_5.csv,LFP/normal/vin_199/vin_199_discharge_5.csv,LFP,normal,vin_199,discharge,5,0,,,,
LFP_normal_vin_199_vin_199_discharge_6,D:\作业\论文复现\基线模型\mtad-gat-pytorch\datasets\CH-BATTERY\LFP\normal\vin_199\vin_199_discharge_6.csv,LFP/normal/vin_199/vin_199_discharge_6.csv,LFP,normal,vin_199,discharge,6,0,,,,
LFP_normal_vin_199_vin_199_discharge_7,D:\作业\论文复现\基线模型\mtad-gat-pytorch\datasets\CH-BATTERY\LFP\normal\vin_199\vin_199_discharge_7.csv,LFP/normal/vin_199/vin_199_discharge_7.csv,LFP,normal,vin_199,discharge,7,0,,,,
LFP_normal_vin_199_vin_199_discharge_8,D:\作业\论文复现\基线模型\mtad-gat-pytorch\datasets\CH-BATTERY\LFP\normal\vin_199\vin_199_discharge_8.csv,LFP/normal/vin_199/vin_199_discharge_8.csv,LFP,normal,vin_199,discharge,8,0,,,,
LFP_normal_vin_199_vin_199_discharge_9,D:\作业\论文复现\基线模型\mtad-gat-pytorch\datasets\CH-BATTERY\LFP\normal\vin_199\vin_199_discharge_9.csv,LFP/normal/vin_199/vin_199_discharge_9.csv,LFP,normal,vin_199,discharge,9,0,,,,
LFP_normal_vin_199_vin_199_discharge_10,D:\作业\论文复现\基线模型\mtad-gat-pytorch\datasets\CH-BATTERY\LFP\normal\vin_199\vin_199_discharge_10.csv,LFP/normal/vin_199/vin_199_discharge_10.csv,LFP,normal,vin_199,discharge,10,0,,,,
LFP_normal_vin_201_vin_201_discharge_1,D:\作业\论文复现\基线模型\mtad-gat-pytorch\datasets\CH-BATTERY\LFP\normal\vin_201\vin_201_discharge_1.csv,LFP/normal/vin_201/vin_201_discharge_1.csv,LFP,normal,vin_201,discharge,1,0,,,,
LFP_normal_vin_201_vin_201_discharge_2,D:\作业\论文复现\基线模型\mtad-gat-pytorch\datasets\CH-BATTERY\LFP\normal\vin_201\vin_201_discharge_2.csv,LFP/normal/vin_201/vin_201_discharge_2.csv,LFP,normal,vin_201,discharge,2,0,,,,
LFP_normal_vin_201_vin_201_discharge_3,D:\作业\论文复现\基线模型\mtad-gat-pytorch\datasets\CH-BATTERY\LFP\normal\vin_201\vin_201_discharge_3.csv,LFP/normal/vin_201/vin_201_discharge_3.csv,LFP,normal,vin_201,discharge,3,0,,,,
LFP_normal_vin_201_vin_201_discharge_4,D:\作业\论文复现\基线模型\mtad-gat-pytorch\datasets\CH-BATTERY\LFP\normal\vin_201\vin_201_discharge_4.csv,LFP/normal/vin_201/vin_201_discharge_4.csv,LFP,normal,vin_201,discharge,4,0,,,,
LFP_normal_vin_201_vin_201_discharge_5,D:\作业\论文复现\基线模型\mtad-gat-pytorch\datasets\CH-BATTERY\LFP\normal\vin_201\vin_201_discharge_5.csv,LFP/normal/vin_201/vin_201_discharge_5.csv,LFP,normal,vin_201,discharge,5,0,,,,
LFP_normal_vin_201_vin_201_discharge_6,D:\作业\论文复现\基线模型\mtad-gat-pytorch\datasets\CH-BATTERY\LFP\normal\vin_201\vin_201_discharge_6.csv,LFP/normal/vin_201/vin_201_discharge_6.csv,LFP,normal,vin_201,discharge,6,0,,,,
LFP_normal_vin_201_vin_201_discharge_7,D:\作业\论文复现\基线模型\mtad-gat-pytorch\datasets\CH-BATTERY\LFP\normal\vin_201\vin_201_discharge_7.csv,LFP/normal/vin_201/vin_201_discharge_7.csv,LFP,normal,vin_201,discharge,7,0,,,,
LFP_normal_vin_201_vin_201_discharge_8,D:\作业\论文复现\基线模型\mtad-gat-pytorch\datasets\CH-BATTERY\LFP\normal\vin_201\vin_201_discharge_8.csv,LFP/normal/vin_201/vin_201_discharge_8.csv,LFP,normal,vin_201,discharge,8,0,,,,
LFP_normal_vin_201_vin_201_discharge_9,D:\作业\论文复现\基线模型\mtad-gat-pytorch\datasets\CH-BATTERY\LFP\normal\vin_201\vin_201_discharge_9.csv,LFP/normal/vin_201/vin_201_discharge_9.csv,LFP,normal,vin_201,discharge,9,0,,,,
LFP_normal_vin_201_vin_201_discharge_10,D:\作业\论文复现\基线模型\mtad-gat-pytorch\datasets\CH-BATTERY\LFP\normal\vin_201\vin_201_discharge_10.csv,LFP/normal/vin_201/vin_201_discharge_10.csv,LFP,normal,vin_201,discharge,10,0,,,,
LFP_normal_vin_202_vin_202_discharge_1,D:\作业\论文复现\基线模型\mtad-gat-pytorch\datasets\CH-BATTERY\LFP\normal\vin_202\vin_202_discharge_1.csv,LFP/normal/vin_202/vin_202_discharge_1.csv,LFP,normal,vin_202,discharge,1,0,,,,
LFP_normal_vin_202_vin_202_discharge_2,D:\作业\论文复现\基线模型\mtad-gat-pytorch\datasets\CH-BATTERY\LFP\normal\vin_202\vin_202_discharge_2.csv,LFP/normal/vin_202/vin_202_discharge_2.csv,LFP,normal,vin_202,discharge,2,0,,,,
LFP_normal_vin_202_vin_202_discharge_3,D:\作业\论文复现\基线模型\mtad-gat-pytorch\datasets\CH-BATTERY\LFP\normal\vin_202\vin_202_discharge_3.csv,LFP/normal/vin_202/vin_202_discharge_3.csv,LFP,normal,vin_202,discharge,3,0,,,,
LFP_normal_vin_202_vin_202_discharge_4,D:\作业\论文复现\基线模型\mtad-gat-pytorch\datasets\CH-BATTERY\LFP\normal\vin_202\vin_202_discharge_4.csv,LFP/normal/vin_202/vin_202_discharge_4.csv,LFP,normal,vin_202,discharge,4,0,,,,
LFP_normal_vin_202_vin_202_discharge_5,D:\作业\论文复现\基线模型\mtad-gat-pytorch\datasets\CH-BATTERY\LFP\normal\vin_202\vin_202_discharge_5.csv,LFP/normal/vin_202/vin_202_discharge_5.csv,LFP,normal,vin_202,discharge,5,0,,,,
LFP_normal_vin_202_vin_202_discharge_6,D:\作业\论文复现\基线模型\mtad-gat-pytorch\datasets\CH-BATTERY\LFP\normal\vin_202\vin_202_discharge_6.csv,LFP/normal/vin_202/vin_202_discharge_6.csv,LFP,normal,vin_202,discharge,6,0,,,,
LFP_normal_vin_202_vin_202_discharge_7,D:\作业\论文复现\基线模型\mtad-gat-pytorch\datasets\CH-BATTERY\LFP\normal\vin_202\vin_202_discharge_7.csv,LFP/normal/vin_202/vin_202_discharge_7.csv,LFP,normal,vin_202,discharge,7,0,,,,
LFP_normal_vin_202_vin_202_discharge_8,D:\作业\论文复现\基线模型\mtad-gat-pytorch\datasets\CH-BATTERY\LFP\normal\vin_202\vin_202_discharge_8.csv,LFP/normal/vin_202/vin_202_discharge_8.csv,LFP,normal,vin_202,discharge,8,0,,,,
LFP_normal_vin_202_vin_202_discharge_9,D:\作业\论文复现\基线模型\mtad-gat-pytorch\datasets\CH-BATTERY\LFP\normal\vin_202\vin_202_discharge_9.csv,LFP/normal/vin_202/vin_202_discharge_9.csv,LFP,normal,vin_202,discharge,9,0,,,,
LFP_normal_vin_202_vin_202_discharge_10,D:\作业\论文复现\基线模型\mtad-gat-pytorch\datasets\CH-BATTERY\LFP\normal\vin_202\vin_202_discharge_10.csv,LFP/normal/vin_202/vin_202_discharge_10.csv,LFP,normal,vin_202,discharge,10,0,,,,
LFP_normal_vin_203_vin_203_discharge_1,D:\作业\论文复现\基线模型\mtad-gat-pytorch\datasets\CH-BATTERY\LFP\normal\vin_203\vin_203_discharge_1.csv,LFP/normal/vin_203/vin_203_discharge_1.csv,LFP,normal,vin_203,discharge,1,0,,,,
LFP_normal_vin_203_vin_203_discharge_2,D:\作业\论文复现\基线模型\mtad-gat-pytorch\datasets\CH-BATTERY\LFP\normal\vin_203\vin_203_discharge_2.csv,LFP/normal/vin_203/vin_203_discharge_2.csv,LFP,normal,vin_203,discharge,2,0,,,,
LFP_normal_vin_203_vin_203_discharge_3,D:\作业\论文复现\基线模型\mtad-gat-pytorch\datasets\CH-BATTERY\LFP\normal\vin_203\vin_203_discharge_3.csv,LFP/normal/vin_203/vin_203_discharge_3.csv,LFP,normal,vin_203,discharge,3,0,,,,
LFP_normal_vin_203_vin_203_discharge_4,D:\作业\论文复现\基线模型\mtad-gat-pytorch\datasets\CH-BATTERY\LFP\normal\vin_203\vin_203_discharge_4.csv,LFP/normal/vin_203/vin_203_discharge_4.csv,LFP,normal,vin_203,discharge,4,0,,,,
LFP_normal_vin_203_vin_203_discharge_5,D:\作业\论文复现\基线模型\mtad-gat-pytorch\datasets\CH-BATTERY\LFP\normal\vin_203\vin_203_discharge_5.csv,LFP/normal/vin_203/vin_203_discharge_5.csv,LFP,normal,vin_203,discharge,5,0,,,,
LFP_normal_vin_203_vin_203_discharge_6,D:\作业\论文复现\基线模型\mtad-gat-pytorch\datasets\CH-BATTERY\LFP\normal\vin_203\vin_203_discharge_6.csv,LFP/normal/vin_203/vin_203_discharge_6.csv,LFP,normal,vin_203,discharge,6,0,,,,
LFP_normal_vin_203_vin_203_discharge_7,D:\作业\论文复现\基线模型\mtad-gat-pytorch\datasets\CH-BATTERY\LFP\normal\vin_203\vin_203_discharge_7.csv,LFP/normal/vin_203/vin_203_discharge_7.csv,LFP,normal,vin_203,discharge,7,0,,,,
LFP_normal_vin_203_vin_203_discharge_8,D:\作业\论文复现\基线模型\mtad-gat-pytorch\datasets\CH-BATTERY\LFP\normal\vin_203\vin_203_discharge_8.csv,LFP/normal/vin_203/vin_203_discharge_8.csv,LFP,normal,vin_203,discharge,8,0,,,,
LFP_normal_vin_203_vin_203_discharge_9,D:\作业\论文复现\基线模型\mtad-gat-pytorch\datasets\CH-BATTERY\LFP\normal\vin_203\vin_203_discharge_9.csv,LFP/normal/vin_203/vin_203_discharge_9.csv,LFP,normal,vin_203,discharge,9,0,,,,
LFP_normal_vin_203_vin_203_discharge_10,D:\作业\论文复现\基线模型\mtad-gat-pytorch\datasets\CH-BATTERY\LFP\normal\vin_203\vin_203_discharge_10.csv,LFP/normal/vin_203/vin_203_discharge_10.csv,LFP,normal,vin_203,discharge,10,0,,,,
LFP_normal_vin_204_vin_204_discharge_1,D:\作业\论文复现\基线模型\mtad-gat-pytorch\datasets\CH-BATTERY\LFP\normal\vin_204\vin_204_discharge_1.csv,LFP/normal/vin_204/vin_204_discharge_1.csv,LFP,normal,vin_204,discharge,1,0,,,,
LFP_normal_vin_204_vin_204_discharge_2,D:\作业\论文复现\基线模型\mtad-gat-pytorch\datasets\CH-BATTERY\LFP\normal\vin_204\vin_204_discharge_2.csv,LFP/normal/vin_204/vin_204_discharge_2.csv,LFP,normal,vin_204,discharge,2,0,,,,
LFP_normal_vin_204_vin_204_discharge_3,D:\作业\论文复现\基线模型\mtad-gat-pytorch\datasets\CH-BATTERY\LFP\normal\vin_204\vin_204_discharge_3.csv,LFP/normal/vin_204/vin_204_discharge_3.csv,LFP,normal,vin_204,discharge,3,0,,,,
LFP_normal_vin_204_vin_204_discharge_4,D:\作业\论文复现\基线模型\mtad-gat-pytorch\datasets\CH-BATTERY\LFP\normal\vin_204\vin_204_discharge_4.csv,LFP/normal/vin_204/vin_204_discharge_4.csv,LFP,normal,vin_204,discharge,4,0,,,,
LFP_normal_vin_204_vin_204_discharge_5,D:\作业\论文复现\基线模型\mtad-gat-pytorch\datasets\CH-BATTERY\LFP\normal\vin_204\vin_204_discharge_5.csv,LFP/normal/vin_204/vin_204_discharge_5.csv,LFP,normal,vin_204,discharge,5,0,,,,
LFP_normal_vin_204_vin_204_discharge_6,D:\作业\论文复现\基线模型\mtad-gat-pytorch\datasets\CH-BATTERY\LFP\normal\vin_204\vin_204_discharge_6.csv,LFP/normal/vin_204/vin_204_discharge_6.csv,LFP,normal,vin_204,discharge,6,0,,,,
LFP_normal_vin_204_vin_204_discharge_7,D:\作业\论文复现\基线模型\mtad-gat-pytorch\datasets\CH-BATTERY\LFP\normal\vin_204\vin_204_discharge_7.csv,LFP/normal/vin_204/vin_204_discharge_7.csv,LFP,normal,vin_204,discharge,7,0,,,,
LFP_normal_vin_204_vin_204_discharge_8,D:\作业\论文复现\基线模型\mtad-gat-pytorch\datasets\CH-BATTERY\LFP\normal\vin_204\vin_204_discharge_8.csv,LFP/normal/vin_204/vin_204_discharge_8.csv,LFP,normal,vin_204,discharge,8,0,,,,
LFP_normal_vin_204_vin_204_discharge_9,D:\作业\论文复现\基线模型\mtad-gat-pytorch\datasets\CH-BATTERY\LFP\normal\vin_204\vin_204_discharge_9.csv,LFP/normal/vin_204/vin_204_discharge_9.csv,LFP,normal,vin_204,discharge,9,0,,,,
LFP_normal_vin_204_vin_204_discharge_10,D:\作业\论文复现\基线模型\mtad-gat-pytorch\datasets\CH-BATTERY\LFP\normal\vin_204\vin_204_discharge_10.csv,LFP/normal/vin_204/vin_204_discharge_10.csv,LFP,normal,vin_204,discharge,10,0,,,,
LFP_normal_vin_206_vin_206_discharge_1,D:\作业\论文复现\基线模型\mtad-gat-pytorch\datasets\CH-BATTERY\LFP\normal\vin_206\vin_206_discharge_1.csv,LFP/normal/vin_206/vin_206_discharge_1.csv,LFP,normal,vin_206,discharge,1,0,,,,
LFP_normal_vin_206_vin_206_discharge_2,D:\作业\论文复现\基线模型\mtad-gat-pytorch\datasets\CH-BATTERY\LFP\normal\vin_206\vin_206_discharge_2.csv,LFP/normal/vin_206/vin_206_discharge_2.csv,LFP,normal,vin_206,discharge,2,0,,,,
LFP_normal_vin_206_vin_206_discharge_3,D:\作业\论文复现\基线模型\mtad-gat-pytorch\datasets\CH-BATTERY\LFP\normal\vin_206\vin_206_discharge_3.csv,LFP/normal/vin_206/vin_206_discharge_3.csv,LFP,normal,vin_206,discharge,3,0,,,,
LFP_normal_vin_206_vin_206_discharge_4,D:\作业\论文复现\基线模型\mtad-gat-pytorch\datasets\CH-BATTERY\LFP\normal\vin_206\vin_206_discharge_4.csv,LFP/normal/vin_206/vin_206_discharge_4.csv,LFP,normal,vin_206,discharge,4,0,,,,
LFP_normal_vin_206_vin_206_discharge_5,D:\作业\论文复现\基线模型\mtad-gat-pytorch\datasets\CH-BATTERY\LFP\normal\vin_206\vin_206_discharge_5.csv,LFP/normal/vin_206/vin_206_discharge_5.csv,LFP,normal,vin_206,discharge,5,0,,,,
LFP_normal_vin_206_vin_206_discharge_6,D:\作业\论文复现\基线模型\mtad-gat-pytorch\datasets\CH-BATTERY\LFP\normal\vin_206\vin_206_discharge_6.csv,LFP/normal/vin_206/vin_206_discharge_6.csv,LFP,normal,vin_206,discharge,6,0,,,,
LFP_normal_vin_206_vin_206_discharge_7,D:\作业\论文复现\基线模型\mtad-gat-pytorch\datasets\CH-BATTERY\LFP\normal\vin_206\vin_206_discharge_7.csv,LFP/normal/vin_206/vin_206_discharge_7.csv,LFP,normal,vin_206,discharge,7,0,,,,
LFP_normal_vin_206_vin_206_discharge_8,D:\作业\论文复现\基线模型\mtad-gat-pytorch\datasets\CH-BATTERY\LFP\normal\vin_206\vin_206_discharge_8.csv,LFP/normal/vin_206/vin_206_discharge_8.csv,LFP,normal,vin_206,discharge,8,0,,,,
LFP_normal_vin_206_vin_206_discharge_9,D:\作业\论文复现\基线模型\mtad-gat-pytorch\datasets\CH-BATTERY\LFP\normal\vin_206\vin_206_discharge_9.csv,LFP/normal/vin_206/vin_206_discharge_9.csv,LFP,normal,vin_206,discharge,9,0,,,,
LFP_normal_vin_206_vin_206_discharge_10,D:\作业\论文复现\基线模型\mtad-gat-pytorch\datasets\CH-BATTERY\LFP\normal\vin_206\vin_206_discharge_10.csv,LFP/normal/vin_206/vin_206_discharge_10.csv,LFP,normal,vin_206,discharge,10,0,,,,
LFP_normal_vin_207_vin_207_discharge_1,D:\作业\论文复现\基线模型\mtad-gat-pytorch\datasets\CH-BATTERY\LFP\normal\vin_207\vin_207_discharge_1.csv,LFP/normal/vin_207/vin_207_discharge_1.csv,LFP,normal,vin_207,discharge,1,0,,,,
LFP_normal_vin_207_vin_207_discharge_2,D:\作业\论文复现\基线模型\mtad-gat-pytorch\datasets\CH-BATTERY\LFP\normal\vin_207\vin_207_discharge_2.csv,LFP/normal/vin_207/vin_207_discharge_2.csv,LFP,normal,vin_207,discharge,2,0,,,,
LFP_normal_vin_207_vin_207_discharge_3,D:\作业\论文复现\基线模型\mtad-gat-pytorch\datasets\CH-BATTERY\LFP\normal\vin_207\vin_207_discharge_3.csv,LFP/normal/vin_207/vin_207_discharge_3.csv,LFP,normal,vin_207,discharge,3,0,,,,
LFP_normal_vin_207_vin_207_discharge_4,D:\作业\论文复现\基线模型\mtad-gat-pytorch\datasets\CH-BATTERY\LFP\normal\vin_207\vin_207_discharge_4.csv,LFP/normal/vin_207/vin_207_discharge_4.csv,LFP,normal,vin_207,discharge,4,0,,,,
LFP_normal_vin_207_vin_207_discharge_5,D:\作业\论文复现\基线模型\mtad-gat-pytorch\datasets\CH-BATTERY\LFP\normal\vin_207\vin_207_discharge_5.csv,LFP/normal/vin_207/vin_207_discharge_5.csv,LFP,normal,vin_207,discharge,5,0,,,,
LFP_normal_vin_207_vin_207_discharge_6,D:\作业\论文复现\基线模型\mtad-gat-pytorch\datasets\CH-BATTERY\LFP\normal\vin_207\vin_207_discharge_6.csv,LFP/normal/vin_207/vin_207_discharge_6.csv,LFP,normal,vin_207,discharge,6,0,,,,
LFP_normal_vin_207_vin_207_discharge_7,D:\作业\论文复现\基线模型\mtad-gat-pytorch\datasets\CH-BATTERY\LFP\normal\vin_207\vin_207_discharge_7.csv,LFP/normal/vin_207/vin_207_discharge_7.csv,LFP,normal,vin_207,discharge,7,0,,,,
LFP_normal_vin_207_vin_207_discharge_8,D:\作业\论文复现\基线模型\mtad-gat-pytorch\datasets\CH-BATTERY\LFP\normal\vin_207\vin_207_discharge_8.csv,LFP/normal/vin_207/vin_207_discharge_8.csv,LFP,normal,vin_207,discharge,8,0,,,,
LFP_normal_vin_207_vin_207_discharge_9,D:\作业\论文复现\基线模型\mtad-gat-pytorch\datasets\CH-BATTERY\LFP\normal\vin_207\vin_207_discharge_9.csv,LFP/normal/vin_207/vin_207_discharge_9.csv,LFP,normal,vin_207,discharge,9,0,,,,
LFP_normal_vin_207_vin_207_discharge_10,D:\作业\论文复现\基线模型\mtad-gat-pytorch\datasets\CH-BATTERY\LFP\normal\vin_207\vin_207_discharge_10.csv,LFP/normal/vin_207/vin_207_discharge_10.csv,LFP,normal,vin_207,discharge,10,0,,,,
LFP_normal_vin_208_vin_208_discharge_1,D:\作业\论文复现\基线模型\mtad-gat-pytorch\datasets\CH-BATTERY\LFP\normal\vin_208\vin_208_discharge_1.csv,LFP/normal/vin_208/vin_208_discharge_1.csv,LFP,normal,vin_208,discharge,1,0,,,,
LFP_normal_vin_208_vin_208_discharge_2,D:\作业\论文复现\基线模型\mtad-gat-pytorch\datasets\CH-BATTERY\LFP\normal\vin_208\vin_208_discharge_2.csv,LFP/normal/vin_208/vin_208_discharge_2.csv,LFP,normal,vin_208,discharge,2,0,,,,
LFP_normal_vin_208_vin_208_discharge_3,D:\作业\论文复现\基线模型\mtad-gat-pytorch\datasets\CH-BATTERY\LFP\normal\vin_208\vin_208_discharge_3.csv,LFP/normal/vin_208/vin_208_discharge_3.csv,LFP,normal,vin_208,discharge,3,0,,,,
LFP_normal_vin_208_vin_208_discharge_4,D:\作业\论文复现\基线模型\mtad-gat-pytorch\datasets\CH-BATTERY\LFP\normal\vin_208\vin_208_discharge_4.csv,LFP/normal/vin_208/vin_208_discharge_4.csv,LFP,normal,vin_208,discharge,4,0,,,,
LFP_normal_vin_208_vin_208_discharge_5,D:\作业\论文复现\基线模型\mtad-gat-pytorch\datasets\CH-BATTERY\LFP\normal\vin_208\vin_208_discharge_5.csv,LFP/normal/vin_208/vin_208_discharge_5.csv,LFP,normal,vin_208,discharge,5,0,,,,
LFP_normal_vin_208_vin_208_discharge_6,D:\作业\论文复现\基线模型\mtad-gat-pytorch\datasets\CH-BATTERY\LFP\normal\vin_208\vin_208_discharge_6.csv,LFP/normal/vin_208/vin_208_discharge_6.csv,LFP,normal,vin_208,discharge,6,0,,,,
LFP_normal_vin_208_vin_208_discharge_7,D:\作业\论文复现\基线模型\mtad-gat-pytorch\datasets\CH-BATTERY\LFP\normal\vin_208\vin_208_discharge_7.csv,LFP/normal/vin_208/vin_208_discharge_7.csv,LFP,normal,vin_208,discharge,7,0,,,,
LFP_normal_vin_208_vin_208_discharge_8,D:\作业\论文复现\基线模型\mtad-gat-pytorch\datasets\CH-BATTERY\LFP\normal\vin_208\vin_208_discharge_8.csv,LFP/normal/vin_208/vin_208_discharge_8.csv,LFP,normal,vin_208,discharge,8,0,,,,
LFP_normal_vin_208_vin_208_discharge_9,D:\作业\论文复现\基线模型\mtad-gat-pytorch\datasets\CH-BATTERY\LFP\normal\vin_208\vin_208_discharge_9.csv,LFP/normal/vin_208/vin_208_discharge_9.csv,LFP,normal,vin_208,discharge,9,0,,,,
LFP_normal_vin_208_vin_208_discharge_10,D:\作业\论文复现\基线模型\mtad-gat-pytorch\datasets\CH-BATTERY\LFP\normal\vin_208\vin_208_discharge_10.csv,LFP/normal/vin_208/vin_208_discharge_10.csv,LFP,normal,vin_208,discharge,10,0,,,,
LFP_normal_vin_209_vin_209_discharge_1,D:\作业\论文复现\基线模型\mtad-gat-pytorch\datasets\CH-BATTERY\LFP\normal\vin_209\vin_209_discharge_1.csv,LFP/normal/vin_209/vin_209_discharge_1.csv,LFP,normal,vin_209,discharge,1,0,,,,
LFP_normal_vin_209_vin_209_discharge_2,D:\作业\论文复现\基线模型\mtad-gat-pytorch\datasets\CH-BATTERY\LFP\normal\vin_209\vin_209_discharge_2.csv,LFP/normal/vin_209/vin_209_discharge_2.csv,LFP,normal,vin_209,discharge,2,0,,,,
LFP_normal_vin_209_vin_209_discharge_3,D:\作业\论文复现\基线模型\mtad-gat-pytorch\datasets\CH-BATTERY\LFP\normal\vin_209\vin_209_discharge_3.csv,LFP/normal/vin_209/vin_209_discharge_3.csv,LFP,normal,vin_209,discharge,3,0,,,,
LFP_normal_vin_209_vin_209_discharge_4,D:\作业\论文复现\基线模型\mtad-gat-pytorch\datasets\CH-BATTERY\LFP\normal\vin_209\vin_209_discharge_4.csv,LFP/normal/vin_209/vin_209_discharge_4.csv,LFP,normal,vin_209,discharge,4,0,,,,
LFP_normal_vin_209_vin_209_discharge_5,D:\作业\论文复现\基线模型\mtad-gat-pytorch\datasets\CH-BATTERY\LFP\normal\vin_209\vin_209_discharge_5.csv,LFP/normal/vin_209/vin_209_discharge_5.csv,LFP,normal,vin_209,discharge,5,0,,,,
LFP_normal_vin_209_vin_209_discharge_6,D:\作业\论文复现\基线模型\mtad-gat-pytorch\datasets\CH-BATTERY\LFP\normal\vin_209\vin_209_discharge_6.csv,LFP/normal/vin_209/vin_209_discharge_6.csv,LFP,normal,vin_209,discharge,6,0,,,,
LFP_normal_vin_209_vin_209_discharge_7,D:\作业\论文复现\基线模型\mtad-gat-pytorch\datasets\CH-BATTERY\LFP\normal\vin_209\vin_209_discharge_7.csv,LFP/normal/vin_209/vin_209_discharge_7.csv,LFP,normal,vin_209,discharge,7,0,,,,
LFP_normal_vin_209_vin_209_discharge_8,D:\作业\论文复现\基线模型\mtad-gat-pytorch\datasets\CH-BATTERY\LFP\normal\vin_209\vin_209_discharge_8.csv,LFP/normal/vin_209/vin_209_discharge_8.csv,LFP,normal,vin_209,discharge,8,0,,,,
LFP_normal_vin_209_vin_209_discharge_9,D:\作业\论文复现\基线模型\mtad-gat-pytorch\datasets\CH-BATTERY\LFP\normal\vin_209\vin_209_discharge_9.csv,LFP/normal/vin_209/vin_209_discharge_9.csv,LFP,normal,vin_209,discharge,9,0,,,,
LFP_normal_vin_209_vin_209_discharge_10,D:\作业\论文复现\基线模型\mtad-gat-pytorch\datasets\CH-BATTERY\LFP\normal\vin_209\vin_209_discharge_10.csv,LFP/normal/vin_209/vin_209_discharge_10.csv,LFP,normal,vin_209,discharge,10,0,,,,
LFP_normal_vin_210_vin_210_discharge_1,D:\作业\论文复现\基线模型\mtad-gat-pytorch\datasets\CH-BATTERY\LFP\normal\vin_210\vin_210_discharge_1.csv,LFP/normal/vin_210/vin_210_discharge_1.csv,LFP,normal,vin_210,discharge,1,0,,,,
LFP_normal_vin_210_vin_210_discharge_2,D:\作业\论文复现\基线模型\mtad-gat-pytorch\datasets\CH-BATTERY\LFP\normal\vin_210\vin_210_discharge_2.csv,LFP/normal/vin_210/vin_210_discharge_2.csv,LFP,normal,vin_210,discharge,2,0,,,,
LFP_normal_vin_210_vin_210_discharge_3,D:\作业\论文复现\基线模型\mtad-gat-pytorch\datasets\CH-BATTERY\LFP\normal\vin_210\vin_210_discharge_3.csv,LFP/normal/vin_210/vin_210_discharge_3.csv,LFP,normal,vin_210,discharge,3,0,,,,
LFP_normal_vin_210_vin_210_discharge_4,D:\作业\论文复现\基线模型\mtad-gat-pytorch\datasets\CH-BATTERY\LFP\normal\vin_210\vin_210_discharge_4.csv,LFP/normal/vin_210/vin_210_discharge_4.csv,LFP,normal,vin_210,discharge,4,0,,,,
LFP_normal_vin_210_vin_210_discharge_5,D:\作业\论文复现\基线模型\mtad-gat-pytorch\datasets\CH-BATTERY\LFP\normal\vin_210\vin_210_discharge_5.csv,LFP/normal/vin_210/vin_210_discharge_5.csv,LFP,normal,vin_210,discharge,5,0,,,,
LFP_normal_vin_210_vin_210_discharge_6,D:\作业\论文复现\基线模型\mtad-gat-pytorch\datasets\CH-BATTERY\LFP\normal\vin_210\vin_210_discharge_6.csv,LFP/normal/vin_210/vin_210_discharge_6.csv,LFP,normal,vin_210,discharge,6,0,,,,
LFP_normal_vin_210_vin_210_discharge_7,D:\作业\论文复现\基线模型\mtad-gat-pytorch\datasets\CH-BATTERY\LFP\normal\vin_210\vin_210_discharge_7.csv,LFP/normal/vin_210/vin_210_discharge_7.csv,LFP,normal,vin_210,discharge,7,0,,,,
LFP_normal_vin_210_vin_210_discharge_8,D:\作业\论文复现\基线模型\mtad-gat-pytorch\datasets\CH-BATTERY\LFP\normal\vin_210\vin_210_discharge_8.csv,LFP/normal/vin_210/vin_210_discharge_8.csv,LFP,normal,vin_210,discharge,8,0,,,,
LFP_normal_vin_210_vin_210_discharge_9,D:\作业\论文复现\基线模型\mtad-gat-pytorch\datasets\CH-BATTERY\LFP\normal\vin_210\vin_210_discharge_9.csv,LFP/normal/vin_210/vin_210_discharge_9.csv,LFP,normal,vin_210,discharge,9,0,,,,
LFP_normal_vin_210_vin_210_discharge_10,D:\作业\论文复现\基线模型\mtad-gat-pytorch\datasets\CH-BATTERY\LFP\normal\vin_210\vin_210_discharge_10.csv,LFP/normal/vin_210/vin_210_discharge_10.csv,LFP,normal,vin_210,discharge,10,0,,,,
LFP_normal_vin_211_vin_211_discharge_1,D:\作业\论文复现\基线模型\mtad-gat-pytorch\datasets\CH-BATTERY\LFP\normal\vin_211\vin_211_discharge_1.csv,LFP/normal/vin_211/vin_211_discharge_1.csv,LFP,normal,vin_211,discharge,1,0,,,,
LFP_normal_vin_211_vin_211_discharge_2,D:\作业\论文复现\基线模型\mtad-gat-pytorch\datasets\CH-BATTERY\LFP\normal\vin_211\vin_211_discharge_2.csv,LFP/normal/vin_211/vin_211_discharge_2.csv,LFP,normal,vin_211,discharge,2,0,,,,
LFP_normal_vin_211_vin_211_discharge_3,D:\作业\论文复现\基线模型\mtad-gat-pytorch\datasets\CH-BATTERY\LFP\normal\vin_211\vin_211_discharge_3.csv,LFP/normal/vin_211/vin_211_discharge_3.csv,LFP,normal,vin_211,discharge,3,0,,,,
LFP_normal_vin_211_vin_211_discharge_4,D:\作业\论文复现\基线模型\mtad-gat-pytorch\datasets\CH-BATTERY\LFP\normal\vin_211\vin_211_discharge_4.csv,LFP/normal/vin_211/vin_211_discharge_4.csv,LFP,normal,vin_211,discharge,4,0,,,,
LFP_normal_vin_211_vin_211_discharge_5,D:\作业\论文复现\基线模型\mtad-gat-pytorch\datasets\CH-BATTERY\LFP\normal\vin_211\vin_211_discharge_5.csv,LFP/normal/vin_211/vin_211_discharge_5.csv,LFP,normal,vin_211,discharge,5,0,,,,
LFP_normal_vin_211_vin_211_discharge_6,D:\作业\论文复现\基线模型\mtad-gat-pytorch\datasets\CH-BATTERY\LFP\normal\vin_211\vin_211_discharge_6.csv,LFP/normal/vin_211/vin_211_discharge_6.csv,LFP,normal,vin_211,discharge,6,0,,,,
LFP_normal_vin_211_vin_211_discharge_7,D:\作业\论文复现\基线模型\mtad-gat-pytorch\datasets\CH-BATTERY\LFP\normal\vin_211\vin_211_discharge_7.csv,LFP/normal/vin_211/vin_211_discharge_7.csv,LFP,normal,vin_211,discharge,7,0,,,,
LFP_normal_vin_211_vin_211_discharge_8,D:\作业\论文复现\基线模型\mtad-gat-pytorch\datasets\CH-BATTERY\LFP\normal\vin_211\vin_211_discharge_8.csv,LFP/normal/vin_211/vin_211_discharge_8.csv,LFP,normal,vin_211,discharge,8,0,,,,
LFP_normal_vin_211_vin_211_discharge_9,D:\作业\论文复现\基线模型\mtad-gat-pytorch\datasets\CH-BATTERY\LFP\normal\vin_211\vin_211_discharge_9.csv,LFP/normal/vin_211/vin_211_discharge_9.csv,LFP,normal,vin_211,discharge,9,0,,,,
LFP_normal_vin_211_vin_211_discharge_10,D:\作业\论文复现\基线模型\mtad-gat-pytorch\datasets\CH-BATTERY\LFP\normal\vin_211\vin_211_discharge_10.csv,LFP/normal/vin_211/vin_211_discharge_10.csv,LFP,normal,vin_211,discharge,10,0,,,,
LFP_normal_vin_212_vin_212_discharge_1,D:\作业\论文复现\基线模型\mtad-gat-pytorch\datasets\CH-BATTERY\LFP\normal\vin_212\vin_212_discharge_1.csv,LFP/normal/vin_212/vin_212_discharge_1.csv,LFP,normal,vin_212,discharge,1,0,,,,
LFP_normal_vin_212_vin_212_discharge_2,D:\作业\论文复现\基线模型\mtad-gat-pytorch\datasets\CH-BATTERY\LFP\normal\vin_212\vin_212_discharge_2.csv,LFP/normal/vin_212/vin_212_discharge_2.csv,LFP,normal,vin_212,discharge,2,0,,,,
LFP_normal_vin_212_vin_212_discharge_3,D:\作业\论文复现\基线模型\mtad-gat-pytorch\datasets\CH-BATTERY\LFP\normal\vin_212\vin_212_discharge_3.csv,LFP/normal/vin_212/vin_212_discharge_3.csv,LFP,normal,vin_212,discharge,3,0,,,,
LFP_normal_vin_212_vin_212_discharge_4,D:\作业\论文复现\基线模型\mtad-gat-pytorch\datasets\CH-BATTERY\LFP\normal\vin_212\vin_212_discharge_4.csv,LFP/normal/vin_212/vin_212_discharge_4.csv,LFP,normal,vin_212,discharge,4,0,,,,
LFP_normal_vin_212_vin_212_discharge_5,D:\作业\论文复现\基线模型\mtad-gat-pytorch\datasets\CH-BATTERY\LFP\normal\vin_212\vin_212_discharge_5.csv,LFP/normal/vin_212/vin_212_discharge_5.csv,LFP,normal,vin_212,discharge,5,0,,,,
LFP_normal_vin_212_vin_212_discharge_6,D:\作业\论文复现\基线模型\mtad-gat-pytorch\datasets\CH-BATTERY\LFP\normal\vin_212\vin_212_discharge_6.csv,LFP/normal/vin_212/vin_212_discharge_6.csv,LFP,normal,vin_212,discharge,6,0,,,,
LFP_normal_vin_212_vin_212_discharge_7,D:\作业\论文复现\基线模型\mtad-gat-pytorch\datasets\CH-BATTERY\LFP\normal\vin_212\vin_212_discharge_7.csv,LFP/normal/vin_212/vin_212_discharge_7.csv,LFP,normal,vin_212,discharge,7,0,,,,
LFP_normal_vin_212_vin_212_discharge_8,D:\作业\论文复现\基线模型\mtad-gat-pytorch\datasets\CH-BATTERY\LFP\normal\vin_212\vin_212_discharge_8.csv,LFP/normal/vin_212/vin_212_discharge_8.csv,LFP,normal,vin_212,discharge,8,0,,,,
LFP_normal_vin_212_vin_212_discharge_9,D:\作业\论文复现\基线模型\mtad-gat-pytorch\datasets\CH-BATTERY\LFP\normal\vin_212\vin_212_discharge_9.csv,LFP/normal/vin_212/vin_212_discharge_9.csv,LFP,normal,vin_212,discharge,9,0,,,,
LFP_normal_vin_212_vin_212_discharge_10,D:\作业\论文复现\基线模型\mtad-gat-pytorch\datasets\CH-BATTERY\LFP\normal\vin_212\vin_212_discharge_10.csv,LFP/normal/vin_212/vin_212_discharge_10.csv,LFP,normal,vin_212,discharge,10,0,,,,
LFP_normal_vin_213_vin_213_discharge_1,D:\作业\论文复现\基线模型\mtad-gat-pytorch\datasets\CH-BATTERY\LFP\normal\vin_213\vin_213_discharge_1.csv,LFP/normal/vin_213/vin_213_discharge_1.csv,LFP,normal,vin_213,discharge,1,0,,,,
LFP_normal_vin_213_vin_213_discharge_2,D:\作业\论文复现\基线模型\mtad-gat-pytorch\datasets\CH-BATTERY\LFP\normal\vin_213\vin_213_discharge_2.csv,LFP/normal/vin_213/vin_213_discharge_2.csv,LFP,normal,vin_213,discharge,2,0,,,,
LFP_normal_vin_213_vin_213_discharge_3,D:\作业\论文复现\基线模型\mtad-gat-pytorch\datasets\CH-BATTERY\LFP\normal\vin_213\vin_213_discharge_3.csv,LFP/normal/vin_213/vin_213_discharge_3.csv,LFP,normal,vin_213,discharge,3,0,,,,
LFP_normal_vin_213_vin_213_discharge_4,D:\作业\论文复现\基线模型\mtad-gat-pytorch\datasets\CH-BATTERY\LFP\normal\vin_213\vin_213_discharge_4.csv,LFP/normal/vin_213/vin_213_discharge_4.csv,LFP,normal,vin_213,discharge,4,0,,,,
LFP_normal_vin_213_vin_213_discharge_5,D:\作业\论文复现\基线模型\mtad-gat-pytorch\datasets\CH-BATTERY\LFP\normal\vin_213\vin_213_discharge_5.csv,LFP/normal/vin_213/vin_213_discharge_5.csv,LFP,normal,vin_213,discharge,5,0,,,,
LFP_normal_vin_213_vin_213_discharge_6,D:\作业\论文复现\基线模型\mtad-gat-pytorch\datasets\CH-BATTERY\LFP\normal\vin_213\vin_213_discharge_6.csv,LFP/normal/vin_213/vin_213_discharge_6.csv,LFP,normal,vin_213,discharge,6,0,,,,
LFP_normal_vin_213_vin_213_discharge_7,D:\作业\论文复现\基线模型\mtad-gat-pytorch\datasets\CH-BATTERY\LFP\normal\vin_213\vin_213_discharge_7.csv,LFP/normal/vin_213/vin_213_discharge_7.csv,LFP,normal,vin_213,discharge,7,0,,,,
LFP_normal_vin_213_vin_213_discharge_8,D:\作业\论文复现\基线模型\mtad-gat-pytorch\datasets\CH-BATTERY\LFP\normal\vin_213\vin_213_discharge_8.csv,LFP/normal/vin_213/vin_213_discharge_8.csv,LFP,normal,vin_213,discharge,8,0,,,,
LFP_normal_vin_213_vin_213_discharge_9,D:\作业\论文复现\基线模型\mtad-gat-pytorch\datasets\CH-BATTERY\LFP\normal\vin_213\vin_213_discharge_9.csv,LFP/normal/vin_213/vin_213_discharge_9.csv,LFP,normal,vin_213,discharge,9,0,,,,
LFP_normal_vin_213_vin_213_discharge_10,D:\作业\论文复现\基线模型\mtad-gat-pytorch\datasets\CH-BATTERY\LFP\normal\vin_213\vin_213_discharge_10.csv,LFP/normal/vin_213/vin_213_discharge_10.csv,LFP,normal,vin_213,discharge,10,0,,,,
LFP_normal_vin_214_vin_214_discharge_1,D:\作业\论文复现\基线模型\mtad-gat-pytorch\datasets\CH-BATTERY\LFP\normal\vin_214\vin_214_discharge_1.csv,LFP/normal/vin_214/vin_214_discharge_1.csv,LFP,normal,vin_214,discharge,1,0,,,,
LFP_normal_vin_214_vin_214_discharge_2,D:\作业\论文复现\基线模型\mtad-gat-pytorch\datasets\CH-BATTERY\LFP\normal\vin_214\vin_214_discharge_2.csv,LFP/normal/vin_214/vin_214_discharge_2.csv,LFP,normal,vin_214,discharge,2,0,,,,
LFP_normal_vin_214_vin_214_discharge_3,D:\作业\论文复现\基线模型\mtad-gat-pytorch\datasets\CH-BATTERY\LFP\normal\vin_214\vin_214_discharge_3.csv,LFP/normal/vin_214/vin_214_discharge_3.csv,LFP,normal,vin_214,discharge,3,0,,,,
LFP_normal_vin_214_vin_214_discharge_4,D:\作业\论文复现\基线模型\mtad-gat-pytorch\datasets\CH-BATTERY\LFP\normal\vin_214\vin_214_discharge_4.csv,LFP/normal/vin_214/vin_214_discharge_4.csv,LFP,normal,vin_214,discharge,4,0,,,,
LFP_normal_vin_214_vin_214_discharge_5,D:\作业\论文复现\基线模型\mtad-gat-pytorch\datasets\CH-BATTERY\LFP\normal\vin_214\vin_214_discharge_5.csv,LFP/normal/vin_214/vin_214_discharge_5.csv,LFP,normal,vin_214,discharge,5,0,,,,
LFP_normal_vin_214_vin_214_discharge_6,D:\作业\论文复现\基线模型\mtad-gat-pytorch\datasets\CH-BATTERY\LFP\normal\vin_214\vin_214_discharge_6.csv,LFP/normal/vin_214/vin_214_discharge_6.csv,LFP,normal,vin_214,discharge,6,0,,,,
LFP_normal_vin_214_vin_214_discharge_7,D:\作业\论文复现\基线模型\mtad-gat-pytorch\datasets\CH-BATTERY\LFP\normal\vin_214\vin_214_discharge_7.csv,LFP/normal/vin_214/vin_214_discharge_7.csv,LFP,normal,vin_214,discharge,7,0,,,,
LFP_normal_vin_214_vin_214_discharge_8,D:\作业\论文复现\基线模型\mtad-gat-pytorch\datasets\CH-BATTERY\LFP\normal\vin_214\vin_214_discharge_8.csv,LFP/normal/vin_214/vin_214_discharge_8.csv,LFP,normal,vin_214,discharge,8,0,,,,
LFP_normal_vin_214_vin_214_discharge_9,D:\作业\论文复现\基线模型\mtad-gat-pytorch\datasets\CH-BATTERY\LFP\normal\vin_214\vin_214_discharge_9.csv,LFP/normal/vin_214/vin_214_discharge_9.csv,LFP,normal,vin_214,discharge,9,0,,,,
LFP_normal_vin_214_vin_214_discharge_10,D:\作业\论文复现\基线模型\mtad-gat-pytorch\datasets\CH-BATTERY\LFP\normal\vin_214\vin_214_discharge_10.csv,LFP/normal/vin_214/vin_214_discharge_10.csv,LFP,normal,vin_214,discharge,10,0,,,,
LFP_normal_vin_215_vin_215_discharge_1,D:\作业\论文复现\基线模型\mtad-gat-pytorch\datasets\CH-BATTERY\LFP\normal\vin_215\vin_215_discharge_1.csv,LFP/normal/vin_215/vin_215_discharge_1.csv,LFP,normal,vin_215,discharge,1,0,,,,
LFP_normal_vin_215_vin_215_discharge_2,D:\作业\论文复现\基线模型\mtad-gat-pytorch\datasets\CH-BATTERY\LFP\normal\vin_215\vin_215_discharge_2.csv,LFP/normal/vin_215/vin_215_discharge_2.csv,LFP,normal,vin_215,discharge,2,0,,,,
LFP_normal_vin_215_vin_215_discharge_3,D:\作业\论文复现\基线模型\mtad-gat-pytorch\datasets\CH-BATTERY\LFP\normal\vin_215\vin_215_discharge_3.csv,LFP/normal/vin_215/vin_215_discharge_3.csv,LFP,normal,vin_215,discharge,3,0,,,,
LFP_normal_vin_215_vin_215_discharge_4,D:\作业\论文复现\基线模型\mtad-gat-pytorch\datasets\CH-BATTERY\LFP\normal\vin_215\vin_215_discharge_4.csv,LFP/normal/vin_215/vin_215_discharge_4.csv,LFP,normal,vin_215,discharge,4,0,,,,
LFP_normal_vin_215_vin_215_discharge_5,D:\作业\论文复现\基线模型\mtad-gat-pytorch\datasets\CH-BATTERY\LFP\normal\vin_215\vin_215_discharge_5.csv,LFP/normal/vin_215/vin_215_discharge_5.csv,LFP,normal,vin_215,discharge,5,0,,,,
LFP_normal_vin_215_vin_215_discharge_6,D:\作业\论文复现\基线模型\mtad-gat-pytorch\datasets\CH-BATTERY\LFP\normal\vin_215\vin_215_discharge_6.csv,LFP/normal/vin_215/vin_215_discharge_6.csv,LFP,normal,vin_215,discharge,6,0,,,,
LFP_normal_vin_215_vin_215_discharge_7,D:\作业\论文复现\基线模型\mtad-gat-pytorch\datasets\CH-BATTERY\LFP\normal\vin_215\vin_215_discharge_7.csv,LFP/normal/vin_215/vin_215_discharge_7.csv,LFP,normal,vin_215,discharge,7,0,,,,
LFP_normal_vin_215_vin_215_discharge_8,D:\作业\论文复现\基线模型\mtad-gat-pytorch\datasets\CH-BATTERY\LFP\normal\vin_215\vin_215_discharge_8.csv,LFP/normal/vin_215/vin_215_discharge_8.csv,LFP,normal,vin_215,discharge,8,0,,,,
LFP_normal_vin_215_vin_215_discharge_9,D:\作业\论文复现\基线模型\mtad-gat-pytorch\datasets\CH-BATTERY\LFP\normal\vin_215\vin_215_discharge_9.csv,LFP/normal/vin_215/vin_215_discharge_9.csv,LFP,normal,vin_215,discharge,9,0,,,,
LFP_normal_vin_215_vin_215_discharge_10,D:\作业\论文复现\基线模型\mtad-gat-pytorch\datasets\CH-BATTERY\LFP\normal\vin_215\vin_215_discharge_10.csv,LFP/normal/vin_215/vin_215_discharge_10.csv,LFP,normal,vin_215,discharge,10,0,,,,
LFP_normal_vin_216_vin_216_discharge_1,D:\作业\论文复现\基线模型\mtad-gat-pytorch\datasets\CH-BATTERY\LFP\normal\vin_216\vin_216_discharge_1.csv,LFP/normal/vin_216/vin_216_discharge_1.csv,LFP,normal,vin_216,discharge,1,0,,,,
LFP_normal_vin_216_vin_216_discharge_2,D:\作业\论文复现\基线模型\mtad-gat-pytorch\datasets\CH-BATTERY\LFP\normal\vin_216\vin_216_discharge_2.csv,LFP/normal/vin_216/vin_216_discharge_2.csv,LFP,normal,vin_216,discharge,2,0,,,,
LFP_normal_vin_216_vin_216_discharge_3,D:\作业\论文复现\基线模型\mtad-gat-pytorch\datasets\CH-BATTERY\LFP\normal\vin_216\vin_216_discharge_3.csv,LFP/normal/vin_216/vin_216_discharge_3.csv,LFP,normal,vin_216,discharge,3,0,,,,
LFP_normal_vin_216_vin_216_discharge_4,D:\作业\论文复现\基线模型\mtad-gat-pytorch\datasets\CH-BATTERY\LFP\normal\vin_216\vin_216_discharge_4.csv,LFP/normal/vin_216/vin_216_discharge_4.csv,LFP,normal,vin_216,discharge,4,0,,,,
LFP_normal_vin_216_vin_216_discharge_5,D:\作业\论文复现\基线模型\mtad-gat-pytorch\datasets\CH-BATTERY\LFP\normal\vin_216\vin_216_discharge_5.csv,LFP/normal/vin_216/vin_216_discharge_5.csv,LFP,normal,vin_216,discharge,5,0,,,,
LFP_normal_vin_216_vin_216_discharge_6,D:\作业\论文复现\基线模型\mtad-gat-pytorch\datasets\CH-BATTERY\LFP\normal\vin_216\vin_216_discharge_6.csv,LFP/normal/vin_216/vin_216_discharge_6.csv,LFP,normal,vin_216,discharge,6,0,,,,
LFP_normal_vin_216_vin_216_discharge_7,D:\作业\论文复现\基线模型\mtad-gat-pytorch\datasets\CH-BATTERY\LFP\normal\vin_216\vin_216_discharge_7.csv,LFP/normal/vin_216/vin_216_discharge_7.csv,LFP,normal,vin_216,discharge,7,0,,,,
LFP_normal_vin_216_vin_216_discharge_8,D:\作业\论文复现\基线模型\mtad-gat-pytorch\datasets\CH-BATTERY\LFP\normal\vin_216\vin_216_discharge_8.csv,LFP/normal/vin_216/vin_216_discharge_8.csv,LFP,normal,vin_216,discharge,8,0,,,,
LFP_normal_vin_216_vin_216_discharge_9,D:\作业\论文复现\基线模型\mtad-gat-pytorch\datasets\CH-BATTERY\LFP\normal\vin_216\vin_216_discharge_9.csv,LFP/normal/vin_216/vin_216_discharge_9.csv,LFP,normal,vin_216,discharge,9,0,,,,
LFP_normal_vin_216_vin_216_discharge_10,D:\作业\论文复现\基线模型\mtad-gat-pytorch\datasets\CH-BATTERY\LFP\normal\vin_216\vin_216_discharge_10.csv,LFP/normal/vin_216/vin_216_discharge_10.csv,LFP,normal,vin_216,discharge,10,0,,,,
LFP_normal_vin_217_vin_217_discharge_1,D:\作业\论文复现\基线模型\mtad-gat-pytorch\datasets\CH-BATTERY\LFP\normal\vin_217\vin_217_discharge_1.csv,LFP/normal/vin_217/vin_217_discharge_1.csv,LFP,normal,vin_217,discharge,1,0,,,,
LFP_normal_vin_217_vin_217_discharge_2,D:\作业\论文复现\基线模型\mtad-gat-pytorch\datasets\CH-BATTERY\LFP\normal\vin_217\vin_217_discharge_2.csv,LFP/normal/vin_217/vin_217_discharge_2.csv,LFP,normal,vin_217,discharge,2,0,,,,
LFP_normal_vin_217_vin_217_discharge_3,D:\作业\论文复现\基线模型\mtad-gat-pytorch\datasets\CH-BATTERY\LFP\normal\vin_217\vin_217_discharge_3.csv,LFP/normal/vin_217/vin_217_discharge_3.csv,LFP,normal,vin_217,discharge,3,0,,,,
LFP_normal_vin_217_vin_217_discharge_4,D:\作业\论文复现\基线模型\mtad-gat-pytorch\datasets\CH-BATTERY\LFP\normal\vin_217\vin_217_discharge_4.csv,LFP/normal/vin_217/vin_217_discharge_4.csv,LFP,normal,vin_217,discharge,4,0,,,,
LFP_normal_vin_217_vin_217_discharge_5,D:\作业\论文复现\基线模型\mtad-gat-pytorch\datasets\CH-BATTERY\LFP\normal\vin_217\vin_217_discharge_5.csv,LFP/normal/vin_217/vin_217_discharge_5.csv,LFP,normal,vin_217,discharge,5,0,,,,
LFP_normal_vin_217_vin_217_discharge_6,D:\作业\论文复现\基线模型\mtad-gat-pytorch\datasets\CH-BATTERY\LFP\normal\vin_217\vin_217_discharge_6.csv,LFP/normal/vin_217/vin_217_discharge_6.csv,LFP,normal,vin_217,discharge,6,0,,,,
LFP_normal_vin_217_vin_217_discharge_7,D:\作业\论文复现\基线模型\mtad-gat-pytorch\datasets\CH-BATTERY\LFP\normal\vin_217\vin_217_discharge_7.csv,LFP/normal/vin_217/vin_217_discharge_7.csv,LFP,normal,vin_217,discharge,7,0,,,,
LFP_normal_vin_217_vin_217_discharge_8,D:\作业\论文复现\基线模型\mtad-gat-pytorch\datasets\CH-BATTERY\LFP\normal\vin_217\vin_217_discharge_8.csv,LFP/normal/vin_217/vin_217_discharge_8.csv,LFP,normal,vin_217,discharge,8,0,,,,
LFP_normal_vin_217_vin_217_discharge_9,D:\作业\论文复现\基线模型\mtad-gat-pytorch\datasets\CH-BATTERY\LFP\normal\vin_217\vin_217_discharge_9.csv,LFP/normal/vin_217/vin_217_discharge_9.csv,LFP,normal,vin_217,discharge,9,0,,,,
LFP_normal_vin_217_vin_217_discharge_10,D:\作业\论文复现\基线模型\mtad-gat-pytorch\datasets\CH-BATTERY\LFP\normal\vin_217\vin_217_discharge_10.csv,LFP/normal/vin_217/vin_217_discharge_10.csv,LFP,normal,vin_217,discharge,10,0,,,,
LFP_normal_vin_218_vin_218_discharge_1,D:\作业\论文复现\基线模型\mtad-gat-pytorch\datasets\CH-BATTERY\LFP\normal\vin_218\vin_218_discharge_1.csv,LFP/normal/vin_218/vin_218_discharge_1.csv,LFP,normal,vin_218,discharge,1,0,,,,
LFP_normal_vin_218_vin_218_discharge_2,D:\作业\论文复现\基线模型\mtad-gat-pytorch\datasets\CH-BATTERY\LFP\normal\vin_218\vin_218_discharge_2.csv,LFP/normal/vin_218/vin_218_discharge_2.csv,LFP,normal,vin_218,discharge,2,0,,,,
LFP_normal_vin_218_vin_218_discharge_3,D:\作业\论文复现\基线模型\mtad-gat-pytorch\datasets\CH-BATTERY\LFP\normal\vin_218\vin_218_discharge_3.csv,LFP/normal/vin_218/vin_218_discharge_3.csv,LFP,normal,vin_218,discharge,3,0,,,,
LFP_normal_vin_218_vin_218_discharge_4,D:\作业\论文复现\基线模型\mtad-gat-pytorch\datasets\CH-BATTERY\LFP\normal\vin_218\vin_218_discharge_4.csv,LFP/normal/vin_218/vin_218_discharge_4.csv,LFP,normal,vin_218,discharge,4,0,,,,
LFP_normal_vin_218_vin_218_discharge_5,D:\作业\论文复现\基线模型\mtad-gat-pytorch\datasets\CH-BATTERY\LFP\normal\vin_218\vin_218_discharge_5.csv,LFP/normal/vin_218/vin_218_discharge_5.csv,LFP,normal,vin_218,discharge,5,0,,,,
LFP_normal_vin_218_vin_218_discharge_6,D:\作业\论文复现\基线模型\mtad-gat-pytorch\datasets\CH-BATTERY\LFP\normal\vin_218\vin_218_discharge_6.csv,LFP/normal/vin_218/vin_218_discharge_6.csv,LFP,normal,vin_218,discharge,6,0,,,,
LFP_normal_vin_218_vin_218_discharge_7,D:\作业\论文复现\基线模型\mtad-gat-pytorch\datasets\CH-BATTERY\LFP\normal\vin_218\vin_218_discharge_7.csv,LFP/normal/vin_218/vin_218_discharge_7.csv,LFP,normal,vin_218,discharge,7,0,,,,
LFP_normal_vin_218_vin_218_discharge_8,D:\作业\论文复现\基线模型\mtad-gat-pytorch\datasets\CH-BATTERY\LFP\normal\vin_218\vin_218_discharge_8.csv,LFP/normal/vin_218/vin_218_discharge_8.csv,LFP,normal,vin_218,discharge,8,0,,,,
LFP_normal_vin_218_vin_218_discharge_9,D:\作业\论文复现\基线模型\mtad-gat-pytorch\datasets\CH-BATTERY\LFP\normal\vin_218\vin_218_discharge_9.csv,LFP/normal/vin_218/vin_218_discharge_9.csv,LFP,normal,vin_218,discharge,9,0,,,,
LFP_normal_vin_218_vin_218_discharge_10,D:\作业\论文复现\基线模型\mtad-gat-pytorch\datasets\CH-BATTERY\LFP\normal\vin_218\vin_218_discharge_10.csv,LFP/normal/vin_218/vin_218_discharge_10.csv,LFP,normal,vin_218,discharge,10,0,,,,
LFP_normal_vin_219_vin_219_discharge_1,D:\作业\论文复现\基线模型\mtad-gat-pytorch\datasets\CH-BATTERY\LFP\normal\vin_219\vin_219_discharge_1.csv,LFP/normal/vin_219/vin_219_discharge_1.csv,LFP,normal,vin_219,discharge,1,0,,,,
LFP_normal_vin_219_vin_219_discharge_2,D:\作业\论文复现\基线模型\mtad-gat-pytorch\datasets\CH-BATTERY\LFP\normal\vin_219\vin_219_discharge_2.csv,LFP/normal/vin_219/vin_219_discharge_2.csv,LFP,normal,vin_219,discharge,2,0,,,,
LFP_normal_vin_219_vin_219_discharge_3,D:\作业\论文复现\基线模型\mtad-gat-pytorch\datasets\CH-BATTERY\LFP\normal\vin_219\vin_219_discharge_3.csv,LFP/normal/vin_219/vin_219_discharge_3.csv,LFP,normal,vin_219,discharge,3,0,,,,
LFP_normal_vin_219_vin_219_discharge_4,D:\作业\论文复现\基线模型\mtad-gat-pytorch\datasets\CH-BATTERY\LFP\normal\vin_219\vin_219_discharge_4.csv,LFP/normal/vin_219/vin_219_discharge_4.csv,LFP,normal,vin_219,discharge,4,0,,,,
LFP_normal_vin_219_vin_219_discharge_5,D:\作业\论文复现\基线模型\mtad-gat-pytorch\datasets\CH-BATTERY\LFP\normal\vin_219\vin_219_discharge_5.csv,LFP/normal/vin_219/vin_219_discharge_5.csv,LFP,normal,vin_219,discharge,5,0,,,,
LFP_normal_vin_219_vin_219_discharge_6,D:\作业\论文复现\基线模型\mtad-gat-pytorch\datasets\CH-BATTERY\LFP\normal\vin_219\vin_219_discharge_6.csv,LFP/normal/vin_219/vin_219_discharge_6.csv,LFP,normal,vin_219,discharge,6,0,,,,
LFP_normal_vin_219_vin_219_discharge_7,D:\作业\论文复现\基线模型\mtad-gat-pytorch\datasets\CH-BATTERY\LFP\normal\vin_219\vin_219_discharge_7.csv,LFP/normal/vin_219/vin_219_discharge_7.csv,LFP,normal,vin_219,discharge,7,0,,,,
LFP_normal_vin_219_vin_219_discharge_8,D:\作业\论文复现\基线模型\mtad-gat-pytorch\datasets\CH-BATTERY\LFP\normal\vin_219\vin_219_discharge_8.csv,LFP/normal/vin_219/vin_219_discharge_8.csv,LFP,normal,vin_219,discharge,8,0,,,,
LFP_normal_vin_219_vin_219_discharge_9,D:\作业\论文复现\基线模型\mtad-gat-pytorch\datasets\CH-BATTERY\LFP\normal\vin_219\vin_219_discharge_9.csv,LFP/normal/vin_219/vin_219_discharge_9.csv,LFP,normal,vin_219,discharge,9,0,,,,
LFP_normal_vin_219_vin_219_discharge_10,D:\作业\论文复现\基线模型\mtad-gat-pytorch\datasets\CH-BATTERY\LFP\normal\vin_219\vin_219_discharge_10.csv,LFP/normal/vin_219/vin_219_discharge_10.csv,LFP,normal,vin_219,discharge,10,0,,,,
LFP_normal_vin_220_vin_220_discharge_1,D:\作业\论文复现\基线模型\mtad-gat-pytorch\datasets\CH-BATTERY\LFP\normal\vin_220\vin_220_discharge_1.csv,LFP/normal/vin_220/vin_220_discharge_1.csv,LFP,normal,vin_220,discharge,1,0,,,,
LFP_normal_vin_220_vin_220_discharge_2,D:\作业\论文复现\基线模型\mtad-gat-pytorch\datasets\CH-BATTERY\LFP\normal\vin_220\vin_220_discharge_2.csv,LFP/normal/vin_220/vin_220_discharge_2.csv,LFP,normal,vin_220,discharge,2,0,,,,
LFP_normal_vin_220_vin_220_discharge_3,D:\作业\论文复现\基线模型\mtad-gat-pytorch\datasets\CH-BATTERY\LFP\normal\vin_220\vin_220_discharge_3.csv,LFP/normal/vin_220/vin_220_discharge_3.csv,LFP,normal,vin_220,discharge,3,0,,,,
LFP_normal_vin_220_vin_220_discharge_4,D:\作业\论文复现\基线模型\mtad-gat-pytorch\datasets\CH-BATTERY\LFP\normal\vin_220\vin_220_discharge_4.csv,LFP/normal/vin_220/vin_220_discharge_4.csv,LFP,normal,vin_220,discharge,4,0,,,,
LFP_normal_vin_220_vin_220_discharge_5,D:\作业\论文复现\基线模型\mtad-gat-pytorch\datasets\CH-BATTERY\LFP\normal\vin_220\vin_220_discharge_5.csv,LFP/normal/vin_220/vin_220_discharge_5.csv,LFP,normal,vin_220,discharge,5,0,,,,
LFP_normal_vin_220_vin_220_discharge_6,D:\作业\论文复现\基线模型\mtad-gat-pytorch\datasets\CH-BATTERY\LFP\normal\vin_220\vin_220_discharge_6.csv,LFP/normal/vin_220/vin_220_discharge_6.csv,LFP,normal,vin_220,discharge,6,0,,,,
LFP_normal_vin_220_vin_220_discharge_7,D:\作业\论文复现\基线模型\mtad-gat-pytorch\datasets\CH-BATTERY\LFP\normal\vin_220\vin_220_discharge_7.csv,LFP/normal/vin_220/vin_220_discharge_7.csv,LFP,normal,vin_220,discharge,7,0,,,,
LFP_normal_vin_220_vin_220_discharge_8,D:\作业\论文复现\基线模型\mtad-gat-pytorch\datasets\CH-BATTERY\LFP\normal\vin_220\vin_220_discharge_8.csv,LFP/normal/vin_220/vin_220_discharge_8.csv,LFP,normal,vin_220,discharge,8,0,,,,
LFP_normal_vin_220_vin_220_discharge_9,D:\作业\论文复现\基线模型\mtad-gat-pytorch\datasets\CH-BATTERY\LFP\normal\vin_220\vin_220_discharge_9.csv,LFP/normal/vin_220/vin_220_discharge_9.csv,LFP,normal,vin_220,discharge,9,0,,,,
LFP_normal_vin_220_vin_220_discharge_10,D:\作业\论文复现\基线模型\mtad-gat-pytorch\datasets\CH-BATTERY\LFP\normal\vin_220\vin_220_discharge_10.csv,LFP/normal/vin_220/vin_220_discharge_10.csv,LFP,normal,vin_220,discharge,10,0,,,,
LFP_normal_vin_221_vin_221_discharge_1,D:\作业\论文复现\基线模型\mtad-gat-pytorch\datasets\CH-BATTERY\LFP\normal\vin_221\vin_221_discharge_1.csv,LFP/normal/vin_221/vin_221_discharge_1.csv,LFP,normal,vin_221,discharge,1,0,,,,
LFP_normal_vin_221_vin_221_discharge_2,D:\作业\论文复现\基线模型\mtad-gat-pytorch\datasets\CH-BATTERY\LFP\normal\vin_221\vin_221_discharge_2.csv,LFP/normal/vin_221/vin_221_discharge_2.csv,LFP,normal,vin_221,discharge,2,0,,,,
LFP_normal_vin_221_vin_221_discharge_3,D:\作业\论文复现\基线模型\mtad-gat-pytorch\datasets\CH-BATTERY\LFP\normal\vin_221\vin_221_discharge_3.csv,LFP/normal/vin_221/vin_221_discharge_3.csv,LFP,normal,vin_221,discharge,3,0,,,,
LFP_normal_vin_221_vin_221_discharge_4,D:\作业\论文复现\基线模型\mtad-gat-pytorch\datasets\CH-BATTERY\LFP\normal\vin_221\vin_221_discharge_4.csv,LFP/normal/vin_221/vin_221_discharge_4.csv,LFP,normal,vin_221,discharge,4,0,,,,
LFP_normal_vin_221_vin_221_discharge_5,D:\作业\论文复现\基线模型\mtad-gat-pytorch\datasets\CH-BATTERY\LFP\normal\vin_221\vin_221_discharge_5.csv,LFP/normal/vin_221/vin_221_discharge_5.csv,LFP,normal,vin_221,discharge,5,0,,,,
LFP_normal_vin_221_vin_221_discharge_6,D:\作业\论文复现\基线模型\mtad-gat-pytorch\datasets\CH-BATTERY\LFP\normal\vin_221\vin_221_discharge_6.csv,LFP/normal/vin_221/vin_221_discharge_6.csv,LFP,normal,vin_221,discharge,6,0,,,,
LFP_normal_vin_221_vin_221_discharge_7,D:\作业\论文复现\基线模型\mtad-gat-pytorch\datasets\CH-BATTERY\LFP\normal\vin_221\vin_221_discharge_7.csv,LFP/normal/vin_221/vin_221_discharge_7.csv,LFP,normal,vin_221,discharge,7,0,,,,
LFP_normal_vin_221_vin_221_discharge_8,D:\作业\论文复现\基线模型\mtad-gat-pytorch\datasets\CH-BATTERY\LFP\normal\vin_221\vin_221_discharge_8.csv,LFP/normal/vin_221/vin_221_discharge_8.csv,LFP,normal,vin_221,discharge,8,0,,,,
LFP_normal_vin_221_vin_221_discharge_9,D:\作业\论文复现\基线模型\mtad-gat-pytorch\datasets\CH-BATTERY\LFP\normal\vin_221\vin_221_discharge_9.csv,LFP/normal/vin_221/vin_221_discharge_9.csv,LFP,normal,vin_221,discharge,9,0,,,,
LFP_normal_vin_221_vin_221_discharge_10,D:\作业\论文复现\基线模型\mtad-gat-pytorch\datasets\CH-BATTERY\LFP\normal\vin_221\vin_221_discharge_10.csv,LFP/normal/vin_221/vin_221_discharge_10.csv,LFP,normal,vin_221,discharge,10,0,,,,
LFP_normal_vin_222_vin_222_discharge_1,D:\作业\论文复现\基线模型\mtad-gat-pytorch\datasets\CH-BATTERY\LFP\normal\vin_222\vin_222_discharge_1.csv,LFP/normal/vin_222/vin_222_discharge_1.csv,LFP,normal,vin_222,discharge,1,0,,,,
LFP_normal_vin_222_vin_222_discharge_2,D:\作业\论文复现\基线模型\mtad-gat-pytorch\datasets\CH-BATTERY\LFP\normal\vin_222\vin_222_discharge_2.csv,LFP/normal/vin_222/vin_222_discharge_2.csv,LFP,normal,vin_222,discharge,2,0,,,,
LFP_normal_vin_222_vin_222_discharge_3,D:\作业\论文复现\基线模型\mtad-gat-pytorch\datasets\CH-BATTERY\LFP\normal\vin_222\vin_222_discharge_3.csv,LFP/normal/vin_222/vin_222_discharge_3.csv,LFP,normal,vin_222,discharge,3,0,,,,
LFP_normal_vin_222_vin_222_discharge_4,D:\作业\论文复现\基线模型\mtad-gat-pytorch\datasets\CH-BATTERY\LFP\normal\vin_222\vin_222_discharge_4.csv,LFP/normal/vin_222/vin_222_discharge_4.csv,LFP,normal,vin_222,discharge,4,0,,,,
LFP_normal_vin_222_vin_222_discharge_5,D:\作业\论文复现\基线模型\mtad-gat-pytorch\datasets\CH-BATTERY\LFP\normal\vin_222\vin_222_discharge_5.csv,LFP/normal/vin_222/vin_222_discharge_5.csv,LFP,normal,vin_222,discharge,5,0,,,,
LFP_normal_vin_222_vin_222_discharge_6,D:\作业\论文复现\基线模型\mtad-gat-pytorch\datasets\CH-BATTERY\LFP\normal\vin_222\vin_222_discharge_6.csv,LFP/normal/vin_222/vin_222_discharge_6.csv,LFP,normal,vin_222,discharge,6,0,,,,
LFP_normal_vin_222_vin_222_discharge_7,D:\作业\论文复现\基线模型\mtad-gat-pytorch\datasets\CH-BATTERY\LFP\normal\vin_222\vin_222_discharge_7.csv,LFP/normal/vin_222/vin_222_discharge_7.csv,LFP,normal,vin_222,discharge,7,0,,,,
LFP_normal_vin_222_vin_222_discharge_8,D:\作业\论文复现\基线模型\mtad-gat-pytorch\datasets\CH-BATTERY\LFP\normal\vin_222\vin_222_discharge_8.csv,LFP/normal/vin_222/vin_222_discharge_8.csv,LFP,normal,vin_222,discharge,8,0,,,,
LFP_normal_vin_222_vin_222_discharge_9,D:\作业\论文复现\基线模型\mtad-gat-pytorch\datasets\CH-BATTERY\LFP\normal\vin_222\vin_222_discharge_9.csv,LFP/normal/vin_222/vin_222_discharge_9.csv,LFP,normal,vin_222,discharge,9,0,,,,
LFP_normal_vin_222_vin_222_discharge_10,D:\作业\论文复现\基线模型\mtad-gat-pytorch\datasets\CH-BATTERY\LFP\normal\vin_222\vin_222_discharge_10.csv,LFP/normal/vin_222/vin_222_discharge_10.csv,LFP,normal,vin_222,discharge,10,0,,,,
LFP_normal_vin_223_vin_223_discharge_1,D:\作业\论文复现\基线模型\mtad-gat-pytorch\datasets\CH-BATTERY\LFP\normal\vin_223\vin_223_discharge_1.csv,LFP/normal/vin_223/vin_223_discharge_1.csv,LFP,normal,vin_223,discharge,1,0,,,,
LFP_normal_vin_223_vin_223_discharge_2,D:\作业\论文复现\基线模型\mtad-gat-pytorch\datasets\CH-BATTERY\LFP\normal\vin_223\vin_223_discharge_2.csv,LFP/normal/vin_223/vin_223_discharge_2.csv,LFP,normal,vin_223,discharge,2,0,,,,
LFP_normal_vin_223_vin_223_discharge_3,D:\作业\论文复现\基线模型\mtad-gat-pytorch\datasets\CH-BATTERY\LFP\normal\vin_223\vin_223_discharge_3.csv,LFP/normal/vin_223/vin_223_discharge_3.csv,LFP,normal,vin_223,discharge,3,0,,,,
LFP_normal_vin_223_vin_223_discharge_4,D:\作业\论文复现\基线模型\mtad-gat-pytorch\datasets\CH-BATTERY\LFP\normal\vin_223\vin_223_discharge_4.csv,LFP/normal/vin_223/vin_223_discharge_4.csv,LFP,normal,vin_223,discharge,4,0,,,,
LFP_normal_vin_223_vin_223_discharge_5,D:\作业\论文复现\基线模型\mtad-gat-pytorch\datasets\CH-BATTERY\LFP\normal\vin_223\vin_223_discharge_5.csv,LFP/normal/vin_223/vin_223_discharge_5.csv,LFP,normal,vin_223,discharge,5,0,,,,
LFP_normal_vin_223_vin_223_discharge_6,D:\作业\论文复现\基线模型\mtad-gat-pytorch\datasets\CH-BATTERY\LFP\normal\vin_223\vin_223_discharge_6.csv,LFP/normal/vin_223/vin_223_discharge_6.csv,LFP,normal,vin_223,discharge,6,0,,,,
LFP_normal_vin_223_vin_223_discharge_7,D:\作业\论文复现\基线模型\mtad-gat-pytorch\datasets\CH-BATTERY\LFP\normal\vin_223\vin_223_discharge_7.csv,LFP/normal/vin_223/vin_223_discharge_7.csv,LFP,normal,vin_223,discharge,7,0,,,,
LFP_normal_vin_223_vin_223_discharge_8,D:\作业\论文复现\基线模型\mtad-gat-pytorch\datasets\CH-BATTERY\LFP\normal\vin_223\vin_223_discharge_8.csv,LFP/normal/vin_223/vin_223_discharge_8.csv,LFP,normal,vin_223,discharge,8,0,,,,
LFP_normal_vin_223_vin_223_discharge_9,D:\作业\论文复现\基线模型\mtad-gat-pytorch\datasets\CH-BATTERY\LFP\normal\vin_223\vin_223_discharge_9.csv,LFP/normal/vin_223/vin_223_discharge_9.csv,LFP,normal,vin_223,discharge,9,0,,,,
LFP_normal_vin_223_vin_223_discharge_10,D:\作业\论文复现\基线模型\mtad-gat-pytorch\datasets\CH-BATTERY\LFP\normal\vin_223\vin_223_discharge_10.csv,LFP/normal/vin_223/vin_223_discharge_10.csv,LFP,normal,vin_223,discharge,10,0,,,,
LFP_normal_vin_224_vin_224_discharge_1,D:\作业\论文复现\基线模型\mtad-gat-pytorch\datasets\CH-BATTERY\LFP\normal\vin_224\vin_224_discharge_1.csv,LFP/normal/vin_224/vin_224_discharge_1.csv,LFP,normal,vin_224,discharge,1,0,,,,
LFP_normal_vin_224_vin_224_discharge_2,D:\作业\论文复现\基线模型\mtad-gat-pytorch\datasets\CH-BATTERY\LFP\normal\vin_224\vin_224_discharge_2.csv,LFP/normal/vin_224/vin_224_discharge_2.csv,LFP,normal,vin_224,discharge,2,0,,,,
LFP_normal_vin_224_vin_224_discharge_3,D:\作业\论文复现\基线模型\mtad-gat-pytorch\datasets\CH-BATTERY\LFP\normal\vin_224\vin_224_discharge_3.csv,LFP/normal/vin_224/vin_224_discharge_3.csv,LFP,normal,vin_224,discharge,3,0,,,,
LFP_normal_vin_224_vin_224_discharge_4,D:\作业\论文复现\基线模型\mtad-gat-pytorch\datasets\CH-BATTERY\LFP\normal\vin_224\vin_224_discharge_4.csv,LFP/normal/vin_224/vin_224_discharge_4.csv,LFP,normal,vin_224,discharge,4,0,,,,
LFP_normal_vin_224_vin_224_discharge_5,D:\作业\论文复现\基线模型\mtad-gat-pytorch\datasets\CH-BATTERY\LFP\normal\vin_224\vin_224_discharge_5.csv,LFP/normal/vin_224/vin_224_discharge_5.csv,LFP,normal,vin_224,discharge,5,0,,,,
LFP_normal_vin_224_vin_224_discharge_6,D:\作业\论文复现\基线模型\mtad-gat-pytorch\datasets\CH-BATTERY\LFP\normal\vin_224\vin_224_discharge_6.csv,LFP/normal/vin_224/vin_224_discharge_6.csv,LFP,normal,vin_224,discharge,6,0,,,,
LFP_normal_vin_224_vin_224_discharge_7,D:\作业\论文复现\基线模型\mtad-gat-pytorch\datasets\CH-BATTERY\LFP\normal\vin_224\vin_224_discharge_7.csv,LFP/normal/vin_224/vin_224_discharge_7.csv,LFP,normal,vin_224,discharge,7,0,,,,
LFP_normal_vin_224_vin_224_discharge_8,D:\作业\论文复现\基线模型\mtad-gat-pytorch\datasets\CH-BATTERY\LFP\normal\vin_224\vin_224_discharge_8.csv,LFP/normal/vin_224/vin_224_discharge_8.csv,LFP,normal,vin_224,discharge,8,0,,,,
LFP_normal_vin_224_vin_224_discharge_9,D:\作业\论文复现\基线模型\mtad-gat-pytorch\datasets\CH-BATTERY\LFP\normal\vin_224\vin_224_discharge_9.csv,LFP/normal/vin_224/vin_224_discharge_9.csv,LFP,normal,vin_224,discharge,9,0,,,,
LFP_normal_vin_224_vin_224_discharge_10,D:\作业\论文复现\基线模型\mtad-gat-pytorch\datasets\CH-BATTERY\LFP\normal\vin_224\vin_224_discharge_10.csv,LFP/normal/vin_224/vin_224_discharge_10.csv,LFP,normal,vin_224,discharge,10,0,,,,
LFP_normal_vin_225_vin_225_discharge_1,D:\作业\论文复现\基线模型\mtad-gat-pytorch\datasets\CH-BATTERY\LFP\normal\vin_225\vin_225_discharge_1.csv,LFP/normal/vin_225/vin_225_discharge_1.csv,LFP,normal,vin_225,discharge,1,0,,,,
LFP_normal_vin_225_vin_225_discharge_2,D:\作业\论文复现\基线模型\mtad-gat-pytorch\datasets\CH-BATTERY\LFP\normal\vin_225\vin_225_discharge_2.csv,LFP/normal/vin_225/vin_225_discharge_2.csv,LFP,normal,vin_225,discharge,2,0,,,,
LFP_normal_vin_225_vin_225_discharge_3,D:\作业\论文复现\基线模型\mtad-gat-pytorch\datasets\CH-BATTERY\LFP\normal\vin_225\vin_225_discharge_3.csv,LFP/normal/vin_225/vin_225_discharge_3.csv,LFP,normal,vin_225,discharge,3,0,,,,
LFP_normal_vin_225_vin_225_discharge_4,D:\作业\论文复现\基线模型\mtad-gat-pytorch\datasets\CH-BATTERY\LFP\normal\vin_225\vin_225_discharge_4.csv,LFP/normal/vin_225/vin_225_discharge_4.csv,LFP,normal,vin_225,discharge,4,0,,,,
LFP_normal_vin_225_vin_225_discharge_5,D:\作业\论文复现\基线模型\mtad-gat-pytorch\datasets\CH-BATTERY\LFP\normal\vin_225\vin_225_discharge_5.csv,LFP/normal/vin_225/vin_225_discharge_5.csv,LFP,normal,vin_225,discharge,5,0,,,,
LFP_normal_vin_225_vin_225_discharge_6,D:\作业\论文复现\基线模型\mtad-gat-pytorch\datasets\CH-BATTERY\LFP\normal\vin_225\vin_225_discharge_6.csv,LFP/normal/vin_225/vin_225_discharge_6.csv,LFP,normal,vin_225,discharge,6,0,,,,
LFP_normal_vin_225_vin_225_discharge_7,D:\作业\论文复现\基线模型\mtad-gat-pytorch\datasets\CH-BATTERY\LFP\normal\vin_225\vin_225_discharge_7.csv,LFP/normal/vin_225/vin_225_discharge_7.csv,LFP,normal,vin_225,discharge,7,0,,,,
LFP_normal_vin_225_vin_225_discharge_8,D:\作业\论文复现\基线模型\mtad-gat-pytorch\datasets\CH-BATTERY\LFP\normal\vin_225\vin_225_discharge_8.csv,LFP/normal/vin_225/vin_225_discharge_8.csv,LFP,normal,vin_225,discharge,8,0,,,,
LFP_normal_vin_225_vin_225_discharge_9,D:\作业\论文复现\基线模型\mtad-gat-pytorch\datasets\CH-BATTERY\LFP\normal\vin_225\vin_225_discharge_9.csv,LFP/normal/vin_225/vin_225_discharge_9.csv,LFP,normal,vin_225,discharge,9,0,,,,
LFP_normal_vin_225_vin_225_discharge_10,D:\作业\论文复现\基线模型\mtad-gat-pytorch\datasets\CH-BATTERY\LFP\normal\vin_225\vin_225_discharge_10.csv,LFP/normal/vin_225/vin_225_discharge_10.csv,LFP,normal,vin_225,discharge,10,0,,,,
LFP_normal_vin_226_vin_226_discharge_1,D:\作业\论文复现\基线模型\mtad-gat-pytorch\datasets\CH-BATTERY\LFP\normal\vin_226\vin_226_discharge_1.csv,LFP/normal/vin_226/vin_226_discharge_1.csv,LFP,normal,vin_226,discharge,1,0,,,,
LFP_normal_vin_226_vin_226_discharge_2,D:\作业\论文复现\基线模型\mtad-gat-pytorch\datasets\CH-BATTERY\LFP\normal\vin_226\vin_226_discharge_2.csv,LFP/normal/vin_226/vin_226_discharge_2.csv,LFP,normal,vin_226,discharge,2,0,,,,
LFP_normal_vin_226_vin_226_discharge_3,D:\作业\论文复现\基线模型\mtad-gat-pytorch\datasets\CH-BATTERY\LFP\normal\vin_226\vin_226_discharge_3.csv,LFP/normal/vin_226/vin_226_discharge_3.csv,LFP,normal,vin_226,discharge,3,0,,,,
LFP_normal_vin_226_vin_226_discharge_4,D:\作业\论文复现\基线模型\mtad-gat-pytorch\datasets\CH-BATTERY\LFP\normal\vin_226\vin_226_discharge_4.csv,LFP/normal/vin_226/vin_226_discharge_4.csv,LFP,normal,vin_226,discharge,4,0,,,,
LFP_normal_vin_226_vin_226_discharge_5,D:\作业\论文复现\基线模型\mtad-gat-pytorch\datasets\CH-BATTERY\LFP\normal\vin_226\vin_226_discharge_5.csv,LFP/normal/vin_226/vin_226_discharge_5.csv,LFP,normal,vin_226,discharge,5,0,,,,
LFP_normal_vin_226_vin_226_discharge_6,D:\作业\论文复现\基线模型\mtad-gat-pytorch\datasets\CH-BATTERY\LFP\normal\vin_226\vin_226_discharge_6.csv,LFP/normal/vin_226/vin_226_discharge_6.csv,LFP,normal,vin_226,discharge,6,0,,,,
LFP_normal_vin_226_vin_226_discharge_7,D:\作业\论文复现\基线模型\mtad-gat-pytorch\datasets\CH-BATTERY\LFP\normal\vin_226\vin_226_discharge_7.csv,LFP/normal/vin_226/vin_226_discharge_7.csv,LFP,normal,vin_226,discharge,7,0,,,,
LFP_normal_vin_226_vin_226_discharge_8,D:\作业\论文复现\基线模型\mtad-gat-pytorch\datasets\CH-BATTERY\LFP\normal\vin_226\vin_226_discharge_8.csv,LFP/normal/vin_226/vin_226_discharge_8.csv,LFP,normal,vin_226,discharge,8,0,,,,
LFP_normal_vin_226_vin_226_discharge_9,D:\作业\论文复现\基线模型\mtad-gat-pytorch\datasets\CH-BATTERY\LFP\normal\vin_226\vin_226_discharge_9.csv,LFP/normal/vin_226/vin_226_discharge_9.csv,LFP,normal,vin_226,discharge,9,0,,,,
LFP_normal_vin_226_vin_226_discharge_10,D:\作业\论文复现\基线模型\mtad-gat-pytorch\datasets\CH-BATTERY\LFP\normal\vin_226\vin_226_discharge_10.csv,LFP/normal/vin_226/vin_226_discharge_10.csv,LFP,normal,vin_226,discharge,10,0,,,,
LFP_normal_vin_228_vin_228_discharge_1,D:\作业\论文复现\基线模型\mtad-gat-pytorch\datasets\CH-BATTERY\LFP\normal\vin_228\vin_228_discharge_1.csv,LFP/normal/vin_228/vin_228_discharge_1.csv,LFP,normal,vin_228,discharge,1,0,,,,
LFP_normal_vin_228_vin_228_discharge_2,D:\作业\论文复现\基线模型\mtad-gat-pytorch\datasets\CH-BATTERY\LFP\normal\vin_228\vin_228_discharge_2.csv,LFP/normal/vin_228/vin_228_discharge_2.csv,LFP,normal,vin_228,discharge,2,0,,,,
LFP_normal_vin_228_vin_228_discharge_3,D:\作业\论文复现\基线模型\mtad-gat-pytorch\datasets\CH-BATTERY\LFP\normal\vin_228\vin_228_discharge_3.csv,LFP/normal/vin_228/vin_228_discharge_3.csv,LFP,normal,vin_228,discharge,3,0,,,,
LFP_normal_vin_228_vin_228_discharge_4,D:\作业\论文复现\基线模型\mtad-gat-pytorch\datasets\CH-BATTERY\LFP\normal\vin_228\vin_228_discharge_4.csv,LFP/normal/vin_228/vin_228_discharge_4.csv,LFP,normal,vin_228,discharge,4,0,,,,
LFP_normal_vin_228_vin_228_discharge_5,D:\作业\论文复现\基线模型\mtad-gat-pytorch\datasets\CH-BATTERY\LFP\normal\vin_228\vin_228_discharge_5.csv,LFP/normal/vin_228/vin_228_discharge_5.csv,LFP,normal,vin_228,discharge,5,0,,,,
LFP_normal_vin_228_vin_228_discharge_6,D:\作业\论文复现\基线模型\mtad-gat-pytorch\datasets\CH-BATTERY\LFP\normal\vin_228\vin_228_discharge_6.csv,LFP/normal/vin_228/vin_228_discharge_6.csv,LFP,normal,vin_228,discharge,6,0,,,,
LFP_normal_vin_228_vin_228_discharge_7,D:\作业\论文复现\基线模型\mtad-gat-pytorch\datasets\CH-BATTERY\LFP\normal\vin_228\vin_228_discharge_7.csv,LFP/normal/vin_228/vin_228_discharge_7.csv,LFP,normal,vin_228,discharge,7,0,,,,
LFP_normal_vin_228_vin_228_discharge_8,D:\作业\论文复现\基线模型\mtad-gat-pytorch\datasets\CH-BATTERY\LFP\normal\vin_228\vin_228_discharge_8.csv,LFP/normal/vin_228/vin_228_discharge_8.csv,LFP,normal,vin_228,discharge,8,0,,,,
LFP_normal_vin_228_vin_228_discharge_9,D:\作业\论文复现\基线模型\mtad-gat-pytorch\datasets\CH-BATTERY\LFP\normal\vin_228\vin_228_discharge_9.csv,LFP/normal/vin_228/vin_228_discharge_9.csv,LFP,normal,vin_228,discharge,9,0,,,,
LFP_normal_vin_228_vin_228_discharge_10,D:\作业\论文复现\基线模型\mtad-gat-pytorch\datasets\CH-BATTERY\LFP\normal\vin_228\vin_228_discharge_10.csv,LFP/normal/vin_228/vin_228_discharge_10.csv,LFP,normal,vin_228,discharge,10,0,,,,
LFP_normal_vin_229_vin_229_discharge_1,D:\作业\论文复现\基线模型\mtad-gat-pytorch\datasets\CH-BATTERY\LFP\normal\vin_229\vin_229_discharge_1.csv,LFP/normal/vin_229/vin_229_discharge_1.csv,LFP,normal,vin_229,discharge,1,0,,,,
LFP_normal_vin_229_vin_229_discharge_2,D:\作业\论文复现\基线模型\mtad-gat-pytorch\datasets\CH-BATTERY\LFP\normal\vin_229\vin_229_discharge_2.csv,LFP/normal/vin_229/vin_229_discharge_2.csv,LFP,normal,vin_229,discharge,2,0,,,,
LFP_normal_vin_229_vin_229_discharge_3,D:\作业\论文复现\基线模型\mtad-gat-pytorch\datasets\CH-BATTERY\LFP\normal\vin_229\vin_229_discharge_3.csv,LFP/normal/vin_229/vin_229_discharge_3.csv,LFP,normal,vin_229,discharge,3,0,,,,
LFP_normal_vin_229_vin_229_discharge_4,D:\作业\论文复现\基线模型\mtad-gat-pytorch\datasets\CH-BATTERY\LFP\normal\vin_229\vin_229_discharge_4.csv,LFP/normal/vin_229/vin_229_discharge_4.csv,LFP,normal,vin_229,discharge,4,0,,,,
LFP_normal_vin_229_vin_229_discharge_5,D:\作业\论文复现\基线模型\mtad-gat-pytorch\datasets\CH-BATTERY\LFP\normal\vin_229\vin_229_discharge_5.csv,LFP/normal/vin_229/vin_229_discharge_5.csv,LFP,normal,vin_229,discharge,5,0,,,,
LFP_normal_vin_229_vin_229_discharge_6,D:\作业\论文复现\基线模型\mtad-gat-pytorch\datasets\CH-BATTERY\LFP\normal\vin_229\vin_229_discharge_6.csv,LFP/normal/vin_229/vin_229_discharge_6.csv,LFP,normal,vin_229,discharge,6,0,,,,
LFP_normal_vin_229_vin_229_discharge_7,D:\作业\论文复现\基线模型\mtad-gat-pytorch\datasets\CH-BATTERY\LFP\normal\vin_229\vin_229_discharge_7.csv,LFP/normal/vin_229/vin_229_discharge_7.csv,LFP,normal,vin_229,discharge,7,0,,,,
LFP_normal_vin_229_vin_229_discharge_8,D:\作业\论文复现\基线模型\mtad-gat-pytorch\datasets\CH-BATTERY\LFP\normal\vin_229\vin_229_discharge_8.csv,LFP/normal/vin_229/vin_229_discharge_8.csv,LFP,normal,vin_229,discharge,8,0,,,,
LFP_normal_vin_229_vin_229_discharge_9,D:\作业\论文复现\基线模型\mtad-gat-pytorch\datasets\CH-BATTERY\LFP\normal\vin_229\vin_229_discharge_9.csv,LFP/normal/vin_229/vin_229_discharge_9.csv,LFP,normal,vin_229,discharge,9,0,,,,
LFP_normal_vin_229_vin_229_discharge_10,D:\作业\论文复现\基线模型\mtad-gat-pytorch\datasets\CH-BATTERY\LFP\normal\vin_229\vin_229_discharge_10.csv,LFP/normal/vin_229/vin_229_discharge_10.csv,LFP,normal,vin_229,discharge,10,0,,,,
LFP_normal_vin_230_vin_230_discharge_1,D:\作业\论文复现\基线模型\mtad-gat-pytorch\datasets\CH-BATTERY\LFP\normal\vin_230\vin_230_discharge_1.csv,LFP/normal/vin_230/vin_230_discharge_1.csv,LFP,normal,vin_230,discharge,1,0,,,,
LFP_normal_vin_230_vin_230_discharge_2,D:\作业\论文复现\基线模型\mtad-gat-pytorch\datasets\CH-BATTERY\LFP\normal\vin_230\vin_230_discharge_2.csv,LFP/normal/vin_230/vin_230_discharge_2.csv,LFP,normal,vin_230,discharge,2,0,,,,
LFP_normal_vin_230_vin_230_discharge_3,D:\作业\论文复现\基线模型\mtad-gat-pytorch\datasets\CH-BATTERY\LFP\normal\vin_230\vin_230_discharge_3.csv,LFP/normal/vin_230/vin_230_discharge_3.csv,LFP,normal,vin_230,discharge,3,0,,,,
LFP_normal_vin_230_vin_230_discharge_4,D:\作业\论文复现\基线模型\mtad-gat-pytorch\datasets\CH-BATTERY\LFP\normal\vin_230\vin_230_discharge_4.csv,LFP/normal/vin_230/vin_230_discharge_4.csv,LFP,normal,vin_230,discharge,4,0,,,,
LFP_normal_vin_230_vin_230_discharge_5,D:\作业\论文复现\基线模型\mtad-gat-pytorch\datasets\CH-BATTERY\LFP\normal\vin_230\vin_230_discharge_5.csv,LFP/normal/vin_230/vin_230_discharge_5.csv,LFP,normal,vin_230,discharge,5,0,,,,
LFP_normal_vin_230_vin_230_discharge_6,D:\作业\论文复现\基线模型\mtad-gat-pytorch\datasets\CH-BATTERY\LFP\normal\vin_230\vin_230_discharge_6.csv,LFP/normal/vin_230/vin_230_discharge_6.csv,LFP,normal,vin_230,discharge,6,0,,,,
LFP_normal_vin_230_vin_230_discharge_7,D:\作业\论文复现\基线模型\mtad-gat-pytorch\datasets\CH-BATTERY\LFP\normal\vin_230\vin_230_discharge_7.csv,LFP/normal/vin_230/vin_230_discharge_7.csv,LFP,normal,vin_230,discharge,7,0,,,,
LFP_normal_vin_230_vin_230_discharge_8,D:\作业\论文复现\基线模型\mtad-gat-pytorch\datasets\CH-BATTERY\LFP\normal\vin_230\vin_230_discharge_8.csv,LFP/normal/vin_230/vin_230_discharge_8.csv,LFP,normal,vin_230,discharge,8,0,,,,
LFP_normal_vin_230_vin_230_discharge_9,D:\作业\论文复现\基线模型\mtad-gat-pytorch\datasets\CH-BATTERY\LFP\normal\vin_230\vin_230_discharge_9.csv,LFP/normal/vin_230/vin_230_discharge_9.csv,LFP,normal,vin_230,discharge,9,0,,,,
LFP_normal_vin_230_vin_230_discharge_10,D:\作业\论文复现\基线模型\mtad-gat-pytorch\datasets\CH-BATTERY\LFP\normal\vin_230\vin_230_discharge_10.csv,LFP/normal/vin_230/vin_230_discharge_10.csv,LFP,normal,vin_230,discharge,10,0,,,,
LFP_normal_vin_233_vin_233_discharge_1,D:\作业\论文复现\基线模型\mtad-gat-pytorch\datasets\CH-BATTERY\LFP\normal\vin_233\vin_233_discharge_1.csv,LFP/normal/vin_233/vin_233_discharge_1.csv,LFP,normal,vin_233,discharge,1,0,,,,
LFP_normal_vin_233_vin_233_discharge_2,D:\作业\论文复现\基线模型\mtad-gat-pytorch\datasets\CH-BATTERY\LFP\normal\vin_233\vin_233_discharge_2.csv,LFP/normal/vin_233/vin_233_discharge_2.csv,LFP,normal,vin_233,discharge,2,0,,,,
LFP_normal_vin_233_vin_233_discharge_3,D:\作业\论文复现\基线模型\mtad-gat-pytorch\datasets\CH-BATTERY\LFP\normal\vin_233\vin_233_discharge_3.csv,LFP/normal/vin_233/vin_233_discharge_3.csv,LFP,normal,vin_233,discharge,3,0,,,,
LFP_normal_vin_233_vin_233_discharge_4,D:\作业\论文复现\基线模型\mtad-gat-pytorch\datasets\CH-BATTERY\LFP\normal\vin_233\vin_233_discharge_4.csv,LFP/normal/vin_233/vin_233_discharge_4.csv,LFP,normal,vin_233,discharge,4,0,,,,
LFP_normal_vin_233_vin_233_discharge_5,D:\作业\论文复现\基线模型\mtad-gat-pytorch\datasets\CH-BATTERY\LFP\normal\vin_233\vin_233_discharge_5.csv,LFP/normal/vin_233/vin_233_discharge_5.csv,LFP,normal,vin_233,discharge,5,0,,,,
LFP_normal_vin_233_vin_233_discharge_6,D:\作业\论文复现\基线模型\mtad-gat-pytorch\datasets\CH-BATTERY\LFP\normal\vin_233\vin_233_discharge_6.csv,LFP/normal/vin_233/vin_233_discharge_6.csv,LFP,normal,vin_233,discharge,6,0,,,,
LFP_normal_vin_233_vin_233_discharge_7,D:\作业\论文复现\基线模型\mtad-gat-pytorch\datasets\CH-BATTERY\LFP\normal\vin_233\vin_233_discharge_7.csv,LFP/normal/vin_233/vin_233_discharge_7.csv,LFP,normal,vin_233,discharge,7,0,,,,
LFP_normal_vin_233_vin_233_discharge_8,D:\作业\论文复现\基线模型\mtad-gat-pytorch\datasets\CH-BATTERY\LFP\normal\vin_233\vin_233_discharge_8.csv,LFP/normal/vin_233/vin_233_discharge_8.csv,LFP,normal,vin_233,discharge,8,0,,,,
LFP_normal_vin_233_vin_233_discharge_9,D:\作业\论文复现\基线模型\mtad-gat-pytorch\datasets\CH-BATTERY\LFP\normal\vin_233\vin_233_discharge_9.csv,LFP/normal/vin_233/vin_233_discharge_9.csv,LFP,normal,vin_233,discharge,9,0,,,,
LFP_normal_vin_233_vin_233_discharge_10,D:\作业\论文复现\基线模型\mtad-gat-pytorch\datasets\CH-BATTERY\LFP\normal\vin_233\vin_233_discharge_10.csv,LFP/normal/vin_233/vin_233_discharge_10.csv,LFP,normal,vin_233,discharge,10,0,,,,
LFP_normal_vin_234_vin_234_discharge_1,D:\作业\论文复现\基线模型\mtad-gat-pytorch\datasets\CH-BATTERY\LFP\normal\vin_234\vin_234_discharge_1.csv,LFP/normal/vin_234/vin_234_discharge_1.csv,LFP,normal,vin_234,discharge,1,0,,,,
LFP_normal_vin_234_vin_234_discharge_2,D:\作业\论文复现\基线模型\mtad-gat-pytorch\datasets\CH-BATTERY\LFP\normal\vin_234\vin_234_discharge_2.csv,LFP/normal/vin_234/vin_234_discharge_2.csv,LFP,normal,vin_234,discharge,2,0,,,,
LFP_normal_vin_234_vin_234_discharge_3,D:\作业\论文复现\基线模型\mtad-gat-pytorch\datasets\CH-BATTERY\LFP\normal\vin_234\vin_234_discharge_3.csv,LFP/normal/vin_234/vin_234_discharge_3.csv,LFP,normal,vin_234,discharge,3,0,,,,
LFP_normal_vin_234_vin_234_discharge_4,D:\作业\论文复现\基线模型\mtad-gat-pytorch\datasets\CH-BATTERY\LFP\normal\vin_234\vin_234_discharge_4.csv,LFP/normal/vin_234/vin_234_discharge_4.csv,LFP,normal,vin_234,discharge,4,0,,,,
LFP_normal_vin_234_vin_234_discharge_5,D:\作业\论文复现\基线模型\mtad-gat-pytorch\datasets\CH-BATTERY\LFP\normal\vin_234\vin_234_discharge_5.csv,LFP/normal/vin_234/vin_234_discharge_5.csv,LFP,normal,vin_234,discharge,5,0,,,,
LFP_normal_vin_234_vin_234_discharge_6,D:\作业\论文复现\基线模型\mtad-gat-pytorch\datasets\CH-BATTERY\LFP\normal\vin_234\vin_234_discharge_6.csv,LFP/normal/vin_234/vin_234_discharge_6.csv,LFP,normal,vin_234,discharge,6,0,,,,
LFP_normal_vin_234_vin_234_discharge_7,D:\作业\论文复现\基线模型\mtad-gat-pytorch\datasets\CH-BATTERY\LFP\normal\vin_234\vin_234_discharge_7.csv,LFP/normal/vin_234/vin_234_discharge_7.csv,LFP,normal,vin_234,discharge,7,0,,,,
LFP_normal_vin_234_vin_234_discharge_8,D:\作业\论文复现\基线模型\mtad-gat-pytorch\datasets\CH-BATTERY\LFP\normal\vin_234\vin_234_discharge_8.csv,LFP/normal/vin_234/vin_234_discharge_8.csv,LFP,normal,vin_234,discharge,8,0,,,,
LFP_normal_vin_234_vin_234_discharge_9,D:\作业\论文复现\基线模型\mtad-gat-pytorch\datasets\CH-BATTERY\LFP\normal\vin_234\vin_234_discharge_9.csv,LFP/normal/vin_234/vin_234_discharge_9.csv,LFP,normal,vin_234,discharge,9,0,,,,
LFP_normal_vin_234_vin_234_discharge_10,D:\作业\论文复现\基线模型\mtad-gat-pytorch\datasets\CH-BATTERY\LFP\normal\vin_234\vin_234_discharge_10.csv,LFP/normal/vin_234/vin_234_discharge_10.csv,LFP,normal,vin_234,discharge,10,0,,,,
LFP_normal_vin_235_vin_235_discharge_1,D:\作业\论文复现\基线模型\mtad-gat-pytorch\datasets\CH-BATTERY\LFP\normal\vin_235\vin_235_discharge_1.csv,LFP/normal/vin_235/vin_235_discharge_1.csv,LFP,normal,vin_235,discharge,1,0,,,,
LFP_normal_vin_235_vin_235_discharge_2,D:\作业\论文复现\基线模型\mtad-gat-pytorch\datasets\CH-BATTERY\LFP\normal\vin_235\vin_235_discharge_2.csv,LFP/normal/vin_235/vin_235_discharge_2.csv,LFP,normal,vin_235,discharge,2,0,,,,
LFP_normal_vin_235_vin_235_discharge_3,D:\作业\论文复现\基线模型\mtad-gat-pytorch\datasets\CH-BATTERY\LFP\normal\vin_235\vin_235_discharge_3.csv,LFP/normal/vin_235/vin_235_discharge_3.csv,LFP,normal,vin_235,discharge,3,0,,,,
LFP_normal_vin_235_vin_235_discharge_4,D:\作业\论文复现\基线模型\mtad-gat-pytorch\datasets\CH-BATTERY\LFP\normal\vin_235\vin_235_discharge_4.csv,LFP/normal/vin_235/vin_235_discharge_4.csv,LFP,normal,vin_235,discharge,4,0,,,,
LFP_normal_vin_235_vin_235_discharge_5,D:\作业\论文复现\基线模型\mtad-gat-pytorch\datasets\CH-BATTERY\LFP\normal\vin_235\vin_235_discharge_5.csv,LFP/normal/vin_235/vin_235_discharge_5.csv,LFP,normal,vin_235,discharge,5,0,,,,
LFP_normal_vin_235_vin_235_discharge_6,D:\作业\论文复现\基线模型\mtad-gat-pytorch\datasets\CH-BATTERY\LFP\normal\vin_235\vin_235_discharge_6.csv,LFP/normal/vin_235/vin_235_discharge_6.csv,LFP,normal,vin_235,discharge,6,0,,,,
LFP_normal_vin_235_vin_235_discharge_7,D:\作业\论文复现\基线模型\mtad-gat-pytorch\datasets\CH-BATTERY\LFP\normal\vin_235\vin_235_discharge_7.csv,LFP/normal/vin_235/vin_235_discharge_7.csv,LFP,normal,vin_235,discharge,7,0,,,,
LFP_normal_vin_235_vin_235_discharge_8,D:\作业\论文复现\基线模型\mtad-gat-pytorch\datasets\CH-BATTERY\LFP\normal\vin_235\vin_235_discharge_8.csv,LFP/normal/vin_235/vin_235_discharge_8.csv,LFP,normal,vin_235,discharge,8,0,,,,
LFP_normal_vin_235_vin_235_discharge_9,D:\作业\论文复现\基线模型\mtad-gat-pytorch\datasets\CH-BATTERY\LFP\normal\vin_235\vin_235_discharge_9.csv,LFP/normal/vin_235/vin_235_discharge_9.csv,LFP,normal,vin_235,discharge,9,0,,,,
LFP_normal_vin_235_vin_235_discharge_10,D:\作业\论文复现\基线模型\mtad-gat-pytorch\datasets\CH-BATTERY\LFP\normal\vin_235\vin_235_discharge_10.csv,LFP/normal/vin_235/vin_235_discharge_10.csv,LFP,normal,vin_235,discharge,10,0,,,,
LFP_normal_vin_236_vin_236_discharge_1,D:\作业\论文复现\基线模型\mtad-gat-pytorch\datasets\CH-BATTERY\LFP\normal\vin_236\vin_236_discharge_1.csv,LFP/normal/vin_236/vin_236_discharge_1.csv,LFP,normal,vin_236,discharge,1,0,,,,
LFP_normal_vin_236_vin_236_discharge_2,D:\作业\论文复现\基线模型\mtad-gat-pytorch\datasets\CH-BATTERY\LFP\normal\vin_236\vin_236_discharge_2.csv,LFP/normal/vin_236/vin_236_discharge_2.csv,LFP,normal,vin_236,discharge,2,0,,,,
LFP_normal_vin_236_vin_236_discharge_3,D:\作业\论文复现\基线模型\mtad-gat-pytorch\datasets\CH-BATTERY\LFP\normal\vin_236\vin_236_discharge_3.csv,LFP/normal/vin_236/vin_236_discharge_3.csv,LFP,normal,vin_236,discharge,3,0,,,,
LFP_normal_vin_236_vin_236_discharge_4,D:\作业\论文复现\基线模型\mtad-gat-pytorch\datasets\CH-BATTERY\LFP\normal\vin_236\vin_236_discharge_4.csv,LFP/normal/vin_236/vin_236_discharge_4.csv,LFP,normal,vin_236,discharge,4,0,,,,
LFP_normal_vin_236_vin_236_discharge_5,D:\作业\论文复现\基线模型\mtad-gat-pytorch\datasets\CH-BATTERY\LFP\normal\vin_236\vin_236_discharge_5.csv,LFP/normal/vin_236/vin_236_discharge_5.csv,LFP,normal,vin_236,discharge,5,0,,,,
LFP_normal_vin_236_vin_236_discharge_6,D:\作业\论文复现\基线模型\mtad-gat-pytorch\datasets\CH-BATTERY\LFP\normal\vin_236\vin_236_discharge_6.csv,LFP/normal/vin_236/vin_236_discharge_6.csv,LFP,normal,vin_236,discharge,6,0,,,,
LFP_normal_vin_236_vin_236_discharge_7,D:\作业\论文复现\基线模型\mtad-gat-pytorch\datasets\CH-BATTERY\LFP\normal\vin_236\vin_236_discharge_7.csv,LFP/normal/vin_236/vin_236_discharge_7.csv,LFP,normal,vin_236,discharge,7,0,,,,
LFP_normal_vin_236_vin_236_discharge_8,D:\作业\论文复现\基线模型\mtad-gat-pytorch\datasets\CH-BATTERY\LFP\normal\vin_236\vin_236_discharge_8.csv,LFP/normal/vin_236/vin_236_discharge_8.csv,LFP,normal,vin_236,discharge,8,0,,,,
LFP_normal_vin_236_vin_236_discharge_9,D:\作业\论文复现\基线模型\mtad-gat-pytorch\datasets\CH-BATTERY\LFP\normal\vin_236\vin_236_discharge_9.csv,LFP/normal/vin_236/vin_236_discharge_9.csv,LFP,normal,vin_236,discharge,9,0,,,,
LFP_normal_vin_236_vin_236_discharge_10,D:\作业\论文复现\基线模型\mtad-gat-pytorch\datasets\CH-BATTERY\LFP\normal\vin_236\vin_236_discharge_10.csv,LFP/normal/vin_236/vin_236_discharge_10.csv,LFP,normal,vin_236,discharge,10,0,,,,
LFP_normal_vin_237_vin_237_discharge_1,D:\作业\论文复现\基线模型\mtad-gat-pytorch\datasets\CH-BATTERY\LFP\normal\vin_237\vin_237_discharge_1.csv,LFP/normal/vin_237/vin_237_discharge_1.csv,LFP,normal,vin_237,discharge,1,0,,,,
LFP_normal_vin_237_vin_237_discharge_2,D:\作业\论文复现\基线模型\mtad-gat-pytorch\datasets\CH-BATTERY\LFP\normal\vin_237\vin_237_discharge_2.csv,LFP/normal/vin_237/vin_237_discharge_2.csv,LFP,normal,vin_237,discharge,2,0,,,,
LFP_normal_vin_237_vin_237_discharge_3,D:\作业\论文复现\基线模型\mtad-gat-pytorch\datasets\CH-BATTERY\LFP\normal\vin_237\vin_237_discharge_3.csv,LFP/normal/vin_237/vin_237_discharge_3.csv,LFP,normal,vin_237,discharge,3,0,,,,
LFP_normal_vin_237_vin_237_discharge_4,D:\作业\论文复现\基线模型\mtad-gat-pytorch\datasets\CH-BATTERY\LFP\normal\vin_237\vin_237_discharge_4.csv,LFP/normal/vin_237/vin_237_discharge_4.csv,LFP,normal,vin_237,discharge,4,0,,,,
LFP_normal_vin_237_vin_237_discharge_5,D:\作业\论文复现\基线模型\mtad-gat-pytorch\datasets\CH-BATTERY\LFP\normal\vin_237\vin_237_discharge_5.csv,LFP/normal/vin_237/vin_237_discharge_5.csv,LFP,normal,vin_237,discharge,5,0,,,,
LFP_normal_vin_237_vin_237_discharge_6,D:\作业\论文复现\基线模型\mtad-gat-pytorch\datasets\CH-BATTERY\LFP\normal\vin_237\vin_237_discharge_6.csv,LFP/normal/vin_237/vin_237_discharge_6.csv,LFP,normal,vin_237,discharge,6,0,,,,
LFP_normal_vin_237_vin_237_discharge_7,D:\作业\论文复现\基线模型\mtad-gat-pytorch\datasets\CH-BATTERY\LFP\normal\vin_237\vin_237_discharge_7.csv,LFP/normal/vin_237/vin_237_discharge_7.csv,LFP,normal,vin_237,discharge,7,0,,,,
LFP_normal_vin_237_vin_237_discharge_8,D:\作业\论文复现\基线模型\mtad-gat-pytorch\datasets\CH-BATTERY\LFP\normal\vin_237\vin_237_discharge_8.csv,LFP/normal/vin_237/vin_237_discharge_8.csv,LFP,normal,vin_237,discharge,8,0,,,,
LFP_normal_vin_237_vin_237_discharge_9,D:\作业\论文复现\基线模型\mtad-gat-pytorch\datasets\CH-BATTERY\LFP\normal\vin_237\vin_237_discharge_9.csv,LFP/normal/vin_237/vin_237_discharge_9.csv,LFP,normal,vin_237,discharge,9,0,,,,
LFP_normal_vin_237_vin_237_discharge_10,D:\作业\论文复现\基线模型\mtad-gat-pytorch\datasets\CH-BATTERY\LFP\normal\vin_237\vin_237_discharge_10.csv,LFP/normal/vin_237/vin_237_discharge_10.csv,LFP,normal,vin_237,discharge,10,0,,,,
LFP_normal_vin_238_vin_238_discharge_1,D:\作业\论文复现\基线模型\mtad-gat-pytorch\datasets\CH-BATTERY\LFP\normal\vin_238\vin_238_discharge_1.csv,LFP/normal/vin_238/vin_238_discharge_1.csv,LFP,normal,vin_238,discharge,1,0,,,,
LFP_normal_vin_238_vin_238_discharge_2,D:\作业\论文复现\基线模型\mtad-gat-pytorch\datasets\CH-BATTERY\LFP\normal\vin_238\vin_238_discharge_2.csv,LFP/normal/vin_238/vin_238_discharge_2.csv,LFP,normal,vin_238,discharge,2,0,,,,
LFP_normal_vin_238_vin_238_discharge_3,D:\作业\论文复现\基线模型\mtad-gat-pytorch\datasets\CH-BATTERY\LFP\normal\vin_238\vin_238_discharge_3.csv,LFP/normal/vin_238/vin_238_discharge_3.csv,LFP,normal,vin_238,discharge,3,0,,,,
LFP_normal_vin_238_vin_238_discharge_4,D:\作业\论文复现\基线模型\mtad-gat-pytorch\datasets\CH-BATTERY\LFP\normal\vin_238\vin_238_discharge_4.csv,LFP/normal/vin_238/vin_238_discharge_4.csv,LFP,normal,vin_238,discharge,4,0,,,,
LFP_normal_vin_238_vin_238_discharge_5,D:\作业\论文复现\基线模型\mtad-gat-pytorch\datasets\CH-BATTERY\LFP\normal\vin_238\vin_238_discharge_5.csv,LFP/normal/vin_238/vin_238_discharge_5.csv,LFP,normal,vin_238,discharge,5,0,,,,
LFP_normal_vin_238_vin_238_discharge_6,D:\作业\论文复现\基线模型\mtad-gat-pytorch\datasets\CH-BATTERY\LFP\normal\vin_238\vin_238_discharge_6.csv,LFP/normal/vin_238/vin_238_discharge_6.csv,LFP,normal,vin_238,discharge,6,0,,,,
LFP_normal_vin_238_vin_238_discharge_7,D:\作业\论文复现\基线模型\mtad-gat-pytorch\datasets\CH-BATTERY\LFP\normal\vin_238\vin_238_discharge_7.csv,LFP/normal/vin_238/vin_238_discharge_7.csv,LFP,normal,vin_238,discharge,7,0,,,,
LFP_normal_vin_238_vin_238_discharge_8,D:\作业\论文复现\基线模型\mtad-gat-pytorch\datasets\CH-BATTERY\LFP\normal\vin_238\vin_238_discharge_8.csv,LFP/normal/vin_238/vin_238_discharge_8.csv,LFP,normal,vin_238,discharge,8,0,,,,
LFP_normal_vin_238_vin_238_discharge_9,D:\作业\论文复现\基线模型\mtad-gat-pytorch\datasets\CH-BATTERY\LFP\normal\vin_238\vin_238_discharge_9.csv,LFP/normal/vin_238/vin_238_discharge_9.csv,LFP,normal,vin_238,discharge,9,0,,,,
LFP_normal_vin_238_vin_238_discharge_10,D:\作业\论文复现\基线模型\mtad-gat-pytorch\datasets\CH-BATTERY\LFP\normal\vin_238\vin_238_discharge_10.csv,LFP/normal/vin_238/vin_238_discharge_10.csv,LFP,normal,vin_238,discharge,10,0,,,,
LFP_normal_vin_239_vin_239_discharge_1,D:\作业\论文复现\基线模型\mtad-gat-pytorch\datasets\CH-BATTERY\LFP\normal\vin_239\vin_239_discharge_1.csv,LFP/normal/vin_239/vin_239_discharge_1.csv,LFP,normal,vin_239,discharge,1,0,,,,
LFP_normal_vin_239_vin_239_discharge_2,D:\作业\论文复现\基线模型\mtad-gat-pytorch\datasets\CH-BATTERY\LFP\normal\vin_239\vin_239_discharge_2.csv,LFP/normal/vin_239/vin_239_discharge_2.csv,LFP,normal,vin_239,discharge,2,0,,,,
LFP_normal_vin_239_vin_239_discharge_3,D:\作业\论文复现\基线模型\mtad-gat-pytorch\datasets\CH-BATTERY\LFP\normal\vin_239\vin_239_discharge_3.csv,LFP/normal/vin_239/vin_239_discharge_3.csv,LFP,normal,vin_239,discharge,3,0,,,,
LFP_normal_vin_239_vin_239_discharge_4,D:\作业\论文复现\基线模型\mtad-gat-pytorch\datasets\CH-BATTERY\LFP\normal\vin_239\vin_239_discharge_4.csv,LFP/normal/vin_239/vin_239_discharge_4.csv,LFP,normal,vin_239,discharge,4,0,,,,
LFP_normal_vin_239_vin_239_discharge_5,D:\作业\论文复现\基线模型\mtad-gat-pytorch\datasets\CH-BATTERY\LFP\normal\vin_239\vin_239_discharge_5.csv,LFP/normal/vin_239/vin_239_discharge_5.csv,LFP,normal,vin_239,discharge,5,0,,,,
LFP_normal_vin_239_vin_239_discharge_6,D:\作业\论文复现\基线模型\mtad-gat-pytorch\datasets\CH-BATTERY\LFP\normal\vin_239\vin_239_discharge_6.csv,LFP/normal/vin_239/vin_239_discharge_6.csv,LFP,normal,vin_239,discharge,6,0,,,,
LFP_normal_vin_239_vin_239_discharge_7,D:\作业\论文复现\基线模型\mtad-gat-pytorch\datasets\CH-BATTERY\LFP\normal\vin_239\vin_239_discharge_7.csv,LFP/normal/vin_239/vin_239_discharge_7.csv,LFP,normal,vin_239,discharge,7,0,,,,
LFP_normal_vin_239_vin_239_discharge_8,D:\作业\论文复现\基线模型\mtad-gat-pytorch\datasets\CH-BATTERY\LFP\normal\vin_239\vin_239_discharge_8.csv,LFP/normal/vin_239/vin_239_discharge_8.csv,LFP,normal,vin_239,discharge,8,0,,,,
LFP_normal_vin_239_vin_239_discharge_9,D:\作业\论文复现\基线模型\mtad-gat-pytorch\datasets\CH-BATTERY\LFP\normal\vin_239\vin_239_discharge_9.csv,LFP/normal/vin_239/vin_239_discharge_9.csv,LFP,normal,vin_239,discharge,9,0,,,,
LFP_normal_vin_239_vin_239_discharge_10,D:\作业\论文复现\基线模型\mtad-gat-pytorch\datasets\CH-BATTERY\LFP\normal\vin_239\vin_239_discharge_10.csv,LFP/normal/vin_239/vin_239_discharge_10.csv,LFP,normal,vin_239,discharge,10,0,,,,
LFP_normal_vin_240_vin_240_discharge_1,D:\作业\论文复现\基线模型\mtad-gat-pytorch\datasets\CH-BATTERY\LFP\normal\vin_240\vin_240_discharge_1.csv,LFP/normal/vin_240/vin_240_discharge_1.csv,LFP,normal,vin_240,discharge,1,0,,,,
LFP_normal_vin_240_vin_240_discharge_2,D:\作业\论文复现\基线模型\mtad-gat-pytorch\datasets\CH-BATTERY\LFP\normal\vin_240\vin_240_discharge_2.csv,LFP/normal/vin_240/vin_240_discharge_2.csv,LFP,normal,vin_240,discharge,2,0,,,,
LFP_normal_vin_240_vin_240_discharge_3,D:\作业\论文复现\基线模型\mtad-gat-pytorch\datasets\CH-BATTERY\LFP\normal\vin_240\vin_240_discharge_3.csv,LFP/normal/vin_240/vin_240_discharge_3.csv,LFP,normal,vin_240,discharge,3,0,,,,
LFP_normal_vin_240_vin_240_discharge_4,D:\作业\论文复现\基线模型\mtad-gat-pytorch\datasets\CH-BATTERY\LFP\normal\vin_240\vin_240_discharge_4.csv,LFP/normal/vin_240/vin_240_discharge_4.csv,LFP,normal,vin_240,discharge,4,0,,,,
LFP_normal_vin_240_vin_240_discharge_5,D:\作业\论文复现\基线模型\mtad-gat-pytorch\datasets\CH-BATTERY\LFP\normal\vin_240\vin_240_discharge_5.csv,LFP/normal/vin_240/vin_240_discharge_5.csv,LFP,normal,vin_240,discharge,5,0,,,,
LFP_normal_vin_240_vin_240_discharge_6,D:\作业\论文复现\基线模型\mtad-gat-pytorch\datasets\CH-BATTERY\LFP\normal\vin_240\vin_240_discharge_6.csv,LFP/normal/vin_240/vin_240_discharge_6.csv,LFP,normal,vin_240,discharge,6,0,,,,
LFP_normal_vin_240_vin_240_discharge_7,D:\作业\论文复现\基线模型\mtad-gat-pytorch\datasets\CH-BATTERY\LFP\normal\vin_240\vin_240_discharge_7.csv,LFP/normal/vin_240/vin_240_discharge_7.csv,LFP,normal,vin_240,discharge,7,0,,,,
LFP_normal_vin_240_vin_240_discharge_8,D:\作业\论文复现\基线模型\mtad-gat-pytorch\datasets\CH-BATTERY\LFP\normal\vin_240\vin_240_discharge_8.csv,LFP/normal/vin_240/vin_240_discharge_8.csv,LFP,normal,vin_240,discharge,8,0,,,,
LFP_normal_vin_240_vin_240_discharge_9,D:\作业\论文复现\基线模型\mtad-gat-pytorch\datasets\CH-BATTERY\LFP\normal\vin_240\vin_240_discharge_9.csv,LFP/normal/vin_240/vin_240_discharge_9.csv,LFP,normal,vin_240,discharge,9,0,,,,
LFP_normal_vin_240_vin_240_discharge_10,D:\作业\论文复现\基线模型\mtad-gat-pytorch\datasets\CH-BATTERY\LFP\normal\vin_240\vin_240_discharge_10.csv,LFP/normal/vin_240/vin_240_discharge_10.csv,LFP,normal,vin_240,discharge,10,0,,,,
LFP_normal_vin_241_vin_241_discharge_1,D:\作业\论文复现\基线模型\mtad-gat-pytorch\datasets\CH-BATTERY\LFP\normal\vin_241\vin_241_discharge_1.csv,LFP/normal/vin_241/vin_241_discharge_1.csv,LFP,normal,vin_241,discharge,1,0,,,,
LFP_normal_vin_241_vin_241_discharge_2,D:\作业\论文复现\基线模型\mtad-gat-pytorch\datasets\CH-BATTERY\LFP\normal\vin_241\vin_241_discharge_2.csv,LFP/normal/vin_241/vin_241_discharge_2.csv,LFP,normal,vin_241,discharge,2,0,,,,
LFP_normal_vin_241_vin_241_discharge_3,D:\作业\论文复现\基线模型\mtad-gat-pytorch\datasets\CH-BATTERY\LFP\normal\vin_241\vin_241_discharge_3.csv,LFP/normal/vin_241/vin_241_discharge_3.csv,LFP,normal,vin_241,discharge,3,0,,,,
LFP_normal_vin_241_vin_241_discharge_4,D:\作业\论文复现\基线模型\mtad-gat-pytorch\datasets\CH-BATTERY\LFP\normal\vin_241\vin_241_discharge_4.csv,LFP/normal/vin_241/vin_241_discharge_4.csv,LFP,normal,vin_241,discharge,4,0,,,,
LFP_normal_vin_241_vin_241_discharge_5,D:\作业\论文复现\基线模型\mtad-gat-pytorch\datasets\CH-BATTERY\LFP\normal\vin_241\vin_241_discharge_5.csv,LFP/normal/vin_241/vin_241_discharge_5.csv,LFP,normal,vin_241,discharge,5,0,,,,
LFP_normal_vin_241_vin_241_discharge_6,D:\作业\论文复现\基线模型\mtad-gat-pytorch\datasets\CH-BATTERY\LFP\normal\vin_241\vin_241_discharge_6.csv,LFP/normal/vin_241/vin_241_discharge_6.csv,LFP,normal,vin_241,discharge,6,0,,,,
LFP_normal_vin_241_vin_241_discharge_7,D:\作业\论文复现\基线模型\mtad-gat-pytorch\datasets\CH-BATTERY\LFP\normal\vin_241\vin_241_discharge_7.csv,LFP/normal/vin_241/vin_241_discharge_7.csv,LFP,normal,vin_241,discharge,7,0,,,,
LFP_normal_vin_241_vin_241_discharge_8,D:\作业\论文复现\基线模型\mtad-gat-pytorch\datasets\CH-BATTERY\LFP\normal\vin_241\vin_241_discharge_8.csv,LFP/normal/vin_241/vin_241_discharge_8.csv,LFP,normal,vin_241,discharge,8,0,,,,
LFP_normal_vin_241_vin_241_discharge_9,D:\作业\论文复现\基线模型\mtad-gat-pytorch\datasets\CH-BATTERY\LFP\normal\vin_241\vin_241_discharge_9.csv,LFP/normal/vin_241/vin_241_discharge_9.csv,LFP,normal,vin_241,discharge,9,0,,,,
LFP_normal_vin_241_vin_241_discharge_10,D:\作业\论文复现\基线模型\mtad-gat-pytorch\datasets\CH-BATTERY\LFP\normal\vin_241\vin_241_discharge_10.csv,LFP/normal/vin_241/vin_241_discharge_10.csv,LFP,normal,vin_241,discharge,10,0,,,,
LFP_normal_vin_242_vin_242_discharge_1,D:\作业\论文复现\基线模型\mtad-gat-pytorch\datasets\CH-BATTERY\LFP\normal\vin_242\vin_242_discharge_1.csv,LFP/normal/vin_242/vin_242_discharge_1.csv,LFP,normal,vin_242,discharge,1,0,,,,
LFP_normal_vin_242_vin_242_discharge_2,D:\作业\论文复现\基线模型\mtad-gat-pytorch\datasets\CH-BATTERY\LFP\normal\vin_242\vin_242_discharge_2.csv,LFP/normal/vin_242/vin_242_discharge_2.csv,LFP,normal,vin_242,discharge,2,0,,,,
LFP_normal_vin_242_vin_242_discharge_3,D:\作业\论文复现\基线模型\mtad-gat-pytorch\datasets\CH-BATTERY\LFP\normal\vin_242\vin_242_discharge_3.csv,LFP/normal/vin_242/vin_242_discharge_3.csv,LFP,normal,vin_242,discharge,3,0,,,,
LFP_normal_vin_242_vin_242_discharge_4,D:\作业\论文复现\基线模型\mtad-gat-pytorch\datasets\CH-BATTERY\LFP\normal\vin_242\vin_242_discharge_4.csv,LFP/normal/vin_242/vin_242_discharge_4.csv,LFP,normal,vin_242,discharge,4,0,,,,
LFP_normal_vin_242_vin_242_discharge_5,D:\作业\论文复现\基线模型\mtad-gat-pytorch\datasets\CH-BATTERY\LFP\normal\vin_242\vin_242_discharge_5.csv,LFP/normal/vin_242/vin_242_discharge_5.csv,LFP,normal,vin_242,discharge,5,0,,,,
LFP_normal_vin_242_vin_242_discharge_6,D:\作业\论文复现\基线模型\mtad-gat-pytorch\datasets\CH-BATTERY\LFP\normal\vin_242\vin_242_discharge_6.csv,LFP/normal/vin_242/vin_242_discharge_6.csv,LFP,normal,vin_242,discharge,6,0,,,,
LFP_normal_vin_242_vin_242_discharge_7,D:\作业\论文复现\基线模型\mtad-gat-pytorch\datasets\CH-BATTERY\LFP\normal\vin_242\vin_242_discharge_7.csv,LFP/normal/vin_242/vin_242_discharge_7.csv,LFP,normal,vin_242,discharge,7,0,,,,
LFP_normal_vin_242_vin_242_discharge_8,D:\作业\论文复现\基线模型\mtad-gat-pytorch\datasets\CH-BATTERY\LFP\normal\vin_242\vin_242_discharge_8.csv,LFP/normal/vin_242/vin_242_discharge_8.csv,LFP,normal,vin_242,discharge,8,0,,,,
LFP_normal_vin_242_vin_242_discharge_9,D:\作业\论文复现\基线模型\mtad-gat-pytorch\datasets\CH-BATTERY\LFP\normal\vin_242\vin_242_discharge_9.csv,LFP/normal/vin_242/vin_242_discharge_9.csv,LFP,normal,vin_242,discharge,9,0,,,,
LFP_normal_vin_242_vin_242_discharge_10,D:\作业\论文复现\基线模型\mtad-gat-pytorch\datasets\CH-BATTERY\LFP\normal\vin_242\vin_242_discharge_10.csv,LFP/normal/vin_242/vin_242_discharge_10.csv,LFP,normal,vin_242,discharge,10,0,,,,
LFP_normal_vin_243_vin_243_discharge_1,D:\作业\论文复现\基线模型\mtad-gat-pytorch\datasets\CH-BATTERY\LFP\normal\vin_243\vin_243_discharge_1.csv,LFP/normal/vin_243/vin_243_discharge_1.csv,LFP,normal,vin_243,discharge,1,0,,,,
LFP_normal_vin_243_vin_243_discharge_2,D:\作业\论文复现\基线模型\mtad-gat-pytorch\datasets\CH-BATTERY\LFP\normal\vin_243\vin_243_discharge_2.csv,LFP/normal/vin_243/vin_243_discharge_2.csv,LFP,normal,vin_243,discharge,2,0,,,,
LFP_normal_vin_243_vin_243_discharge_3,D:\作业\论文复现\基线模型\mtad-gat-pytorch\datasets\CH-BATTERY\LFP\normal\vin_243\vin_243_discharge_3.csv,LFP/normal/vin_243/vin_243_discharge_3.csv,LFP,normal,vin_243,discharge,3,0,,,,
LFP_normal_vin_243_vin_243_discharge_4,D:\作业\论文复现\基线模型\mtad-gat-pytorch\datasets\CH-BATTERY\LFP\normal\vin_243\vin_243_discharge_4.csv,LFP/normal/vin_243/vin_243_discharge_4.csv,LFP,normal,vin_243,discharge,4,0,,,,
LFP_normal_vin_243_vin_243_discharge_5,D:\作业\论文复现\基线模型\mtad-gat-pytorch\datasets\CH-BATTERY\LFP\normal\vin_243\vin_243_discharge_5.csv,LFP/normal/vin_243/vin_243_discharge_5.csv,LFP,normal,vin_243,discharge,5,0,,,,
LFP_normal_vin_243_vin_243_discharge_6,D:\作业\论文复现\基线模型\mtad-gat-pytorch\datasets\CH-BATTERY\LFP\normal\vin_243\vin_243_discharge_6.csv,LFP/normal/vin_243/vin_243_discharge_6.csv,LFP,normal,vin_243,discharge,6,0,,,,
LFP_normal_vin_243_vin_243_discharge_7,D:\作业\论文复现\基线模型\mtad-gat-pytorch\datasets\CH-BATTERY\LFP\normal\vin_243\vin_243_discharge_7.csv,LFP/normal/vin_243/vin_243_discharge_7.csv,LFP,normal,vin_243,discharge,7,0,,,,
LFP_normal_vin_243_vin_243_discharge_8,D:\作业\论文复现\基线模型\mtad-gat-pytorch\datasets\CH-BATTERY\LFP\normal\vin_243\vin_243_discharge_8.csv,LFP/normal/vin_243/vin_243_discharge_8.csv,LFP,normal,vin_243,discharge,8,0,,,,
LFP_normal_vin_243_vin_243_discharge_9,D:\作业\论文复现\基线模型\mtad-gat-pytorch\datasets\CH-BATTERY\LFP\normal\vin_243\vin_243_discharge_9.csv,LFP/normal/vin_243/vin_243_discharge_9.csv,LFP,normal,vin_243,discharge,9,0,,,,
LFP_normal_vin_243_vin_243_discharge_10,D:\作业\论文复现\基线模型\mtad-gat-pytorch\datasets\CH-BATTERY\LFP\normal\vin_243\vin_243_discharge_10.csv,LFP/normal/vin_243/vin_243_discharge_10.csv,LFP,normal,vin_243,discharge,10,0,,,,
LFP_normal_vin_244_vin_244_discharge_1,D:\作业\论文复现\基线模型\mtad-gat-pytorch\datasets\CH-BATTERY\LFP\normal\vin_244\vin_244_discharge_1.csv,LFP/normal/vin_244/vin_244_discharge_1.csv,LFP,normal,vin_244,discharge,1,0,,,,
LFP_normal_vin_244_vin_244_discharge_2,D:\作业\论文复现\基线模型\mtad-gat-pytorch\datasets\CH-BATTERY\LFP\normal\vin_244\vin_244_discharge_2.csv,LFP/normal/vin_244/vin_244_discharge_2.csv,LFP,normal,vin_244,discharge,2,0,,,,
LFP_normal_vin_244_vin_244_discharge_3,D:\作业\论文复现\基线模型\mtad-gat-pytorch\datasets\CH-BATTERY\LFP\normal\vin_244\vin_244_discharge_3.csv,LFP/normal/vin_244/vin_244_discharge_3.csv,LFP,normal,vin_244,discharge,3,0,,,,
LFP_normal_vin_244_vin_244_discharge_4,D:\作业\论文复现\基线模型\mtad-gat-pytorch\datasets\CH-BATTERY\LFP\normal\vin_244\vin_244_discharge_4.csv,LFP/normal/vin_244/vin_244_discharge_4.csv,LFP,normal,vin_244,discharge,4,0,,,,
LFP_normal_vin_244_vin_244_discharge_5,D:\作业\论文复现\基线模型\mtad-gat-pytorch\datasets\CH-BATTERY\LFP\normal\vin_244\vin_244_discharge_5.csv,LFP/normal/vin_244/vin_244_discharge_5.csv,LFP,normal,vin_244,discharge,5,0,,,,
LFP_normal_vin_244_vin_244_discharge_6,D:\作业\论文复现\基线模型\mtad-gat-pytorch\datasets\CH-BATTERY\LFP\normal\vin_244\vin_244_discharge_6.csv,LFP/normal/vin_244/vin_244_discharge_6.csv,LFP,normal,vin_244,discharge,6,0,,,,
LFP_normal_vin_244_vin_244_discharge_7,D:\作业\论文复现\基线模型\mtad-gat-pytorch\datasets\CH-BATTERY\LFP\normal\vin_244\vin_244_discharge_7.csv,LFP/normal/vin_244/vin_244_discharge_7.csv,LFP,normal,vin_244,discharge,7,0,,,,
LFP_normal_vin_244_vin_244_discharge_8,D:\作业\论文复现\基线模型\mtad-gat-pytorch\datasets\CH-BATTERY\LFP\normal\vin_244\vin_244_discharge_8.csv,LFP/normal/vin_244/vin_244_discharge_8.csv,LFP,normal,vin_244,discharge,8,0,,,,
LFP_normal_vin_244_vin_244_discharge_9,D:\作业\论文复现\基线模型\mtad-gat-pytorch\datasets\CH-BATTERY\LFP\normal\vin_244\vin_244_discharge_9.csv,LFP/normal/vin_244/vin_244_discharge_9.csv,LFP,normal,vin_244,discharge,9,0,,,,
LFP_normal_vin_244_vin_244_discharge_10,D:\作业\论文复现\基线模型\mtad-gat-pytorch\datasets\CH-BATTERY\LFP\normal\vin_244\vin_244_discharge_10.csv,LFP/normal/vin_244/vin_244_discharge_10.csv,LFP,normal,vin_244,discharge,10,0,,,,
LFP_normal_vin_245_vin_245_discharge_1,D:\作业\论文复现\基线模型\mtad-gat-pytorch\datasets\CH-BATTERY\LFP\normal\vin_245\vin_245_discharge_1.csv,LFP/normal/vin_245/vin_245_discharge_1.csv,LFP,normal,vin_245,discharge,1,0,,,,
LFP_normal_vin_245_vin_245_discharge_2,D:\作业\论文复现\基线模型\mtad-gat-pytorch\datasets\CH-BATTERY\LFP\normal\vin_245\vin_245_discharge_2.csv,LFP/normal/vin_245/vin_245_discharge_2.csv,LFP,normal,vin_245,discharge,2,0,,,,
LFP_normal_vin_245_vin_245_discharge_3,D:\作业\论文复现\基线模型\mtad-gat-pytorch\datasets\CH-BATTERY\LFP\normal\vin_245\vin_245_discharge_3.csv,LFP/normal/vin_245/vin_245_discharge_3.csv,LFP,normal,vin_245,discharge,3,0,,,,
LFP_normal_vin_245_vin_245_discharge_4,D:\作业\论文复现\基线模型\mtad-gat-pytorch\datasets\CH-BATTERY\LFP\normal\vin_245\vin_245_discharge_4.csv,LFP/normal/vin_245/vin_245_discharge_4.csv,LFP,normal,vin_245,discharge,4,0,,,,
LFP_normal_vin_245_vin_245_discharge_5,D:\作业\论文复现\基线模型\mtad-gat-pytorch\datasets\CH-BATTERY\LFP\normal\vin_245\vin_245_discharge_5.csv,LFP/normal/vin_245/vin_245_discharge_5.csv,LFP,normal,vin_245,discharge,5,0,,,,
LFP_normal_vin_245_vin_245_discharge_6,D:\作业\论文复现\基线模型\mtad-gat-pytorch\datasets\CH-BATTERY\LFP\normal\vin_245\vin_245_discharge_6.csv,LFP/normal/vin_245/vin_245_discharge_6.csv,LFP,normal,vin_245,discharge,6,0,,,,
LFP_normal_vin_245_vin_245_discharge_7,D:\作业\论文复现\基线模型\mtad-gat-pytorch\datasets\CH-BATTERY\LFP\normal\vin_245\vin_245_discharge_7.csv,LFP/normal/vin_245/vin_245_discharge_7.csv,LFP,normal,vin_245,discharge,7,0,,,,
LFP_normal_vin_245_vin_245_discharge_8,D:\作业\论文复现\基线模型\mtad-gat-pytorch\datasets\CH-BATTERY\LFP\normal\vin_245\vin_245_discharge_8.csv,LFP/normal/vin_245/vin_245_discharge_8.csv,LFP,normal,vin_245,discharge,8,0,,,,
LFP_normal_vin_245_vin_245_discharge_9,D:\作业\论文复现\基线模型\mtad-gat-pytorch\datasets\CH-BATTERY\LFP\normal\vin_245\vin_245_discharge_9.csv,LFP/normal/vin_245/vin_245_discharge_9.csv,LFP,normal,vin_245,discharge,9,0,,,,
LFP_normal_vin_245_vin_245_discharge_10,D:\作业\论文复现\基线模型\mtad-gat-pytorch\datasets\CH-BATTERY\LFP\normal\vin_245\vin_245_discharge_10.csv,LFP/normal/vin_245/vin_245_discharge_10.csv,LFP,normal,vin_245,discharge,10,0,,,,
LFP_normal_vin_246_vin_246_discharge_1,D:\作业\论文复现\基线模型\mtad-gat-pytorch\datasets\CH-BATTERY\LFP\normal\vin_246\vin_246_discharge_1.csv,LFP/normal/vin_246/vin_246_discharge_1.csv,LFP,normal,vin_246,discharge,1,0,,,,
LFP_normal_vin_246_vin_246_discharge_2,D:\作业\论文复现\基线模型\mtad-gat-pytorch\datasets\CH-BATTERY\LFP\normal\vin_246\vin_246_discharge_2.csv,LFP/normal/vin_246/vin_246_discharge_2.csv,LFP,normal,vin_246,discharge,2,0,,,,
LFP_normal_vin_246_vin_246_discharge_3,D:\作业\论文复现\基线模型\mtad-gat-pytorch\datasets\CH-BATTERY\LFP\normal\vin_246\vin_246_discharge_3.csv,LFP/normal/vin_246/vin_246_discharge_3.csv,LFP,normal,vin_246,discharge,3,0,,,,
LFP_normal_vin_246_vin_246_discharge_4,D:\作业\论文复现\基线模型\mtad-gat-pytorch\datasets\CH-BATTERY\LFP\normal\vin_246\vin_246_discharge_4.csv,LFP/normal/vin_246/vin_246_discharge_4.csv,LFP,normal,vin_246,discharge,4,0,,,,
LFP_normal_vin_246_vin_246_discharge_5,D:\作业\论文复现\基线模型\mtad-gat-pytorch\datasets\CH-BATTERY\LFP\normal\vin_246\vin_246_discharge_5.csv,LFP/normal/vin_246/vin_246_discharge_5.csv,LFP,normal,vin_246,discharge,5,0,,,,
LFP_normal_vin_246_vin_246_discharge_6,D:\作业\论文复现\基线模型\mtad-gat-pytorch\datasets\CH-BATTERY\LFP\normal\vin_246\vin_246_discharge_6.csv,LFP/normal/vin_246/vin_246_discharge_6.csv,LFP,normal,vin_246,discharge,6,0,,,,
LFP_normal_vin_246_vin_246_discharge_7,D:\作业\论文复现\基线模型\mtad-gat-pytorch\datasets\CH-BATTERY\LFP\normal\vin_246\vin_246_discharge_7.csv,LFP/normal/vin_246/vin_246_discharge_7.csv,LFP,normal,vin_246,discharge,7,0,,,,
LFP_normal_vin_246_vin_246_discharge_8,D:\作业\论文复现\基线模型\mtad-gat-pytorch\datasets\CH-BATTERY\LFP\normal\vin_246\vin_246_discharge_8.csv,LFP/normal/vin_246/vin_246_discharge_8.csv,LFP,normal,vin_246,discharge,8,0,,,,
LFP_normal_vin_246_vin_246_discharge_9,D:\作业\论文复现\基线模型\mtad-gat-pytorch\datasets\CH-BATTERY\LFP\normal\vin_246\vin_246_discharge_9.csv,LFP/normal/vin_246/vin_246_discharge_9.csv,LFP,normal,vin_246,discharge,9,0,,,,
LFP_normal_vin_246_vin_246_discharge_10,D:\作业\论文复现\基线模型\mtad-gat-pytorch\datasets\CH-BATTERY\LFP\normal\vin_246\vin_246_discharge_10.csv,LFP/normal/vin_246/vin_246_discharge_10.csv,LFP,normal,vin_246,discharge,10,0,,,,
LFP_normal_vin_247_vin_247_discharge_1,D:\作业\论文复现\基线模型\mtad-gat-pytorch\datasets\CH-BATTERY\LFP\normal\vin_247\vin_247_discharge_1.csv,LFP/normal/vin_247/vin_247_discharge_1.csv,LFP,normal,vin_247,discharge,1,0,,,,
LFP_normal_vin_247_vin_247_discharge_2,D:\作业\论文复现\基线模型\mtad-gat-pytorch\datasets\CH-BATTERY\LFP\normal\vin_247\vin_247_discharge_2.csv,LFP/normal/vin_247/vin_247_discharge_2.csv,LFP,normal,vin_247,discharge,2,0,,,,
LFP_normal_vin_247_vin_247_discharge_3,D:\作业\论文复现\基线模型\mtad-gat-pytorch\datasets\CH-BATTERY\LFP\normal\vin_247\vin_247_discharge_3.csv,LFP/normal/vin_247/vin_247_discharge_3.csv,LFP,normal,vin_247,discharge,3,0,,,,
LFP_normal_vin_247_vin_247_discharge_4,D:\作业\论文复现\基线模型\mtad-gat-pytorch\datasets\CH-BATTERY\LFP\normal\vin_247\vin_247_discharge_4.csv,LFP/normal/vin_247/vin_247_discharge_4.csv,LFP,normal,vin_247,discharge,4,0,,,,
LFP_normal_vin_247_vin_247_discharge_5,D:\作业\论文复现\基线模型\mtad-gat-pytorch\datasets\CH-BATTERY\LFP\normal\vin_247\vin_247_discharge_5.csv,LFP/normal/vin_247/vin_247_discharge_5.csv,LFP,normal,vin_247,discharge,5,0,,,,
LFP_normal_vin_247_vin_247_discharge_6,D:\作业\论文复现\基线模型\mtad-gat-pytorch\datasets\CH-BATTERY\LFP\normal\vin_247\vin_247_discharge_6.csv,LFP/normal/vin_247/vin_247_discharge_6.csv,LFP,normal,vin_247,discharge,6,0,,,,
LFP_normal_vin_247_vin_247_discharge_7,D:\作业\论文复现\基线模型\mtad-gat-pytorch\datasets\CH-BATTERY\LFP\normal\vin_247\vin_247_discharge_7.csv,LFP/normal/vin_247/vin_247_discharge_7.csv,LFP,normal,vin_247,discharge,7,0,,,,
LFP_normal_vin_247_vin_247_discharge_8,D:\作业\论文复现\基线模型\mtad-gat-pytorch\datasets\CH-BATTERY\LFP\normal\vin_247\vin_247_discharge_8.csv,LFP/normal/vin_247/vin_247_discharge_8.csv,LFP,normal,vin_247,discharge,8,0,,,,
LFP_normal_vin_247_vin_247_discharge_9,D:\作业\论文复现\基线模型\mtad-gat-pytorch\datasets\CH-BATTERY\LFP\normal\vin_247\vin_247_discharge_9.csv,LFP/normal/vin_247/vin_247_discharge_9.csv,LFP,normal,vin_247,discharge,9,0,,,,
LFP_normal_vin_247_vin_247_discharge_10,D:\作业\论文复现\基线模型\mtad-gat-pytorch\datasets\CH-BATTERY\LFP\normal\vin_247\vin_247_discharge_10.csv,LFP/normal/vin_247/vin_247_discharge_10.csv,LFP,normal,vin_247,discharge,10,0,,,,
LFP_normal_vin_248_vin_248_discharge_1,D:\作业\论文复现\基线模型\mtad-gat-pytorch\datasets\CH-BATTERY\LFP\normal\vin_248\vin_248_discharge_1.csv,LFP/normal/vin_248/vin_248_discharge_1.csv,LFP,normal,vin_248,discharge,1,0,,,,
LFP_normal_vin_248_vin_248_discharge_2,D:\作业\论文复现\基线模型\mtad-gat-pytorch\datasets\CH-BATTERY\LFP\normal\vin_248\vin_248_discharge_2.csv,LFP/normal/vin_248/vin_248_discharge_2.csv,LFP,normal,vin_248,discharge,2,0,,,,
LFP_normal_vin_248_vin_248_discharge_3,D:\作业\论文复现\基线模型\mtad-gat-pytorch\datasets\CH-BATTERY\LFP\normal\vin_248\vin_248_discharge_3.csv,LFP/normal/vin_248/vin_248_discharge_3.csv,LFP,normal,vin_248,discharge,3,0,,,,
LFP_normal_vin_248_vin_248_discharge_4,D:\作业\论文复现\基线模型\mtad-gat-pytorch\datasets\CH-BATTERY\LFP\normal\vin_248\vin_248_discharge_4.csv,LFP/normal/vin_248/vin_248_discharge_4.csv,LFP,normal,vin_248,discharge,4,0,,,,
LFP_normal_vin_248_vin_248_discharge_5,D:\作业\论文复现\基线模型\mtad-gat-pytorch\datasets\CH-BATTERY\LFP\normal\vin_248\vin_248_discharge_5.csv,LFP/normal/vin_248/vin_248_discharge_5.csv,LFP,normal,vin_248,discharge,5,0,,,,
LFP_normal_vin_248_vin_248_discharge_6,D:\作业\论文复现\基线模型\mtad-gat-pytorch\datasets\CH-BATTERY\LFP\normal\vin_248\vin_248_discharge_6.csv,LFP/normal/vin_248/vin_248_discharge_6.csv,LFP,normal,vin_248,discharge,6,0,,,,
LFP_normal_vin_248_vin_248_discharge_7,D:\作业\论文复现\基线模型\mtad-gat-pytorch\datasets\CH-BATTERY\LFP\normal\vin_248\vin_248_discharge_7.csv,LFP/normal/vin_248/vin_248_discharge_7.csv,LFP,normal,vin_248,discharge,7,0,,,,
LFP_normal_vin_248_vin_248_discharge_8,D:\作业\论文复现\基线模型\mtad-gat-pytorch\datasets\CH-BATTERY\LFP\normal\vin_248\vin_248_discharge_8.csv,LFP/normal/vin_248/vin_248_discharge_8.csv,LFP,normal,vin_248,discharge,8,0,,,,
LFP_normal_vin_248_vin_248_discharge_9,D:\作业\论文复现\基线模型\mtad-gat-pytorch\datasets\CH-BATTERY\LFP\normal\vin_248\vin_248_discharge_9.csv,LFP/normal/vin_248/vin_248_discharge_9.csv,LFP,normal,vin_248,discharge,9,0,,,,
LFP_normal_vin_248_vin_248_discharge_10,D:\作业\论文复现\基线模型\mtad-gat-pytorch\datasets\CH-BATTERY\LFP\normal\vin_248\vin_248_discharge_10.csv,LFP/normal/vin_248/vin_248_discharge_10.csv,LFP,normal,vin_248,discharge,10,0,,,,
LFP_normal_vin_250_vin_250_discharge_1,D:\作业\论文复现\基线模型\mtad-gat-pytorch\datasets\CH-BATTERY\LFP\normal\vin_250\vin_250_discharge_1.csv,LFP/normal/vin_250/vin_250_discharge_1.csv,LFP,normal,vin_250,discharge,1,0,,,,
LFP_normal_vin_250_vin_250_discharge_2,D:\作业\论文复现\基线模型\mtad-gat-pytorch\datasets\CH-BATTERY\LFP\normal\vin_250\vin_250_discharge_2.csv,LFP/normal/vin_250/vin_250_discharge_2.csv,LFP,normal,vin_250,discharge,2,0,,,,
LFP_normal_vin_250_vin_250_discharge_3,D:\作业\论文复现\基线模型\mtad-gat-pytorch\datasets\CH-BATTERY\LFP\normal\vin_250\vin_250_discharge_3.csv,LFP/normal/vin_250/vin_250_discharge_3.csv,LFP,normal,vin_250,discharge,3,0,,,,
LFP_normal_vin_250_vin_250_discharge_4,D:\作业\论文复现\基线模型\mtad-gat-pytorch\datasets\CH-BATTERY\LFP\normal\vin_250\vin_250_discharge_4.csv,LFP/normal/vin_250/vin_250_discharge_4.csv,LFP,normal,vin_250,discharge,4,0,,,,
LFP_normal_vin_250_vin_250_discharge_5,D:\作业\论文复现\基线模型\mtad-gat-pytorch\datasets\CH-BATTERY\LFP\normal\vin_250\vin_250_discharge_5.csv,LFP/normal/vin_250/vin_250_discharge_5.csv,LFP,normal,vin_250,discharge,5,0,,,,
LFP_normal_vin_250_vin_250_discharge_6,D:\作业\论文复现\基线模型\mtad-gat-pytorch\datasets\CH-BATTERY\LFP\normal\vin_250\vin_250_discharge_6.csv,LFP/normal/vin_250/vin_250_discharge_6.csv,LFP,normal,vin_250,discharge,6,0,,,,
LFP_normal_vin_250_vin_250_discharge_7,D:\作业\论文复现\基线模型\mtad-gat-pytorch\datasets\CH-BATTERY\LFP\normal\vin_250\vin_250_discharge_7.csv,LFP/normal/vin_250/vin_250_discharge_7.csv,LFP,normal,vin_250,discharge,7,0,,,,
LFP_normal_vin_250_vin_250_discharge_8,D:\作业\论文复现\基线模型\mtad-gat-pytorch\datasets\CH-BATTERY\LFP\normal\vin_250\vin_250_discharge_8.csv,LFP/normal/vin_250/vin_250_discharge_8.csv,LFP,normal,vin_250,discharge,8,0,,,,
LFP_normal_vin_250_vin_250_discharge_9,D:\作业\论文复现\基线模型\mtad-gat-pytorch\datasets\CH-BATTERY\LFP\normal\vin_250\vin_250_discharge_9.csv,LFP/normal/vin_250/vin_250_discharge_9.csv,LFP,normal,vin_250,discharge,9,0,,,,
LFP_normal_vin_250_vin_250_discharge_10,D:\作业\论文复现\基线模型\mtad-gat-pytorch\datasets\CH-BATTERY\LFP\normal\vin_250\vin_250_discharge_10.csv,LFP/normal/vin_250/vin_250_discharge_10.csv,LFP,normal,vin_250,discharge,10,0,,,,
LFP_normal_vin_251_vin_251_discharge_1,D:\作业\论文复现\基线模型\mtad-gat-pytorch\datasets\CH-BATTERY\LFP\normal\vin_251\vin_251_discharge_1.csv,LFP/normal/vin_251/vin_251_discharge_1.csv,LFP,normal,vin_251,discharge,1,0,,,,
LFP_normal_vin_251_vin_251_discharge_2,D:\作业\论文复现\基线模型\mtad-gat-pytorch\datasets\CH-BATTERY\LFP\normal\vin_251\vin_251_discharge_2.csv,LFP/normal/vin_251/vin_251_discharge_2.csv,LFP,normal,vin_251,discharge,2,0,,,,
LFP_normal_vin_251_vin_251_discharge_3,D:\作业\论文复现\基线模型\mtad-gat-pytorch\datasets\CH-BATTERY\LFP\normal\vin_251\vin_251_discharge_3.csv,LFP/normal/vin_251/vin_251_discharge_3.csv,LFP,normal,vin_251,discharge,3,0,,,,
LFP_normal_vin_251_vin_251_discharge_4,D:\作业\论文复现\基线模型\mtad-gat-pytorch\datasets\CH-BATTERY\LFP\normal\vin_251\vin_251_discharge_4.csv,LFP/normal/vin_251/vin_251_discharge_4.csv,LFP,normal,vin_251,discharge,4,0,,,,
LFP_normal_vin_251_vin_251_discharge_5,D:\作业\论文复现\基线模型\mtad-gat-pytorch\datasets\CH-BATTERY\LFP\normal\vin_251\vin_251_discharge_5.csv,LFP/normal/vin_251/vin_251_discharge_5.csv,LFP,normal,vin_251,discharge,5,0,,,,
LFP_normal_vin_251_vin_251_discharge_6,D:\作业\论文复现\基线模型\mtad-gat-pytorch\datasets\CH-BATTERY\LFP\normal\vin_251\vin_251_discharge_6.csv,LFP/normal/vin_251/vin_251_discharge_6.csv,LFP,normal,vin_251,discharge,6,0,,,,
LFP_normal_vin_251_vin_251_discharge_7,D:\作业\论文复现\基线模型\mtad-gat-pytorch\datasets\CH-BATTERY\LFP\normal\vin_251\vin_251_discharge_7.csv,LFP/normal/vin_251/vin_251_discharge_7.csv,LFP,normal,vin_251,discharge,7,0,,,,
LFP_normal_vin_251_vin_251_discharge_8,D:\作业\论文复现\基线模型\mtad-gat-pytorch\datasets\CH-BATTERY\LFP\normal\vin_251\vin_251_discharge_8.csv,LFP/normal/vin_251/vin_251_discharge_8.csv,LFP,normal,vin_251,discharge,8,0,,,,
LFP_normal_vin_251_vin_251_discharge_9,D:\作业\论文复现\基线模型\mtad-gat-pytorch\datasets\CH-BATTERY\LFP\normal\vin_251\vin_251_discharge_9.csv,LFP/normal/vin_251/vin_251_discharge_9.csv,LFP,normal,vin_251,discharge,9,0,,,,
LFP_normal_vin_251_vin_251_discharge_10,D:\作业\论文复现\基线模型\mtad-gat-pytorch\datasets\CH-BATTERY\LFP\normal\vin_251\vin_251_discharge_10.csv,LFP/normal/vin_251/vin_251_discharge_10.csv,LFP,normal,vin_251,discharge,10,0,,,,
LFP_normal_vin_253_vin_253_discharge_1,D:\作业\论文复现\基线模型\mtad-gat-pytorch\datasets\CH-BATTERY\LFP\normal\vin_253\vin_253_discharge_1.csv,LFP/normal/vin_253/vin_253_discharge_1.csv,LFP,normal,vin_253,discharge,1,0,,,,
LFP_normal_vin_253_vin_253_discharge_2,D:\作业\论文复现\基线模型\mtad-gat-pytorch\datasets\CH-BATTERY\LFP\normal\vin_253\vin_253_discharge_2.csv,LFP/normal/vin_253/vin_253_discharge_2.csv,LFP,normal,vin_253,discharge,2,0,,,,
LFP_normal_vin_253_vin_253_discharge_3,D:\作业\论文复现\基线模型\mtad-gat-pytorch\datasets\CH-BATTERY\LFP\normal\vin_253\vin_253_discharge_3.csv,LFP/normal/vin_253/vin_253_discharge_3.csv,LFP,normal,vin_253,discharge,3,0,,,,
LFP_normal_vin_253_vin_253_discharge_4,D:\作业\论文复现\基线模型\mtad-gat-pytorch\datasets\CH-BATTERY\LFP\normal\vin_253\vin_253_discharge_4.csv,LFP/normal/vin_253/vin_253_discharge_4.csv,LFP,normal,vin_253,discharge,4,0,,,,
LFP_normal_vin_253_vin_253_discharge_5,D:\作业\论文复现\基线模型\mtad-gat-pytorch\datasets\CH-BATTERY\LFP\normal\vin_253\vin_253_discharge_5.csv,LFP/normal/vin_253/vin_253_discharge_5.csv,LFP,normal,vin_253,discharge,5,0,,,,
LFP_normal_vin_253_vin_253_discharge_6,D:\作业\论文复现\基线模型\mtad-gat-pytorch\datasets\CH-BATTERY\LFP\normal\vin_253\vin_253_discharge_6.csv,LFP/normal/vin_253/vin_253_discharge_6.csv,LFP,normal,vin_253,discharge,6,0,,,,
LFP_normal_vin_253_vin_253_discharge_7,D:\作业\论文复现\基线模型\mtad-gat-pytorch\datasets\CH-BATTERY\LFP\normal\vin_253\vin_253_discharge_7.csv,LFP/normal/vin_253/vin_253_discharge_7.csv,LFP,normal,vin_253,discharge,7,0,,,,
LFP_normal_vin_253_vin_253_discharge_8,D:\作业\论文复现\基线模型\mtad-gat-pytorch\datasets\CH-BATTERY\LFP\normal\vin_253\vin_253_discharge_8.csv,LFP/normal/vin_253/vin_253_discharge_8.csv,LFP,normal,vin_253,discharge,8,0,,,,
LFP_normal_vin_253_vin_253_discharge_9,D:\作业\论文复现\基线模型\mtad-gat-pytorch\datasets\CH-BATTERY\LFP\normal\vin_253\vin_253_discharge_9.csv,LFP/normal/vin_253/vin_253_discharge_9.csv,LFP,normal,vin_253,discharge,9,0,,,,
LFP_normal_vin_253_vin_253_discharge_10,D:\作业\论文复现\基线模型\mtad-gat-pytorch\datasets\CH-BATTERY\LFP\normal\vin_253\vin_253_discharge_10.csv,LFP/normal/vin_253/vin_253_discharge_10.csv,LFP,normal,vin_253,discharge,10,0,,,,
LFP_normal_vin_257_vin_257_discharge_1,D:\作业\论文复现\基线模型\mtad-gat-pytorch\datasets\CH-BATTERY\LFP\normal\vin_257\vin_257_discharge_1.csv,LFP/normal/vin_257/vin_257_discharge_1.csv,LFP,normal,vin_257,discharge,1,0,,,,
LFP_normal_vin_257_vin_257_discharge_2,D:\作业\论文复现\基线模型\mtad-gat-pytorch\datasets\CH-BATTERY\LFP\normal\vin_257\vin_257_discharge_2.csv,LFP/normal/vin_257/vin_257_discharge_2.csv,LFP,normal,vin_257,discharge,2,0,,,,
LFP_normal_vin_257_vin_257_discharge_3,D:\作业\论文复现\基线模型\mtad-gat-pytorch\datasets\CH-BATTERY\LFP\normal\vin_257\vin_257_discharge_3.csv,LFP/normal/vin_257/vin_257_discharge_3.csv,LFP,normal,vin_257,discharge,3,0,,,,
LFP_normal_vin_257_vin_257_discharge_4,D:\作业\论文复现\基线模型\mtad-gat-pytorch\datasets\CH-BATTERY\LFP\normal\vin_257\vin_257_discharge_4.csv,LFP/normal/vin_257/vin_257_discharge_4.csv,LFP,normal,vin_257,discharge,4,0,,,,
LFP_normal_vin_257_vin_257_discharge_5,D:\作业\论文复现\基线模型\mtad-gat-pytorch\datasets\CH-BATTERY\LFP\normal\vin_257\vin_257_discharge_5.csv,LFP/normal/vin_257/vin_257_discharge_5.csv,LFP,normal,vin_257,discharge,5,0,,,,
LFP_normal_vin_257_vin_257_discharge_6,D:\作业\论文复现\基线模型\mtad-gat-pytorch\datasets\CH-BATTERY\LFP\normal\vin_257\vin_257_discharge_6.csv,LFP/normal/vin_257/vin_257_discharge_6.csv,LFP,normal,vin_257,discharge,6,0,,,,
LFP_normal_vin_257_vin_257_discharge_7,D:\作业\论文复现\基线模型\mtad-gat-pytorch\datasets\CH-BATTERY\LFP\normal\vin_257\vin_257_discharge_7.csv,LFP/normal/vin_257/vin_257_discharge_7.csv,LFP,normal,vin_257,discharge,7,0,,,,
LFP_normal_vin_257_vin_257_discharge_8,D:\作业\论文复现\基线模型\mtad-gat-pytorch\datasets\CH-BATTERY\LFP\normal\vin_257\vin_257_discharge_8.csv,LFP/normal/vin_257/vin_257_discharge_8.csv,LFP,normal,vin_257,discharge,8,0,,,,
LFP_normal_vin_257_vin_257_discharge_9,D:\作业\论文复现\基线模型\mtad-gat-pytorch\datasets\CH-BATTERY\LFP\normal\vin_257\vin_257_discharge_9.csv,LFP/normal/vin_257/vin_257_discharge_9.csv,LFP,normal,vin_257,discharge,9,0,,,,
LFP_normal_vin_257_vin_257_discharge_10,D:\作业\论文复现\基线模型\mtad-gat-pytorch\datasets\CH-BATTERY\LFP\normal\vin_257\vin_257_discharge_10.csv,LFP/normal/vin_257/vin_257_discharge_10.csv,LFP,normal,vin_257,discharge,10,0,,,,
LFP_normal_vin_258_vin_258_discharge_1,D:\作业\论文复现\基线模型\mtad-gat-pytorch\datasets\CH-BATTERY\LFP\normal\vin_258\vin_258_discharge_1.csv,LFP/normal/vin_258/vin_258_discharge_1.csv,LFP,normal,vin_258,discharge,1,0,,,,
LFP_normal_vin_258_vin_258_discharge_2,D:\作业\论文复现\基线模型\mtad-gat-pytorch\datasets\CH-BATTERY\LFP\normal\vin_258\vin_258_discharge_2.csv,LFP/normal/vin_258/vin_258_discharge_2.csv,LFP,normal,vin_258,discharge,2,0,,,,
LFP_normal_vin_258_vin_258_discharge_3,D:\作业\论文复现\基线模型\mtad-gat-pytorch\datasets\CH-BATTERY\LFP\normal\vin_258\vin_258_discharge_3.csv,LFP/normal/vin_258/vin_258_discharge_3.csv,LFP,normal,vin_258,discharge,3,0,,,,
LFP_normal_vin_258_vin_258_discharge_4,D:\作业\论文复现\基线模型\mtad-gat-pytorch\datasets\CH-BATTERY\LFP\normal\vin_258\vin_258_discharge_4.csv,LFP/normal/vin_258/vin_258_discharge_4.csv,LFP,normal,vin_258,discharge,4,0,,,,
LFP_normal_vin_258_vin_258_discharge_5,D:\作业\论文复现\基线模型\mtad-gat-pytorch\datasets\CH-BATTERY\LFP\normal\vin_258\vin_258_discharge_5.csv,LFP/normal/vin_258/vin_258_discharge_5.csv,LFP,normal,vin_258,discharge,5,0,,,,
LFP_normal_vin_258_vin_258_discharge_6,D:\作业\论文复现\基线模型\mtad-gat-pytorch\datasets\CH-BATTERY\LFP\normal\vin_258\vin_258_discharge_6.csv,LFP/normal/vin_258/vin_258_discharge_6.csv,LFP,normal,vin_258,discharge,6,0,,,,
LFP_normal_vin_258_vin_258_discharge_7,D:\作业\论文复现\基线模型\mtad-gat-pytorch\datasets\CH-BATTERY\LFP\normal\vin_258\vin_258_discharge_7.csv,LFP/normal/vin_258/vin_258_discharge_7.csv,LFP,normal,vin_258,discharge,7,0,,,,
LFP_normal_vin_258_vin_258_discharge_8,D:\作业\论文复现\基线模型\mtad-gat-pytorch\datasets\CH-BATTERY\LFP\normal\vin_258\vin_258_discharge_8.csv,LFP/normal/vin_258/vin_258_discharge_8.csv,LFP,normal,vin_258,discharge,8,0,,,,
LFP_normal_vin_258_vin_258_discharge_9,D:\作业\论文复现\基线模型\mtad-gat-pytorch\datasets\CH-BATTERY\LFP\normal\vin_258\vin_258_discharge_9.csv,LFP/normal/vin_258/vin_258_discharge_9.csv,LFP,normal,vin_258,discharge,9,0,,,,
LFP_normal_vin_258_vin_258_discharge_10,D:\作业\论文复现\基线模型\mtad-gat-pytorch\datasets\CH-BATTERY\LFP\normal\vin_258\vin_258_discharge_10.csv,LFP/normal/vin_258/vin_258_discharge_10.csv,LFP,normal,vin_258,discharge,10,0,,,,
LFP_normal_vin_259_vin_259_discharge_1,D:\作业\论文复现\基线模型\mtad-gat-pytorch\datasets\CH-BATTERY\LFP\normal\vin_259\vin_259_discharge_1.csv,LFP/normal/vin_259/vin_259_discharge_1.csv,LFP,normal,vin_259,discharge,1,0,,,,
LFP_normal_vin_259_vin_259_discharge_2,D:\作业\论文复现\基线模型\mtad-gat-pytorch\datasets\CH-BATTERY\LFP\normal\vin_259\vin_259_discharge_2.csv,LFP/normal/vin_259/vin_259_discharge_2.csv,LFP,normal,vin_259,discharge,2,0,,,,
LFP_normal_vin_259_vin_259_discharge_3,D:\作业\论文复现\基线模型\mtad-gat-pytorch\datasets\CH-BATTERY\LFP\normal\vin_259\vin_259_discharge_3.csv,LFP/normal/vin_259/vin_259_discharge_3.csv,LFP,normal,vin_259,discharge,3,0,,,,
LFP_normal_vin_259_vin_259_discharge_4,D:\作业\论文复现\基线模型\mtad-gat-pytorch\datasets\CH-BATTERY\LFP\normal\vin_259\vin_259_discharge_4.csv,LFP/normal/vin_259/vin_259_discharge_4.csv,LFP,normal,vin_259,discharge,4,0,,,,
LFP_normal_vin_259_vin_259_discharge_5,D:\作业\论文复现\基线模型\mtad-gat-pytorch\datasets\CH-BATTERY\LFP\normal\vin_259\vin_259_discharge_5.csv,LFP/normal/vin_259/vin_259_discharge_5.csv,LFP,normal,vin_259,discharge,5,0,,,,
LFP_normal_vin_259_vin_259_discharge_6,D:\作业\论文复现\基线模型\mtad-gat-pytorch\datasets\CH-BATTERY\LFP\normal\vin_259\vin_259_discharge_6.csv,LFP/normal/vin_259/vin_259_discharge_6.csv,LFP,normal,vin_259,discharge,6,0,,,,
LFP_normal_vin_259_vin_259_discharge_7,D:\作业\论文复现\基线模型\mtad-gat-pytorch\datasets\CH-BATTERY\LFP\normal\vin_259\vin_259_discharge_7.csv,LFP/normal/vin_259/vin_259_discharge_7.csv,LFP,normal,vin_259,discharge,7,0,,,,
LFP_normal_vin_259_vin_259_discharge_8,D:\作业\论文复现\基线模型\mtad-gat-pytorch\datasets\CH-BATTERY\LFP\normal\vin_259\vin_259_discharge_8.csv,LFP/normal/vin_259/vin_259_discharge_8.csv,LFP,normal,vin_259,discharge,8,0,,,,
LFP_normal_vin_259_vin_259_discharge_9,D:\作业\论文复现\基线模型\mtad-gat-pytorch\datasets\CH-BATTERY\LFP\normal\vin_259\vin_259_discharge_9.csv,LFP/normal/vin_259/vin_259_discharge_9.csv,LFP,normal,vin_259,discharge,9,0,,,,
LFP_normal_vin_259_vin_259_discharge_10,D:\作业\论文复现\基线模型\mtad-gat-pytorch\datasets\CH-BATTERY\LFP\normal\vin_259\vin_259_discharge_10.csv,LFP/normal/vin_259/vin_259_discharge_10.csv,LFP,normal,vin_259,discharge,10,0,,,,
LFP_normal_vin_260_vin_260_discharge_1,D:\作业\论文复现\基线模型\mtad-gat-pytorch\datasets\CH-BATTERY\LFP\normal\vin_260\vin_260_discharge_1.csv,LFP/normal/vin_260/vin_260_discharge_1.csv,LFP,normal,vin_260,discharge,1,0,,,,
LFP_normal_vin_260_vin_260_discharge_2,D:\作业\论文复现\基线模型\mtad-gat-pytorch\datasets\CH-BATTERY\LFP\normal\vin_260\vin_260_discharge_2.csv,LFP/normal/vin_260/vin_260_discharge_2.csv,LFP,normal,vin_260,discharge,2,0,,,,
LFP_normal_vin_260_vin_260_discharge_3,D:\作业\论文复现\基线模型\mtad-gat-pytorch\datasets\CH-BATTERY\LFP\normal\vin_260\vin_260_discharge_3.csv,LFP/normal/vin_260/vin_260_discharge_3.csv,LFP,normal,vin_260,discharge,3,0,,,,
LFP_normal_vin_260_vin_260_discharge_4,D:\作业\论文复现\基线模型\mtad-gat-pytorch\datasets\CH-BATTERY\LFP\normal\vin_260\vin_260_discharge_4.csv,LFP/normal/vin_260/vin_260_discharge_4.csv,LFP,normal,vin_260,discharge,4,0,,,,
LFP_normal_vin_260_vin_260_discharge_5,D:\作业\论文复现\基线模型\mtad-gat-pytorch\datasets\CH-BATTERY\LFP\normal\vin_260\vin_260_discharge_5.csv,LFP/normal/vin_260/vin_260_discharge_5.csv,LFP,normal,vin_260,discharge,5,0,,,,
LFP_normal_vin_260_vin_260_discharge_6,D:\作业\论文复现\基线模型\mtad-gat-pytorch\datasets\CH-BATTERY\LFP\normal\vin_260\vin_260_discharge_6.csv,LFP/normal/vin_260/vin_260_discharge_6.csv,LFP,normal,vin_260,discharge,6,0,,,,
LFP_normal_vin_260_vin_260_discharge_7,D:\作业\论文复现\基线模型\mtad-gat-pytorch\datasets\CH-BATTERY\LFP\normal\vin_260\vin_260_discharge_7.csv,LFP/normal/vin_260/vin_260_discharge_7.csv,LFP,normal,vin_260,discharge,7,0,,,,
LFP_normal_vin_260_vin_260_discharge_8,D:\作业\论文复现\基线模型\mtad-gat-pytorch\datasets\CH-BATTERY\LFP\normal\vin_260\vin_260_discharge_8.csv,LFP/normal/vin_260/vin_260_discharge_8.csv,LFP,normal,vin_260,discharge,8,0,,,,
LFP_normal_vin_260_vin_260_discharge_9,D:\作业\论文复现\基线模型\mtad-gat-pytorch\datasets\CH-BATTERY\LFP\normal\vin_260\vin_260_discharge_9.csv,LFP/normal/vin_260/vin_260_discharge_9.csv,LFP,normal,vin_260,discharge,9,0,,,,
LFP_normal_vin_260_vin_260_discharge_10,D:\作业\论文复现\基线模型\mtad-gat-pytorch\datasets\CH-BATTERY\LFP\normal\vin_260\vin_260_discharge_10.csv,LFP/normal/vin_260/vin_260_discharge_10.csv,LFP,normal,vin_260,discharge,10,0,,,,
LFP_normal_vin_262_vin_262_discharge_1,D:\作业\论文复现\基线模型\mtad-gat-pytorch\datasets\CH-BATTERY\LFP\normal\vin_262\vin_262_discharge_1.csv,LFP/normal/vin_262/vin_262_discharge_1.csv,LFP,normal,vin_262,discharge,1,0,,,,
LFP_normal_vin_262_vin_262_discharge_2,D:\作业\论文复现\基线模型\mtad-gat-pytorch\datasets\CH-BATTERY\LFP\normal\vin_262\vin_262_discharge_2.csv,LFP/normal/vin_262/vin_262_discharge_2.csv,LFP,normal,vin_262,discharge,2,0,,,,
LFP_normal_vin_262_vin_262_discharge_3,D:\作业\论文复现\基线模型\mtad-gat-pytorch\datasets\CH-BATTERY\LFP\normal\vin_262\vin_262_discharge_3.csv,LFP/normal/vin_262/vin_262_discharge_3.csv,LFP,normal,vin_262,discharge,3,0,,,,
LFP_normal_vin_262_vin_262_discharge_4,D:\作业\论文复现\基线模型\mtad-gat-pytorch\datasets\CH-BATTERY\LFP\normal\vin_262\vin_262_discharge_4.csv,LFP/normal/vin_262/vin_262_discharge_4.csv,LFP,normal,vin_262,discharge,4,0,,,,
LFP_normal_vin_262_vin_262_discharge_5,D:\作业\论文复现\基线模型\mtad-gat-pytorch\datasets\CH-BATTERY\LFP\normal\vin_262\vin_262_discharge_5.csv,LFP/normal/vin_262/vin_262_discharge_5.csv,LFP,normal,vin_262,discharge,5,0,,,,
LFP_normal_vin_262_vin_262_discharge_6,D:\作业\论文复现\基线模型\mtad-gat-pytorch\datasets\CH-BATTERY\LFP\normal\vin_262\vin_262_discharge_6.csv,LFP/normal/vin_262/vin_262_discharge_6.csv,LFP,normal,vin_262,discharge,6,0,,,,
LFP_normal_vin_262_vin_262_discharge_7,D:\作业\论文复现\基线模型\mtad-gat-pytorch\datasets\CH-BATTERY\LFP\normal\vin_262\vin_262_discharge_7.csv,LFP/normal/vin_262/vin_262_discharge_7.csv,LFP,normal,vin_262,discharge,7,0,,,,
LFP_normal_vin_262_vin_262_discharge_8,D:\作业\论文复现\基线模型\mtad-gat-pytorch\datasets\CH-BATTERY\LFP\normal\vin_262\vin_262_discharge_8.csv,LFP/normal/vin_262/vin_262_discharge_8.csv,LFP,normal,vin_262,discharge,8,0,,,,
LFP_normal_vin_262_vin_262_discharge_9,D:\作业\论文复现\基线模型\mtad-gat-pytorch\datasets\CH-BATTERY\LFP\normal\vin_262\vin_262_discharge_9.csv,LFP/normal/vin_262/vin_262_discharge_9.csv,LFP,normal,vin_262,discharge,9,0,,,,
LFP_normal_vin_262_vin_262_discharge_10,D:\作业\论文复现\基线模型\mtad-gat-pytorch\datasets\CH-BATTERY\LFP\normal\vin_262\vin_262_discharge_10.csv,LFP/normal/vin_262/vin_262_discharge_10.csv,LFP,normal,vin_262,discharge,10,0,,,,
LFP_normal_vin_263_vin_263_discharge_1,D:\作业\论文复现\基线模型\mtad-gat-pytorch\datasets\CH-BATTERY\LFP\normal\vin_263\vin_263_discharge_1.csv,LFP/normal/vin_263/vin_263_discharge_1.csv,LFP,normal,vin_263,discharge,1,0,,,,
LFP_normal_vin_263_vin_263_discharge_2,D:\作业\论文复现\基线模型\mtad-gat-pytorch\datasets\CH-BATTERY\LFP\normal\vin_263\vin_263_discharge_2.csv,LFP/normal/vin_263/vin_263_discharge_2.csv,LFP,normal,vin_263,discharge,2,0,,,,
LFP_normal_vin_263_vin_263_discharge_3,D:\作业\论文复现\基线模型\mtad-gat-pytorch\datasets\CH-BATTERY\LFP\normal\vin_263\vin_263_discharge_3.csv,LFP/normal/vin_263/vin_263_discharge_3.csv,LFP,normal,vin_263,discharge,3,0,,,,
LFP_normal_vin_263_vin_263_discharge_4,D:\作业\论文复现\基线模型\mtad-gat-pytorch\datasets\CH-BATTERY\LFP\normal\vin_263\vin_263_discharge_4.csv,LFP/normal/vin_263/vin_263_discharge_4.csv,LFP,normal,vin_263,discharge,4,0,,,,
LFP_normal_vin_263_vin_263_discharge_5,D:\作业\论文复现\基线模型\mtad-gat-pytorch\datasets\CH-BATTERY\LFP\normal\vin_263\vin_263_discharge_5.csv,LFP/normal/vin_263/vin_263_discharge_5.csv,LFP,normal,vin_263,discharge,5,0,,,,
LFP_normal_vin_263_vin_263_discharge_6,D:\作业\论文复现\基线模型\mtad-gat-pytorch\datasets\CH-BATTERY\LFP\normal\vin_263\vin_263_discharge_6.csv,LFP/normal/vin_263/vin_263_discharge_6.csv,LFP,normal,vin_263,discharge,6,0,,,,
LFP_normal_vin_263_vin_263_discharge_7,D:\作业\论文复现\基线模型\mtad-gat-pytorch\datasets\CH-BATTERY\LFP\normal\vin_263\vin_263_discharge_7.csv,LFP/normal/vin_263/vin_263_discharge_7.csv,LFP,normal,vin_263,discharge,7,0,,,,
LFP_normal_vin_263_vin_263_discharge_8,D:\作业\论文复现\基线模型\mtad-gat-pytorch\datasets\CH-BATTERY\LFP\normal\vin_263\vin_263_discharge_8.csv,LFP/normal/vin_263/vin_263_discharge_8.csv,LFP,normal,vin_263,discharge,8,0,,,,
LFP_normal_vin_263_vin_263_discharge_9,D:\作业\论文复现\基线模型\mtad-gat-pytorch\datasets\CH-BATTERY\LFP\normal\vin_263\vin_263_discharge_9.csv,LFP/normal/vin_263/vin_263_discharge_9.csv,LFP,normal,vin_263,discharge,9,0,,,,
LFP_normal_vin_263_vin_263_discharge_10,D:\作业\论文复现\基线模型\mtad-gat-pytorch\datasets\CH-BATTERY\LFP\normal\vin_263\vin_263_discharge_10.csv,LFP/normal/vin_263/vin_263_discharge_10.csv,LFP,normal,vin_263,discharge,10,0,,,,
LFP_normal_vin_264_vin_264_discharge_1,D:\作业\论文复现\基线模型\mtad-gat-pytorch\datasets\CH-BATTERY\LFP\normal\vin_264\vin_264_discharge_1.csv,LFP/normal/vin_264/vin_264_discharge_1.csv,LFP,normal,vin_264,discharge,1,0,,,,
LFP_normal_vin_264_vin_264_discharge_2,D:\作业\论文复现\基线模型\mtad-gat-pytorch\datasets\CH-BATTERY\LFP\normal\vin_264\vin_264_discharge_2.csv,LFP/normal/vin_264/vin_264_discharge_2.csv,LFP,normal,vin_264,discharge,2,0,,,,
LFP_normal_vin_264_vin_264_discharge_3,D:\作业\论文复现\基线模型\mtad-gat-pytorch\datasets\CH-BATTERY\LFP\normal\vin_264\vin_264_discharge_3.csv,LFP/normal/vin_264/vin_264_discharge_3.csv,LFP,normal,vin_264,discharge,3,0,,,,
LFP_normal_vin_264_vin_264_discharge_4,D:\作业\论文复现\基线模型\mtad-gat-pytorch\datasets\CH-BATTERY\LFP\normal\vin_264\vin_264_discharge_4.csv,LFP/normal/vin_264/vin_264_discharge_4.csv,LFP,normal,vin_264,discharge,4,0,,,,
LFP_normal_vin_264_vin_264_discharge_5,D:\作业\论文复现\基线模型\mtad-gat-pytorch\datasets\CH-BATTERY\LFP\normal\vin_264\vin_264_discharge_5.csv,LFP/normal/vin_264/vin_264_discharge_5.csv,LFP,normal,vin_264,discharge,5,0,,,,
LFP_normal_vin_264_vin_264_discharge_6,D:\作业\论文复现\基线模型\mtad-gat-pytorch\datasets\CH-BATTERY\LFP\normal\vin_264\vin_264_discharge_6.csv,LFP/normal/vin_264/vin_264_discharge_6.csv,LFP,normal,vin_264,discharge,6,0,,,,
LFP_normal_vin_264_vin_264_discharge_7,D:\作业\论文复现\基线模型\mtad-gat-pytorch\datasets\CH-BATTERY\LFP\normal\vin_264\vin_264_discharge_7.csv,LFP/normal/vin_264/vin_264_discharge_7.csv,LFP,normal,vin_264,discharge,7,0,,,,
LFP_normal_vin_264_vin_264_discharge_8,D:\作业\论文复现\基线模型\mtad-gat-pytorch\datasets\CH-BATTERY\LFP\normal\vin_264\vin_264_discharge_8.csv,LFP/normal/vin_264/vin_264_discharge_8.csv,LFP,normal,vin_264,discharge,8,0,,,,
LFP_normal_vin_264_vin_264_discharge_9,D:\作业\论文复现\基线模型\mtad-gat-pytorch\datasets\CH-BATTERY\LFP\normal\vin_264\vin_264_discharge_9.csv,LFP/normal/vin_264/vin_264_discharge_9.csv,LFP,normal,vin_264,discharge,9,0,,,,
LFP_normal_vin_264_vin_264_discharge_10,D:\作业\论文复现\基线模型\mtad-gat-pytorch\datasets\CH-BATTERY\LFP\normal\vin_264\vin_264_discharge_10.csv,LFP/normal/vin_264/vin_264_discharge_10.csv,LFP,normal,vin_264,discharge,10,0,,,,
LFP_normal_vin_265_vin_265_discharge_1,D:\作业\论文复现\基线模型\mtad-gat-pytorch\datasets\CH-BATTERY\LFP\normal\vin_265\vin_265_discharge_1.csv,LFP/normal/vin_265/vin_265_discharge_1.csv,LFP,normal,vin_265,discharge,1,0,,,,
LFP_normal_vin_265_vin_265_discharge_2,D:\作业\论文复现\基线模型\mtad-gat-pytorch\datasets\CH-BATTERY\LFP\normal\vin_265\vin_265_discharge_2.csv,LFP/normal/vin_265/vin_265_discharge_2.csv,LFP,normal,vin_265,discharge,2,0,,,,
LFP_normal_vin_265_vin_265_discharge_3,D:\作业\论文复现\基线模型\mtad-gat-pytorch\datasets\CH-BATTERY\LFP\normal\vin_265\vin_265_discharge_3.csv,LFP/normal/vin_265/vin_265_discharge_3.csv,LFP,normal,vin_265,discharge,3,0,,,,
LFP_normal_vin_265_vin_265_discharge_4,D:\作业\论文复现\基线模型\mtad-gat-pytorch\datasets\CH-BATTERY\LFP\normal\vin_265\vin_265_discharge_4.csv,LFP/normal/vin_265/vin_265_discharge_4.csv,LFP,normal,vin_265,discharge,4,0,,,,
LFP_normal_vin_265_vin_265_discharge_5,D:\作业\论文复现\基线模型\mtad-gat-pytorch\datasets\CH-BATTERY\LFP\normal\vin_265\vin_265_discharge_5.csv,LFP/normal/vin_265/vin_265_discharge_5.csv,LFP,normal,vin_265,discharge,5,0,,,,
LFP_normal_vin_265_vin_265_discharge_6,D:\作业\论文复现\基线模型\mtad-gat-pytorch\datasets\CH-BATTERY\LFP\normal\vin_265\vin_265_discharge_6.csv,LFP/normal/vin_265/vin_265_discharge_6.csv,LFP,normal,vin_265,discharge,6,0,,,,
LFP_normal_vin_265_vin_265_discharge_7,D:\作业\论文复现\基线模型\mtad-gat-pytorch\datasets\CH-BATTERY\LFP\normal\vin_265\vin_265_discharge_7.csv,LFP/normal/vin_265/vin_265_discharge_7.csv,LFP,normal,vin_265,discharge,7,0,,,,
LFP_normal_vin_265_vin_265_discharge_8,D:\作业\论文复现\基线模型\mtad-gat-pytorch\datasets\CH-BATTERY\LFP\normal\vin_265\vin_265_discharge_8.csv,LFP/normal/vin_265/vin_265_discharge_8.csv,LFP,normal,vin_265,discharge,8,0,,,,
LFP_normal_vin_265_vin_265_discharge_9,D:\作业\论文复现\基线模型\mtad-gat-pytorch\datasets\CH-BATTERY\LFP\normal\vin_265\vin_265_discharge_9.csv,LFP/normal/vin_265/vin_265_discharge_9.csv,LFP,normal,vin_265,discharge,9,0,,,,
LFP_normal_vin_265_vin_265_discharge_10,D:\作业\论文复现\基线模型\mtad-gat-pytorch\datasets\CH-BATTERY\LFP\normal\vin_265\vin_265_discharge_10.csv,LFP/normal/vin_265/vin_265_discharge_10.csv,LFP,normal,vin_265,discharge,10,0,,,,
LFP_normal_vin_266_vin_266_discharge_1,D:\作业\论文复现\基线模型\mtad-gat-pytorch\datasets\CH-BATTERY\LFP\normal\vin_266\vin_266_discharge_1.csv,LFP/normal/vin_266/vin_266_discharge_1.csv,LFP,normal,vin_266,discharge,1,0,,,,
LFP_normal_vin_266_vin_266_discharge_2,D:\作业\论文复现\基线模型\mtad-gat-pytorch\datasets\CH-BATTERY\LFP\normal\vin_266\vin_266_discharge_2.csv,LFP/normal/vin_266/vin_266_discharge_2.csv,LFP,normal,vin_266,discharge,2,0,,,,
LFP_normal_vin_266_vin_266_discharge_3,D:\作业\论文复现\基线模型\mtad-gat-pytorch\datasets\CH-BATTERY\LFP\normal\vin_266\vin_266_discharge_3.csv,LFP/normal/vin_266/vin_266_discharge_3.csv,LFP,normal,vin_266,discharge,3,0,,,,
LFP_normal_vin_266_vin_266_discharge_4,D:\作业\论文复现\基线模型\mtad-gat-pytorch\datasets\CH-BATTERY\LFP\normal\vin_266\vin_266_discharge_4.csv,LFP/normal/vin_266/vin_266_discharge_4.csv,LFP,normal,vin_266,discharge,4,0,,,,
LFP_normal_vin_266_vin_266_discharge_5,D:\作业\论文复现\基线模型\mtad-gat-pytorch\datasets\CH-BATTERY\LFP\normal\vin_266\vin_266_discharge_5.csv,LFP/normal/vin_266/vin_266_discharge_5.csv,LFP,normal,vin_266,discharge,5,0,,,,
LFP_normal_vin_266_vin_266_discharge_6,D:\作业\论文复现\基线模型\mtad-gat-pytorch\datasets\CH-BATTERY\LFP\normal\vin_266\vin_266_discharge_6.csv,LFP/normal/vin_266/vin_266_discharge_6.csv,LFP,normal,vin_266,discharge,6,0,,,,
LFP_normal_vin_266_vin_266_discharge_7,D:\作业\论文复现\基线模型\mtad-gat-pytorch\datasets\CH-BATTERY\LFP\normal\vin_266\vin_266_discharge_7.csv,LFP/normal/vin_266/vin_266_discharge_7.csv,LFP,normal,vin_266,discharge,7,0,,,,
LFP_normal_vin_266_vin_266_discharge_8,D:\作业\论文复现\基线模型\mtad-gat-pytorch\datasets\CH-BATTERY\LFP\normal\vin_266\vin_266_discharge_8.csv,LFP/normal/vin_266/vin_266_discharge_8.csv,LFP,normal,vin_266,discharge,8,0,,,,
LFP_normal_vin_266_vin_266_discharge_9,D:\作业\论文复现\基线模型\mtad-gat-pytorch\datasets\CH-BATTERY\LFP\normal\vin_266\vin_266_discharge_9.csv,LFP/normal/vin_266/vin_266_discharge_9.csv,LFP,normal,vin_266,discharge,9,0,,,,
LFP_normal_vin_266_vin_266_discharge_10,D:\作业\论文复现\基线模型\mtad-gat-pytorch\datasets\CH-BATTERY\LFP\normal\vin_266\vin_266_discharge_10.csv,LFP/normal/vin_266/vin_266_discharge_10.csv,LFP,normal,vin_266,discharge,10,0,,,,
LFP_normal_vin_267_vin_267_discharge_1,D:\作业\论文复现\基线模型\mtad-gat-pytorch\datasets\CH-BATTERY\LFP\normal\vin_267\vin_267_discharge_1.csv,LFP/normal/vin_267/vin_267_discharge_1.csv,LFP,normal,vin_267,discharge,1,0,,,,
LFP_normal_vin_267_vin_267_discharge_2,D:\作业\论文复现\基线模型\mtad-gat-pytorch\datasets\CH-BATTERY\LFP\normal\vin_267\vin_267_discharge_2.csv,LFP/normal/vin_267/vin_267_discharge_2.csv,LFP,normal,vin_267,discharge,2,0,,,,
LFP_normal_vin_267_vin_267_discharge_3,D:\作业\论文复现\基线模型\mtad-gat-pytorch\datasets\CH-BATTERY\LFP\normal\vin_267\vin_267_discharge_3.csv,LFP/normal/vin_267/vin_267_discharge_3.csv,LFP,normal,vin_267,discharge,3,0,,,,
LFP_normal_vin_267_vin_267_discharge_4,D:\作业\论文复现\基线模型\mtad-gat-pytorch\datasets\CH-BATTERY\LFP\normal\vin_267\vin_267_discharge_4.csv,LFP/normal/vin_267/vin_267_discharge_4.csv,LFP,normal,vin_267,discharge,4,0,,,,
LFP_normal_vin_267_vin_267_discharge_5,D:\作业\论文复现\基线模型\mtad-gat-pytorch\datasets\CH-BATTERY\LFP\normal\vin_267\vin_267_discharge_5.csv,LFP/normal/vin_267/vin_267_discharge_5.csv,LFP,normal,vin_267,discharge,5,0,,,,
LFP_normal_vin_267_vin_267_discharge_6,D:\作业\论文复现\基线模型\mtad-gat-pytorch\datasets\CH-BATTERY\LFP\normal\vin_267\vin_267_discharge_6.csv,LFP/normal/vin_267/vin_267_discharge_6.csv,LFP,normal,vin_267,discharge,6,0,,,,
LFP_normal_vin_267_vin_267_discharge_7,D:\作业\论文复现\基线模型\mtad-gat-pytorch\datasets\CH-BATTERY\LFP\normal\vin_267\vin_267_discharge_7.csv,LFP/normal/vin_267/vin_267_discharge_7.csv,LFP,normal,vin_267,discharge,7,0,,,,
LFP_normal_vin_267_vin_267_discharge_8,D:\作业\论文复现\基线模型\mtad-gat-pytorch\datasets\CH-BATTERY\LFP\normal\vin_267\vin_267_discharge_8.csv,LFP/normal/vin_267/vin_267_discharge_8.csv,LFP,normal,vin_267,discharge,8,0,,,,
LFP_normal_vin_267_vin_267_discharge_9,D:\作业\论文复现\基线模型\mtad-gat-pytorch\datasets\CH-BATTERY\LFP\normal\vin_267\vin_267_discharge_9.csv,LFP/normal/vin_267/vin_267_discharge_9.csv,LFP,normal,vin_267,discharge,9,0,,,,
LFP_normal_vin_267_vin_267_discharge_10,D:\作业\论文复现\基线模型\mtad-gat-pytorch\datasets\CH-BATTERY\LFP\normal\vin_267\vin_267_discharge_10.csv,LFP/normal/vin_267/vin_267_discharge_10.csv,LFP,normal,vin_267,discharge,10,0,,,,
LFP_normal_vin_268_vin_268_discharge_1,D:\作业\论文复现\基线模型\mtad-gat-pytorch\datasets\CH-BATTERY\LFP\normal\vin_268\vin_268_discharge_1.csv,LFP/normal/vin_268/vin_268_discharge_1.csv,LFP,normal,vin_268,discharge,1,0,,,,
LFP_normal_vin_268_vin_268_discharge_2,D:\作业\论文复现\基线模型\mtad-gat-pytorch\datasets\CH-BATTERY\LFP\normal\vin_268\vin_268_discharge_2.csv,LFP/normal/vin_268/vin_268_discharge_2.csv,LFP,normal,vin_268,discharge,2,0,,,,
LFP_normal_vin_268_vin_268_discharge_3,D:\作业\论文复现\基线模型\mtad-gat-pytorch\datasets\CH-BATTERY\LFP\normal\vin_268\vin_268_discharge_3.csv,LFP/normal/vin_268/vin_268_discharge_3.csv,LFP,normal,vin_268,discharge,3,0,,,,
LFP_normal_vin_268_vin_268_discharge_4,D:\作业\论文复现\基线模型\mtad-gat-pytorch\datasets\CH-BATTERY\LFP\normal\vin_268\vin_268_discharge_4.csv,LFP/normal/vin_268/vin_268_discharge_4.csv,LFP,normal,vin_268,discharge,4,0,,,,
LFP_normal_vin_268_vin_268_discharge_5,D:\作业\论文复现\基线模型\mtad-gat-pytorch\datasets\CH-BATTERY\LFP\normal\vin_268\vin_268_discharge_5.csv,LFP/normal/vin_268/vin_268_discharge_5.csv,LFP,normal,vin_268,discharge,5,0,,,,
LFP_normal_vin_268_vin_268_discharge_6,D:\作业\论文复现\基线模型\mtad-gat-pytorch\datasets\CH-BATTERY\LFP\normal\vin_268\vin_268_discharge_6.csv,LFP/normal/vin_268/vin_268_discharge_6.csv,LFP,normal,vin_268,discharge,6,0,,,,
LFP_normal_vin_268_vin_268_discharge_7,D:\作业\论文复现\基线模型\mtad-gat-pytorch\datasets\CH-BATTERY\LFP\normal\vin_268\vin_268_discharge_7.csv,LFP/normal/vin_268/vin_268_discharge_7.csv,LFP,normal,vin_268,discharge,7,0,,,,
LFP_normal_vin_268_vin_268_discharge_8,D:\作业\论文复现\基线模型\mtad-gat-pytorch\datasets\CH-BATTERY\LFP\normal\vin_268\vin_268_discharge_8.csv,LFP/normal/vin_268/vin_268_discharge_8.csv,LFP,normal,vin_268,discharge,8,0,,,,
LFP_normal_vin_268_vin_268_discharge_9,D:\作业\论文复现\基线模型\mtad-gat-pytorch\datasets\CH-BATTERY\LFP\normal\vin_268\vin_268_discharge_9.csv,LFP/normal/vin_268/vin_268_discharge_9.csv,LFP,normal,vin_268,discharge,9,0,,,,
LFP_normal_vin_268_vin_268_discharge_10,D:\作业\论文复现\基线模型\mtad-gat-pytorch\datasets\CH-BATTERY\LFP\normal\vin_268\vin_268_discharge_10.csv,LFP/normal/vin_268/vin_268_discharge_10.csv,LFP,normal,vin_268,discharge,10,0,,,,
LFP_normal_vin_269_vin_269_discharge_1,D:\作业\论文复现\基线模型\mtad-gat-pytorch\datasets\CH-BATTERY\LFP\normal\vin_269\vin_269_discharge_1.csv,LFP/normal/vin_269/vin_269_discharge_1.csv,LFP,normal,vin_269,discharge,1,0,,,,
LFP_normal_vin_269_vin_269_discharge_2,D:\作业\论文复现\基线模型\mtad-gat-pytorch\datasets\CH-BATTERY\LFP\normal\vin_269\vin_269_discharge_2.csv,LFP/normal/vin_269/vin_269_discharge_2.csv,LFP,normal,vin_269,discharge,2,0,,,,
LFP_normal_vin_269_vin_269_discharge_3,D:\作业\论文复现\基线模型\mtad-gat-pytorch\datasets\CH-BATTERY\LFP\normal\vin_269\vin_269_discharge_3.csv,LFP/normal/vin_269/vin_269_discharge_3.csv,LFP,normal,vin_269,discharge,3,0,,,,
LFP_normal_vin_269_vin_269_discharge_4,D:\作业\论文复现\基线模型\mtad-gat-pytorch\datasets\CH-BATTERY\LFP\normal\vin_269\vin_269_discharge_4.csv,LFP/normal/vin_269/vin_269_discharge_4.csv,LFP,normal,vin_269,discharge,4,0,,,,
LFP_normal_vin_269_vin_269_discharge_5,D:\作业\论文复现\基线模型\mtad-gat-pytorch\datasets\CH-BATTERY\LFP\normal\vin_269\vin_269_discharge_5.csv,LFP/normal/vin_269/vin_269_discharge_5.csv,LFP,normal,vin_269,discharge,5,0,,,,
LFP_normal_vin_269_vin_269_discharge_6,D:\作业\论文复现\基线模型\mtad-gat-pytorch\datasets\CH-BATTERY\LFP\normal\vin_269\vin_269_discharge_6.csv,LFP/normal/vin_269/vin_269_discharge_6.csv,LFP,normal,vin_269,discharge,6,0,,,,
LFP_normal_vin_269_vin_269_discharge_7,D:\作业\论文复现\基线模型\mtad-gat-pytorch\datasets\CH-BATTERY\LFP\normal\vin_269\vin_269_discharge_7.csv,LFP/normal/vin_269/vin_269_discharge_7.csv,LFP,normal,vin_269,discharge,7,0,,,,
LFP_normal_vin_269_vin_269_discharge_8,D:\作业\论文复现\基线模型\mtad-gat-pytorch\datasets\CH-BATTERY\LFP\normal\vin_269\vin_269_discharge_8.csv,LFP/normal/vin_269/vin_269_discharge_8.csv,LFP,normal,vin_269,discharge,8,0,,,,
LFP_normal_vin_269_vin_269_discharge_9,D:\作业\论文复现\基线模型\mtad-gat-pytorch\datasets\CH-BATTERY\LFP\normal\vin_269\vin_269_discharge_9.csv,LFP/normal/vin_269/vin_269_discharge_9.csv,LFP,normal,vin_269,discharge,9,0,,,,
LFP_normal_vin_269_vin_269_discharge_10,D:\作业\论文复现\基线模型\mtad-gat-pytorch\datasets\CH-BATTERY\LFP\normal\vin_269\vin_269_discharge_10.csv,LFP/normal/vin_269/vin_269_discharge_10.csv,LFP,normal,vin_269,discharge,10,0,,,,
LFP_normal_vin_270_vin_270_discharge_1,D:\作业\论文复现\基线模型\mtad-gat-pytorch\datasets\CH-BATTERY\LFP\normal\vin_270\vin_270_discharge_1.csv,LFP/normal/vin_270/vin_270_discharge_1.csv,LFP,normal,vin_270,discharge,1,0,,,,
LFP_normal_vin_270_vin_270_discharge_2,D:\作业\论文复现\基线模型\mtad-gat-pytorch\datasets\CH-BATTERY\LFP\normal\vin_270\vin_270_discharge_2.csv,LFP/normal/vin_270/vin_270_discharge_2.csv,LFP,normal,vin_270,discharge,2,0,,,,
LFP_normal_vin_270_vin_270_discharge_3,D:\作业\论文复现\基线模型\mtad-gat-pytorch\datasets\CH-BATTERY\LFP\normal\vin_270\vin_270_discharge_3.csv,LFP/normal/vin_270/vin_270_discharge_3.csv,LFP,normal,vin_270,discharge,3,0,,,,
LFP_normal_vin_270_vin_270_discharge_4,D:\作业\论文复现\基线模型\mtad-gat-pytorch\datasets\CH-BATTERY\LFP\normal\vin_270\vin_270_discharge_4.csv,LFP/normal/vin_270/vin_270_discharge_4.csv,LFP,normal,vin_270,discharge,4,0,,,,
LFP_normal_vin_270_vin_270_discharge_5,D:\作业\论文复现\基线模型\mtad-gat-pytorch\datasets\CH-BATTERY\LFP\normal\vin_270\vin_270_discharge_5.csv,LFP/normal/vin_270/vin_270_discharge_5.csv,LFP,normal,vin_270,discharge,5,0,,,,
LFP_normal_vin_270_vin_270_discharge_6,D:\作业\论文复现\基线模型\mtad-gat-pytorch\datasets\CH-BATTERY\LFP\normal\vin_270\vin_270_discharge_6.csv,LFP/normal/vin_270/vin_270_discharge_6.csv,LFP,normal,vin_270,discharge,6,0,,,,
LFP_normal_vin_270_vin_270_discharge_7,D:\作业\论文复现\基线模型\mtad-gat-pytorch\datasets\CH-BATTERY\LFP\normal\vin_270\vin_270_discharge_7.csv,LFP/normal/vin_270/vin_270_discharge_7.csv,LFP,normal,vin_270,discharge,7,0,,,,
LFP_normal_vin_270_vin_270_discharge_8,D:\作业\论文复现\基线模型\mtad-gat-pytorch\datasets\CH-BATTERY\LFP\normal\vin_270\vin_270_discharge_8.csv,LFP/normal/vin_270/vin_270_discharge_8.csv,LFP,normal,vin_270,discharge,8,0,,,,
LFP_normal_vin_270_vin_270_discharge_9,D:\作业\论文复现\基线模型\mtad-gat-pytorch\datasets\CH-BATTERY\LFP\normal\vin_270\vin_270_discharge_9.csv,LFP/normal/vin_270/vin_270_discharge_9.csv,LFP,normal,vin_270,discharge,9,0,,,,
LFP_normal_vin_270_vin_270_discharge_10,D:\作业\论文复现\基线模型\mtad-gat-pytorch\datasets\CH-BATTERY\LFP\normal\vin_270\vin_270_discharge_10.csv,LFP/normal/vin_270/vin_270_discharge_10.csv,LFP,normal,vin_270,discharge,10,0,,,,
LFP_normal_vin_271_vin_271_discharge_1,D:\作业\论文复现\基线模型\mtad-gat-pytorch\datasets\CH-BATTERY\LFP\normal\vin_271\vin_271_discharge_1.csv,LFP/normal/vin_271/vin_271_discharge_1.csv,LFP,normal,vin_271,discharge,1,0,,,,
LFP_normal_vin_271_vin_271_discharge_2,D:\作业\论文复现\基线模型\mtad-gat-pytorch\datasets\CH-BATTERY\LFP\normal\vin_271\vin_271_discharge_2.csv,LFP/normal/vin_271/vin_271_discharge_2.csv,LFP,normal,vin_271,discharge,2,0,,,,
LFP_normal_vin_271_vin_271_discharge_3,D:\作业\论文复现\基线模型\mtad-gat-pytorch\datasets\CH-BATTERY\LFP\normal\vin_271\vin_271_discharge_3.csv,LFP/normal/vin_271/vin_271_discharge_3.csv,LFP,normal,vin_271,discharge,3,0,,,,
LFP_normal_vin_271_vin_271_discharge_4,D:\作业\论文复现\基线模型\mtad-gat-pytorch\datasets\CH-BATTERY\LFP\normal\vin_271\vin_271_discharge_4.csv,LFP/normal/vin_271/vin_271_discharge_4.csv,LFP,normal,vin_271,discharge,4,0,,,,
LFP_normal_vin_271_vin_271_discharge_5,D:\作业\论文复现\基线模型\mtad-gat-pytorch\datasets\CH-BATTERY\LFP\normal\vin_271\vin_271_discharge_5.csv,LFP/normal/vin_271/vin_271_discharge_5.csv,LFP,normal,vin_271,discharge,5,0,,,,
LFP_normal_vin_271_vin_271_discharge_6,D:\作业\论文复现\基线模型\mtad-gat-pytorch\datasets\CH-BATTERY\LFP\normal\vin_271\vin_271_discharge_6.csv,LFP/normal/vin_271/vin_271_discharge_6.csv,LFP,normal,vin_271,discharge,6,0,,,,
LFP_normal_vin_271_vin_271_discharge_7,D:\作业\论文复现\基线模型\mtad-gat-pytorch\datasets\CH-BATTERY\LFP\normal\vin_271\vin_271_discharge_7.csv,LFP/normal/vin_271/vin_271_discharge_7.csv,LFP,normal,vin_271,discharge,7,0,,,,
LFP_normal_vin_271_vin_271_discharge_8,D:\作业\论文复现\基线模型\mtad-gat-pytorch\datasets\CH-BATTERY\LFP\normal\vin_271\vin_271_discharge_8.csv,LFP/normal/vin_271/vin_271_discharge_8.csv,LFP,normal,vin_271,discharge,8,0,,,,
LFP_normal_vin_271_vin_271_discharge_9,D:\作业\论文复现\基线模型\mtad-gat-pytorch\datasets\CH-BATTERY\LFP\normal\vin_271\vin_271_discharge_9.csv,LFP/normal/vin_271/vin_271_discharge_9.csv,LFP,normal,vin_271,discharge,9,0,,,,
LFP_normal_vin_271_vin_271_discharge_10,D:\作业\论文复现\基线模型\mtad-gat-pytorch\datasets\CH-BATTERY\LFP\normal\vin_271\vin_271_discharge_10.csv,LFP/normal/vin_271/vin_271_discharge_10.csv,LFP,normal,vin_271,discharge,10,0,,,,
LFP_normal_vin_273_vin_273_discharge_1,D:\作业\论文复现\基线模型\mtad-gat-pytorch\datasets\CH-BATTERY\LFP\normal\vin_273\vin_273_discharge_1.csv,LFP/normal/vin_273/vin_273_discharge_1.csv,LFP,normal,vin_273,discharge,1,0,,,,
LFP_normal_vin_273_vin_273_discharge_2,D:\作业\论文复现\基线模型\mtad-gat-pytorch\datasets\CH-BATTERY\LFP\normal\vin_273\vin_273_discharge_2.csv,LFP/normal/vin_273/vin_273_discharge_2.csv,LFP,normal,vin_273,discharge,2,0,,,,
LFP_normal_vin_273_vin_273_discharge_3,D:\作业\论文复现\基线模型\mtad-gat-pytorch\datasets\CH-BATTERY\LFP\normal\vin_273\vin_273_discharge_3.csv,LFP/normal/vin_273/vin_273_discharge_3.csv,LFP,normal,vin_273,discharge,3,0,,,,
LFP_normal_vin_273_vin_273_discharge_4,D:\作业\论文复现\基线模型\mtad-gat-pytorch\datasets\CH-BATTERY\LFP\normal\vin_273\vin_273_discharge_4.csv,LFP/normal/vin_273/vin_273_discharge_4.csv,LFP,normal,vin_273,discharge,4,0,,,,
LFP_normal_vin_273_vin_273_discharge_5,D:\作业\论文复现\基线模型\mtad-gat-pytorch\datasets\CH-BATTERY\LFP\normal\vin_273\vin_273_discharge_5.csv,LFP/normal/vin_273/vin_273_discharge_5.csv,LFP,normal,vin_273,discharge,5,0,,,,
LFP_normal_vin_273_vin_273_discharge_6,D:\作业\论文复现\基线模型\mtad-gat-pytorch\datasets\CH-BATTERY\LFP\normal\vin_273\vin_273_discharge_6.csv,LFP/normal/vin_273/vin_273_discharge_6.csv,LFP,normal,vin_273,discharge,6,0,,,,
LFP_normal_vin_273_vin_273_discharge_7,D:\作业\论文复现\基线模型\mtad-gat-pytorch\datasets\CH-BATTERY\LFP\normal\vin_273\vin_273_discharge_7.csv,LFP/normal/vin_273/vin_273_discharge_7.csv,LFP,normal,vin_273,discharge,7,0,,,,
LFP_normal_vin_273_vin_273_discharge_8,D:\作业\论文复现\基线模型\mtad-gat-pytorch\datasets\CH-BATTERY\LFP\normal\vin_273\vin_273_discharge_8.csv,LFP/normal/vin_273/vin_273_discharge_8.csv,LFP,normal,vin_273,discharge,8,0,,,,
LFP_normal_vin_273_vin_273_discharge_9,D:\作业\论文复现\基线模型\mtad-gat-pytorch\datasets\CH-BATTERY\LFP\normal\vin_273\vin_273_discharge_9.csv,LFP/normal/vin_273/vin_273_discharge_9.csv,LFP,normal,vin_273,discharge,9,0,,,,
LFP_normal_vin_273_vin_273_discharge_10,D:\作业\论文复现\基线模型\mtad-gat-pytorch\datasets\CH-BATTERY\LFP\normal\vin_273\vin_273_discharge_10.csv,LFP/normal/vin_273/vin_273_discharge_10.csv,LFP,normal,vin_273,discharge,10,0,,,,
LFP_normal_vin_274_vin_274_discharge_1,D:\作业\论文复现\基线模型\mtad-gat-pytorch\datasets\CH-BATTERY\LFP\normal\vin_274\vin_274_discharge_1.csv,LFP/normal/vin_274/vin_274_discharge_1.csv,LFP,normal,vin_274,discharge,1,0,,,,
LFP_normal_vin_274_vin_274_discharge_2,D:\作业\论文复现\基线模型\mtad-gat-pytorch\datasets\CH-BATTERY\LFP\normal\vin_274\vin_274_discharge_2.csv,LFP/normal/vin_274/vin_274_discharge_2.csv,LFP,normal,vin_274,discharge,2,0,,,,
LFP_normal_vin_274_vin_274_discharge_3,D:\作业\论文复现\基线模型\mtad-gat-pytorch\datasets\CH-BATTERY\LFP\normal\vin_274\vin_274_discharge_3.csv,LFP/normal/vin_274/vin_274_discharge_3.csv,LFP,normal,vin_274,discharge,3,0,,,,
LFP_normal_vin_274_vin_274_discharge_4,D:\作业\论文复现\基线模型\mtad-gat-pytorch\datasets\CH-BATTERY\LFP\normal\vin_274\vin_274_discharge_4.csv,LFP/normal/vin_274/vin_274_discharge_4.csv,LFP,normal,vin_274,discharge,4,0,,,,
LFP_normal_vin_274_vin_274_discharge_5,D:\作业\论文复现\基线模型\mtad-gat-pytorch\datasets\CH-BATTERY\LFP\normal\vin_274\vin_274_discharge_5.csv,LFP/normal/vin_274/vin_274_discharge_5.csv,LFP,normal,vin_274,discharge,5,0,,,,
LFP_normal_vin_274_vin_274_discharge_6,D:\作业\论文复现\基线模型\mtad-gat-pytorch\datasets\CH-BATTERY\LFP\normal\vin_274\vin_274_discharge_6.csv,LFP/normal/vin_274/vin_274_discharge_6.csv,LFP,normal,vin_274,discharge,6,0,,,,
LFP_normal_vin_274_vin_274_discharge_7,D:\作业\论文复现\基线模型\mtad-gat-pytorch\datasets\CH-BATTERY\LFP\normal\vin_274\vin_274_discharge_7.csv,LFP/normal/vin_274/vin_274_discharge_7.csv,LFP,normal,vin_274,discharge,7,0,,,,
LFP_normal_vin_274_vin_274_discharge_8,D:\作业\论文复现\基线模型\mtad-gat-pytorch\datasets\CH-BATTERY\LFP\normal\vin_274\vin_274_discharge_8.csv,LFP/normal/vin_274/vin_274_discharge_8.csv,LFP,normal,vin_274,discharge,8,0,,,,
LFP_normal_vin_274_vin_274_discharge_9,D:\作业\论文复现\基线模型\mtad-gat-pytorch\datasets\CH-BATTERY\LFP\normal\vin_274\vin_274_discharge_9.csv,LFP/normal/vin_274/vin_274_discharge_9.csv,LFP,normal,vin_274,discharge,9,0,,,,
LFP_normal_vin_274_vin_274_discharge_10,D:\作业\论文复现\基线模型\mtad-gat-pytorch\datasets\CH-BATTERY\LFP\normal\vin_274\vin_274_discharge_10.csv,LFP/normal/vin_274/vin_274_discharge_10.csv,LFP,normal,vin_274,discharge,10,0,,,,
LFP_normal_vin_275_vin_275_discharge_1,D:\作业\论文复现\基线模型\mtad-gat-pytorch\datasets\CH-BATTERY\LFP\normal\vin_275\vin_275_discharge_1.csv,LFP/normal/vin_275/vin_275_discharge_1.csv,LFP,normal,vin_275,discharge,1,0,,,,
LFP_normal_vin_275_vin_275_discharge_2,D:\作业\论文复现\基线模型\mtad-gat-pytorch\datasets\CH-BATTERY\LFP\normal\vin_275\vin_275_discharge_2.csv,LFP/normal/vin_275/vin_275_discharge_2.csv,LFP,normal,vin_275,discharge,2,0,,,,
LFP_normal_vin_275_vin_275_discharge_3,D:\作业\论文复现\基线模型\mtad-gat-pytorch\datasets\CH-BATTERY\LFP\normal\vin_275\vin_275_discharge_3.csv,LFP/normal/vin_275/vin_275_discharge_3.csv,LFP,normal,vin_275,discharge,3,0,,,,
LFP_normal_vin_275_vin_275_discharge_4,D:\作业\论文复现\基线模型\mtad-gat-pytorch\datasets\CH-BATTERY\LFP\normal\vin_275\vin_275_discharge_4.csv,LFP/normal/vin_275/vin_275_discharge_4.csv,LFP,normal,vin_275,discharge,4,0,,,,
LFP_normal_vin_275_vin_275_discharge_5,D:\作业\论文复现\基线模型\mtad-gat-pytorch\datasets\CH-BATTERY\LFP\normal\vin_275\vin_275_discharge_5.csv,LFP/normal/vin_275/vin_275_discharge_5.csv,LFP,normal,vin_275,discharge,5,0,,,,
LFP_normal_vin_275_vin_275_discharge_6,D:\作业\论文复现\基线模型\mtad-gat-pytorch\datasets\CH-BATTERY\LFP\normal\vin_275\vin_275_discharge_6.csv,LFP/normal/vin_275/vin_275_discharge_6.csv,LFP,normal,vin_275,discharge,6,0,,,,
LFP_normal_vin_275_vin_275_discharge_7,D:\作业\论文复现\基线模型\mtad-gat-pytorch\datasets\CH-BATTERY\LFP\normal\vin_275\vin_275_discharge_7.csv,LFP/normal/vin_275/vin_275_discharge_7.csv,LFP,normal,vin_275,discharge,7,0,,,,
LFP_normal_vin_275_vin_275_discharge_8,D:\作业\论文复现\基线模型\mtad-gat-pytorch\datasets\CH-BATTERY\LFP\normal\vin_275\vin_275_discharge_8.csv,LFP/normal/vin_275/vin_275_discharge_8.csv,LFP,normal,vin_275,discharge,8,0,,,,
LFP_normal_vin_275_vin_275_discharge_9,D:\作业\论文复现\基线模型\mtad-gat-pytorch\datasets\CH-BATTERY\LFP\normal\vin_275\vin_275_discharge_9.csv,LFP/normal/vin_275/vin_275_discharge_9.csv,LFP,normal,vin_275,discharge,9,0,,,,
LFP_normal_vin_275_vin_275_discharge_10,D:\作业\论文复现\基线模型\mtad-gat-pytorch\datasets\CH-BATTERY\LFP\normal\vin_275\vin_275_discharge_10.csv,LFP/normal/vin_275/vin_275_discharge_10.csv,LFP,normal,vin_275,discharge,10,0,,,,
LFP_normal_vin_276_vin_276_discharge_1,D:\作业\论文复现\基线模型\mtad-gat-pytorch\datasets\CH-BATTERY\LFP\normal\vin_276\vin_276_discharge_1.csv,LFP/normal/vin_276/vin_276_discharge_1.csv,LFP,normal,vin_276,discharge,1,0,,,,
LFP_normal_vin_276_vin_276_discharge_2,D:\作业\论文复现\基线模型\mtad-gat-pytorch\datasets\CH-BATTERY\LFP\normal\vin_276\vin_276_discharge_2.csv,LFP/normal/vin_276/vin_276_discharge_2.csv,LFP,normal,vin_276,discharge,2,0,,,,
LFP_normal_vin_276_vin_276_discharge_3,D:\作业\论文复现\基线模型\mtad-gat-pytorch\datasets\CH-BATTERY\LFP\normal\vin_276\vin_276_discharge_3.csv,LFP/normal/vin_276/vin_276_discharge_3.csv,LFP,normal,vin_276,discharge,3,0,,,,
LFP_normal_vin_276_vin_276_discharge_4,D:\作业\论文复现\基线模型\mtad-gat-pytorch\datasets\CH-BATTERY\LFP\normal\vin_276\vin_276_discharge_4.csv,LFP/normal/vin_276/vin_276_discharge_4.csv,LFP,normal,vin_276,discharge,4,0,,,,
LFP_normal_vin_276_vin_276_discharge_5,D:\作业\论文复现\基线模型\mtad-gat-pytorch\datasets\CH-BATTERY\LFP\normal\vin_276\vin_276_discharge_5.csv,LFP/normal/vin_276/vin_276_discharge_5.csv,LFP,normal,vin_276,discharge,5,0,,,,
LFP_normal_vin_276_vin_276_discharge_6,D:\作业\论文复现\基线模型\mtad-gat-pytorch\datasets\CH-BATTERY\LFP\normal\vin_276\vin_276_discharge_6.csv,LFP/normal/vin_276/vin_276_discharge_6.csv,LFP,normal,vin_276,discharge,6,0,,,,
LFP_normal_vin_276_vin_276_discharge_7,D:\作业\论文复现\基线模型\mtad-gat-pytorch\datasets\CH-BATTERY\LFP\normal\vin_276\vin_276_discharge_7.csv,LFP/normal/vin_276/vin_276_discharge_7.csv,LFP,normal,vin_276,discharge,7,0,,,,
LFP_normal_vin_276_vin_276_discharge_8,D:\作业\论文复现\基线模型\mtad-gat-pytorch\datasets\CH-BATTERY\LFP\normal\vin_276\vin_276_discharge_8.csv,LFP/normal/vin_276/vin_276_discharge_8.csv,LFP,normal,vin_276,discharge,8,0,,,,
LFP_normal_vin_276_vin_276_discharge_9,D:\作业\论文复现\基线模型\mtad-gat-pytorch\datasets\CH-BATTERY\LFP\normal\vin_276\vin_276_discharge_9.csv,LFP/normal/vin_276/vin_276_discharge_9.csv,LFP,normal,vin_276,discharge,9,0,,,,
LFP_normal_vin_276_vin_276_discharge_10,D:\作业\论文复现\基线模型\mtad-gat-pytorch\datasets\CH-BATTERY\LFP\normal\vin_276\vin_276_discharge_10.csv,LFP/normal/vin_276/vin_276_discharge_10.csv,LFP,normal,vin_276,discharge,10,0,,,,
LFP_normal_vin_278_vin_278_discharge_1,D:\作业\论文复现\基线模型\mtad-gat-pytorch\datasets\CH-BATTERY\LFP\normal\vin_278\vin_278_discharge_1.csv,LFP/normal/vin_278/vin_278_discharge_1.csv,LFP,normal,vin_278,discharge,1,0,,,,
LFP_normal_vin_278_vin_278_discharge_2,D:\作业\论文复现\基线模型\mtad-gat-pytorch\datasets\CH-BATTERY\LFP\normal\vin_278\vin_278_discharge_2.csv,LFP/normal/vin_278/vin_278_discharge_2.csv,LFP,normal,vin_278,discharge,2,0,,,,
LFP_normal_vin_278_vin_278_discharge_3,D:\作业\论文复现\基线模型\mtad-gat-pytorch\datasets\CH-BATTERY\LFP\normal\vin_278\vin_278_discharge_3.csv,LFP/normal/vin_278/vin_278_discharge_3.csv,LFP,normal,vin_278,discharge,3,0,,,,
LFP_normal_vin_278_vin_278_discharge_4,D:\作业\论文复现\基线模型\mtad-gat-pytorch\datasets\CH-BATTERY\LFP\normal\vin_278\vin_278_discharge_4.csv,LFP/normal/vin_278/vin_278_discharge_4.csv,LFP,normal,vin_278,discharge,4,0,,,,
LFP_normal_vin_278_vin_278_discharge_5,D:\作业\论文复现\基线模型\mtad-gat-pytorch\datasets\CH-BATTERY\LFP\normal\vin_278\vin_278_discharge_5.csv,LFP/normal/vin_278/vin_278_discharge_5.csv,LFP,normal,vin_278,discharge,5,0,,,,
LFP_normal_vin_278_vin_278_discharge_6,D:\作业\论文复现\基线模型\mtad-gat-pytorch\datasets\CH-BATTERY\LFP\normal\vin_278\vin_278_discharge_6.csv,LFP/normal/vin_278/vin_278_discharge_6.csv,LFP,normal,vin_278,discharge,6,0,,,,
LFP_normal_vin_278_vin_278_discharge_7,D:\作业\论文复现\基线模型\mtad-gat-pytorch\datasets\CH-BATTERY\LFP\normal\vin_278\vin_278_discharge_7.csv,LFP/normal/vin_278/vin_278_discharge_7.csv,LFP,normal,vin_278,discharge,7,0,,,,
LFP_normal_vin_278_vin_278_discharge_8,D:\作业\论文复现\基线模型\mtad-gat-pytorch\datasets\CH-BATTERY\LFP\normal\vin_278\vin_278_discharge_8.csv,LFP/normal/vin_278/vin_278_discharge_8.csv,LFP,normal,vin_278,discharge,8,0,,,,
LFP_normal_vin_278_vin_278_discharge_9,D:\作业\论文复现\基线模型\mtad-gat-pytorch\datasets\CH-BATTERY\LFP\normal\vin_278\vin_278_discharge_9.csv,LFP/normal/vin_278/vin_278_discharge_9.csv,LFP,normal,vin_278,discharge,9,0,,,,
LFP_normal_vin_278_vin_278_discharge_10,D:\作业\论文复现\基线模型\mtad-gat-pytorch\datasets\CH-BATTERY\LFP\normal\vin_278\vin_278_discharge_10.csv,LFP/normal/vin_278/vin_278_discharge_10.csv,LFP,normal,vin_278,discharge,10,0,,,,
LFP_normal_vin_279_vin_279_discharge_1,D:\作业\论文复现\基线模型\mtad-gat-pytorch\datasets\CH-BATTERY\LFP\normal\vin_279\vin_279_discharge_1.csv,LFP/normal/vin_279/vin_279_discharge_1.csv,LFP,normal,vin_279,discharge,1,0,,,,
LFP_normal_vin_279_vin_279_discharge_2,D:\作业\论文复现\基线模型\mtad-gat-pytorch\datasets\CH-BATTERY\LFP\normal\vin_279\vin_279_discharge_2.csv,LFP/normal/vin_279/vin_279_discharge_2.csv,LFP,normal,vin_279,discharge,2,0,,,,
LFP_normal_vin_279_vin_279_discharge_3,D:\作业\论文复现\基线模型\mtad-gat-pytorch\datasets\CH-BATTERY\LFP\normal\vin_279\vin_279_discharge_3.csv,LFP/normal/vin_279/vin_279_discharge_3.csv,LFP,normal,vin_279,discharge,3,0,,,,
LFP_normal_vin_279_vin_279_discharge_4,D:\作业\论文复现\基线模型\mtad-gat-pytorch\datasets\CH-BATTERY\LFP\normal\vin_279\vin_279_discharge_4.csv,LFP/normal/vin_279/vin_279_discharge_4.csv,LFP,normal,vin_279,discharge,4,0,,,,
LFP_normal_vin_279_vin_279_discharge_5,D:\作业\论文复现\基线模型\mtad-gat-pytorch\datasets\CH-BATTERY\LFP\normal\vin_279\vin_279_discharge_5.csv,LFP/normal/vin_279/vin_279_discharge_5.csv,LFP,normal,vin_279,discharge,5,0,,,,
LFP_normal_vin_279_vin_279_discharge_6,D:\作业\论文复现\基线模型\mtad-gat-pytorch\datasets\CH-BATTERY\LFP\normal\vin_279\vin_279_discharge_6.csv,LFP/normal/vin_279/vin_279_discharge_6.csv,LFP,normal,vin_279,discharge,6,0,,,,
LFP_normal_vin_279_vin_279_discharge_7,D:\作业\论文复现\基线模型\mtad-gat-pytorch\datasets\CH-BATTERY\LFP\normal\vin_279\vin_279_discharge_7.csv,LFP/normal/vin_279/vin_279_discharge_7.csv,LFP,normal,vin_279,discharge,7,0,,,,
LFP_normal_vin_279_vin_279_discharge_8,D:\作业\论文复现\基线模型\mtad-gat-pytorch\datasets\CH-BATTERY\LFP\normal\vin_279\vin_279_discharge_8.csv,LFP/normal/vin_279/vin_279_discharge_8.csv,LFP,normal,vin_279,discharge,8,0,,,,
LFP_normal_vin_279_vin_279_discharge_9,D:\作业\论文复现\基线模型\mtad-gat-pytorch\datasets\CH-BATTERY\LFP\normal\vin_279\vin_279_discharge_9.csv,LFP/normal/vin_279/vin_279_discharge_9.csv,LFP,normal,vin_279,discharge,9,0,,,,
LFP_normal_vin_279_vin_279_discharge_10,D:\作业\论文复现\基线模型\mtad-gat-pytorch\datasets\CH-BATTERY\LFP\normal\vin_279\vin_279_discharge_10.csv,LFP/normal/vin_279/vin_279_discharge_10.csv,LFP,normal,vin_279,discharge,10,0,,,,
LFP_normal_vin_280_vin_280_discharge_1,D:\作业\论文复现\基线模型\mtad-gat-pytorch\datasets\CH-BATTERY\LFP\normal\vin_280\vin_280_discharge_1.csv,LFP/normal/vin_280/vin_280_discharge_1.csv,LFP,normal,vin_280,discharge,1,0,,,,
LFP_normal_vin_280_vin_280_discharge_2,D:\作业\论文复现\基线模型\mtad-gat-pytorch\datasets\CH-BATTERY\LFP\normal\vin_280\vin_280_discharge_2.csv,LFP/normal/vin_280/vin_280_discharge_2.csv,LFP,normal,vin_280,discharge,2,0,,,,
LFP_normal_vin_280_vin_280_discharge_3,D:\作业\论文复现\基线模型\mtad-gat-pytorch\datasets\CH-BATTERY\LFP\normal\vin_280\vin_280_discharge_3.csv,LFP/normal/vin_280/vin_280_discharge_3.csv,LFP,normal,vin_280,discharge,3,0,,,,
LFP_normal_vin_280_vin_280_discharge_4,D:\作业\论文复现\基线模型\mtad-gat-pytorch\datasets\CH-BATTERY\LFP\normal\vin_280\vin_280_discharge_4.csv,LFP/normal/vin_280/vin_280_discharge_4.csv,LFP,normal,vin_280,discharge,4,0,,,,
LFP_normal_vin_280_vin_280_discharge_5,D:\作业\论文复现\基线模型\mtad-gat-pytorch\datasets\CH-BATTERY\LFP\normal\vin_280\vin_280_discharge_5.csv,LFP/normal/vin_280/vin_280_discharge_5.csv,LFP,normal,vin_280,discharge,5,0,,,,
LFP_normal_vin_280_vin_280_discharge_6,D:\作业\论文复现\基线模型\mtad-gat-pytorch\datasets\CH-BATTERY\LFP\normal\vin_280\vin_280_discharge_6.csv,LFP/normal/vin_280/vin_280_discharge_6.csv,LFP,normal,vin_280,discharge,6,0,,,,
LFP_normal_vin_280_vin_280_discharge_7,D:\作业\论文复现\基线模型\mtad-gat-pytorch\datasets\CH-BATTERY\LFP\normal\vin_280\vin_280_discharge_7.csv,LFP/normal/vin_280/vin_280_discharge_7.csv,LFP,normal,vin_280,discharge,7,0,,,,
LFP_normal_vin_280_vin_280_discharge_8,D:\作业\论文复现\基线模型\mtad-gat-pytorch\datasets\CH-BATTERY\LFP\normal\vin_280\vin_280_discharge_8.csv,LFP/normal/vin_280/vin_280_discharge_8.csv,LFP,normal,vin_280,discharge,8,0,,,,
LFP_normal_vin_280_vin_280_discharge_9,D:\作业\论文复现\基线模型\mtad-gat-pytorch\datasets\CH-BATTERY\LFP\normal\vin_280\vin_280_discharge_9.csv,LFP/normal/vin_280/vin_280_discharge_9.csv,LFP,normal,vin_280,discharge,9,0,,,,
LFP_normal_vin_280_vin_280_discharge_10,D:\作业\论文复现\基线模型\mtad-gat-pytorch\datasets\CH-BATTERY\LFP\normal\vin_280\vin_280_discharge_10.csv,LFP/normal/vin_280/vin_280_discharge_10.csv,LFP,normal,vin_280,discharge,10,0,,,,
LFP_normal_vin_281_vin_281_discharge_1,D:\作业\论文复现\基线模型\mtad-gat-pytorch\datasets\CH-BATTERY\LFP\normal\vin_281\vin_281_discharge_1.csv,LFP/normal/vin_281/vin_281_discharge_1.csv,LFP,normal,vin_281,discharge,1,0,,,,
LFP_normal_vin_281_vin_281_discharge_2,D:\作业\论文复现\基线模型\mtad-gat-pytorch\datasets\CH-BATTERY\LFP\normal\vin_281\vin_281_discharge_2.csv,LFP/normal/vin_281/vin_281_discharge_2.csv,LFP,normal,vin_281,discharge,2,0,,,,
LFP_normal_vin_281_vin_281_discharge_3,D:\作业\论文复现\基线模型\mtad-gat-pytorch\datasets\CH-BATTERY\LFP\normal\vin_281\vin_281_discharge_3.csv,LFP/normal/vin_281/vin_281_discharge_3.csv,LFP,normal,vin_281,discharge,3,0,,,,
LFP_normal_vin_281_vin_281_discharge_4,D:\作业\论文复现\基线模型\mtad-gat-pytorch\datasets\CH-BATTERY\LFP\normal\vin_281\vin_281_discharge_4.csv,LFP/normal/vin_281/vin_281_discharge_4.csv,LFP,normal,vin_281,discharge,4,0,,,,
LFP_normal_vin_281_vin_281_discharge_5,D:\作业\论文复现\基线模型\mtad-gat-pytorch\datasets\CH-BATTERY\LFP\normal\vin_281\vin_281_discharge_5.csv,LFP/normal/vin_281/vin_281_discharge_5.csv,LFP,normal,vin_281,discharge,5,0,,,,
LFP_normal_vin_281_vin_281_discharge_6,D:\作业\论文复现\基线模型\mtad-gat-pytorch\datasets\CH-BATTERY\LFP\normal\vin_281\vin_281_discharge_6.csv,LFP/normal/vin_281/vin_281_discharge_6.csv,LFP,normal,vin_281,discharge,6,0,,,,
LFP_normal_vin_281_vin_281_discharge_7,D:\作业\论文复现\基线模型\mtad-gat-pytorch\datasets\CH-BATTERY\LFP\normal\vin_281\vin_281_discharge_7.csv,LFP/normal/vin_281/vin_281_discharge_7.csv,LFP,normal,vin_281,discharge,7,0,,,,
LFP_normal_vin_281_vin_281_discharge_8,D:\作业\论文复现\基线模型\mtad-gat-pytorch\datasets\CH-BATTERY\LFP\normal\vin_281\vin_281_discharge_8.csv,LFP/normal/vin_281/vin_281_discharge_8.csv,LFP,normal,vin_281,discharge,8,0,,,,
LFP_normal_vin_281_vin_281_discharge_9,D:\作业\论文复现\基线模型\mtad-gat-pytorch\datasets\CH-BATTERY\LFP\normal\vin_281\vin_281_discharge_9.csv,LFP/normal/vin_281/vin_281_discharge_9.csv,LFP,normal,vin_281,discharge,9,0,,,,
LFP_normal_vin_281_vin_281_discharge_10,D:\作业\论文复现\基线模型\mtad-gat-pytorch\datasets\CH-BATTERY\LFP\normal\vin_281\vin_281_discharge_10.csv,LFP/normal/vin_281/vin_281_discharge_10.csv,LFP,normal,vin_281,discharge,10,0,,,,
LFP_normal_vin_282_vin_282_discharge_1,D:\作业\论文复现\基线模型\mtad-gat-pytorch\datasets\CH-BATTERY\LFP\normal\vin_282\vin_282_discharge_1.csv,LFP/normal/vin_282/vin_282_discharge_1.csv,LFP,normal,vin_282,discharge,1,0,,,,
LFP_normal_vin_282_vin_282_discharge_2,D:\作业\论文复现\基线模型\mtad-gat-pytorch\datasets\CH-BATTERY\LFP\normal\vin_282\vin_282_discharge_2.csv,LFP/normal/vin_282/vin_282_discharge_2.csv,LFP,normal,vin_282,discharge,2,0,,,,
LFP_normal_vin_282_vin_282_discharge_3,D:\作业\论文复现\基线模型\mtad-gat-pytorch\datasets\CH-BATTERY\LFP\normal\vin_282\vin_282_discharge_3.csv,LFP/normal/vin_282/vin_282_discharge_3.csv,LFP,normal,vin_282,discharge,3,0,,,,
LFP_normal_vin_282_vin_282_discharge_4,D:\作业\论文复现\基线模型\mtad-gat-pytorch\datasets\CH-BATTERY\LFP\normal\vin_282\vin_282_discharge_4.csv,LFP/normal/vin_282/vin_282_discharge_4.csv,LFP,normal,vin_282,discharge,4,0,,,,
LFP_normal_vin_282_vin_282_discharge_5,D:\作业\论文复现\基线模型\mtad-gat-pytorch\datasets\CH-BATTERY\LFP\normal\vin_282\vin_282_discharge_5.csv,LFP/normal/vin_282/vin_282_discharge_5.csv,LFP,normal,vin_282,discharge,5,0,,,,
LFP_normal_vin_282_vin_282_discharge_6,D:\作业\论文复现\基线模型\mtad-gat-pytorch\datasets\CH-BATTERY\LFP\normal\vin_282\vin_282_discharge_6.csv,LFP/normal/vin_282/vin_282_discharge_6.csv,LFP,normal,vin_282,discharge,6,0,,,,
LFP_normal_vin_282_vin_282_discharge_7,D:\作业\论文复现\基线模型\mtad-gat-pytorch\datasets\CH-BATTERY\LFP\normal\vin_282\vin_282_discharge_7.csv,LFP/normal/vin_282/vin_282_discharge_7.csv,LFP,normal,vin_282,discharge,7,0,,,,
LFP_normal_vin_282_vin_282_discharge_8,D:\作业\论文复现\基线模型\mtad-gat-pytorch\datasets\CH-BATTERY\LFP\normal\vin_282\vin_282_discharge_8.csv,LFP/normal/vin_282/vin_282_discharge_8.csv,LFP,normal,vin_282,discharge,8,0,,,,
LFP_normal_vin_282_vin_282_discharge_9,D:\作业\论文复现\基线模型\mtad-gat-pytorch\datasets\CH-BATTERY\LFP\normal\vin_282\vin_282_discharge_9.csv,LFP/normal/vin_282/vin_282_discharge_9.csv,LFP,normal,vin_282,discharge,9,0,,,,
LFP_normal_vin_282_vin_282_discharge_10,D:\作业\论文复现\基线模型\mtad-gat-pytorch\datasets\CH-BATTERY\LFP\normal\vin_282\vin_282_discharge_10.csv,LFP/normal/vin_282/vin_282_discharge_10.csv,LFP,normal,vin_282,discharge,10,0,,,,
LFP_normal_vin_283_vin_283_discharge_1,D:\作业\论文复现\基线模型\mtad-gat-pytorch\datasets\CH-BATTERY\LFP\normal\vin_283\vin_283_discharge_1.csv,LFP/normal/vin_283/vin_283_discharge_1.csv,LFP,normal,vin_283,discharge,1,0,,,,
LFP_normal_vin_283_vin_283_discharge_2,D:\作业\论文复现\基线模型\mtad-gat-pytorch\datasets\CH-BATTERY\LFP\normal\vin_283\vin_283_discharge_2.csv,LFP/normal/vin_283/vin_283_discharge_2.csv,LFP,normal,vin_283,discharge,2,0,,,,
LFP_normal_vin_283_vin_283_discharge_3,D:\作业\论文复现\基线模型\mtad-gat-pytorch\datasets\CH-BATTERY\LFP\normal\vin_283\vin_283_discharge_3.csv,LFP/normal/vin_283/vin_283_discharge_3.csv,LFP,normal,vin_283,discharge,3,0,,,,
LFP_normal_vin_283_vin_283_discharge_4,D:\作业\论文复现\基线模型\mtad-gat-pytorch\datasets\CH-BATTERY\LFP\normal\vin_283\vin_283_discharge_4.csv,LFP/normal/vin_283/vin_283_discharge_4.csv,LFP,normal,vin_283,discharge,4,0,,,,
LFP_normal_vin_283_vin_283_discharge_5,D:\作业\论文复现\基线模型\mtad-gat-pytorch\datasets\CH-BATTERY\LFP\normal\vin_283\vin_283_discharge_5.csv,LFP/normal/vin_283/vin_283_discharge_5.csv,LFP,normal,vin_283,discharge,5,0,,,,
LFP_normal_vin_283_vin_283_discharge_6,D:\作业\论文复现\基线模型\mtad-gat-pytorch\datasets\CH-BATTERY\LFP\normal\vin_283\vin_283_discharge_6.csv,LFP/normal/vin_283/vin_283_discharge_6.csv,LFP,normal,vin_283,discharge,6,0,,,,
LFP_normal_vin_283_vin_283_discharge_7,D:\作业\论文复现\基线模型\mtad-gat-pytorch\datasets\CH-BATTERY\LFP\normal\vin_283\vin_283_discharge_7.csv,LFP/normal/vin_283/vin_283_discharge_7.csv,LFP,normal,vin_283,discharge,7,0,,,,
LFP_normal_vin_283_vin_283_discharge_8,D:\作业\论文复现\基线模型\mtad-gat-pytorch\datasets\CH-BATTERY\LFP\normal\vin_283\vin_283_discharge_8.csv,LFP/normal/vin_283/vin_283_discharge_8.csv,LFP,normal,vin_283,discharge,8,0,,,,
LFP_normal_vin_283_vin_283_discharge_9,D:\作业\论文复现\基线模型\mtad-gat-pytorch\datasets\CH-BATTERY\LFP\normal\vin_283\vin_283_discharge_9.csv,LFP/normal/vin_283/vin_283_discharge_9.csv,LFP,normal,vin_283,discharge,9,0,,,,
LFP_normal_vin_283_vin_283_discharge_10,D:\作业\论文复现\基线模型\mtad-gat-pytorch\datasets\CH-BATTERY\LFP\normal\vin_283\vin_283_discharge_10.csv,LFP/normal/vin_283/vin_283_discharge_10.csv,LFP,normal,vin_283,discharge,10,0,,,,
LFP_normal_vin_284_vin_284_discharge_1,D:\作业\论文复现\基线模型\mtad-gat-pytorch\datasets\CH-BATTERY\LFP\normal\vin_284\vin_284_discharge_1.csv,LFP/normal/vin_284/vin_284_discharge_1.csv,LFP,normal,vin_284,discharge,1,0,,,,
LFP_normal_vin_284_vin_284_discharge_2,D:\作业\论文复现\基线模型\mtad-gat-pytorch\datasets\CH-BATTERY\LFP\normal\vin_284\vin_284_discharge_2.csv,LFP/normal/vin_284/vin_284_discharge_2.csv,LFP,normal,vin_284,discharge,2,0,,,,
LFP_normal_vin_284_vin_284_discharge_3,D:\作业\论文复现\基线模型\mtad-gat-pytorch\datasets\CH-BATTERY\LFP\normal\vin_284\vin_284_discharge_3.csv,LFP/normal/vin_284/vin_284_discharge_3.csv,LFP,normal,vin_284,discharge,3,0,,,,
LFP_normal_vin_284_vin_284_discharge_4,D:\作业\论文复现\基线模型\mtad-gat-pytorch\datasets\CH-BATTERY\LFP\normal\vin_284\vin_284_discharge_4.csv,LFP/normal/vin_284/vin_284_discharge_4.csv,LFP,normal,vin_284,discharge,4,0,,,,
LFP_normal_vin_284_vin_284_discharge_5,D:\作业\论文复现\基线模型\mtad-gat-pytorch\datasets\CH-BATTERY\LFP\normal\vin_284\vin_284_discharge_5.csv,LFP/normal/vin_284/vin_284_discharge_5.csv,LFP,normal,vin_284,discharge,5,0,,,,
LFP_normal_vin_284_vin_284_discharge_6,D:\作业\论文复现\基线模型\mtad-gat-pytorch\datasets\CH-BATTERY\LFP\normal\vin_284\vin_284_discharge_6.csv,LFP/normal/vin_284/vin_284_discharge_6.csv,LFP,normal,vin_284,discharge,6,0,,,,
LFP_normal_vin_284_vin_284_discharge_7,D:\作业\论文复现\基线模型\mtad-gat-pytorch\datasets\CH-BATTERY\LFP\normal\vin_284\vin_284_discharge_7.csv,LFP/normal/vin_284/vin_284_discharge_7.csv,LFP,normal,vin_284,discharge,7,0,,,,
LFP_normal_vin_284_vin_284_discharge_8,D:\作业\论文复现\基线模型\mtad-gat-pytorch\datasets\CH-BATTERY\LFP\normal\vin_284\vin_284_discharge_8.csv,LFP/normal/vin_284/vin_284_discharge_8.csv,LFP,normal,vin_284,discharge,8,0,,,,
LFP_normal_vin_284_vin_284_discharge_9,D:\作业\论文复现\基线模型\mtad-gat-pytorch\datasets\CH-BATTERY\LFP\normal\vin_284\vin_284_discharge_9.csv,LFP/normal/vin_284/vin_284_discharge_9.csv,LFP,normal,vin_284,discharge,9,0,,,,
LFP_normal_vin_284_vin_284_discharge_10,D:\作业\论文复现\基线模型\mtad-gat-pytorch\datasets\CH-BATTERY\LFP\normal\vin_284\vin_284_discharge_10.csv,LFP/normal/vin_284/vin_284_discharge_10.csv,LFP,normal,vin_284,discharge,10,0,,,,
LFP_normal_vin_286_vin_286_discharge_1,D:\作业\论文复现\基线模型\mtad-gat-pytorch\datasets\CH-BATTERY\LFP\normal\vin_286\vin_286_discharge_1.csv,LFP/normal/vin_286/vin_286_discharge_1.csv,LFP,normal,vin_286,discharge,1,0,,,,
LFP_normal_vin_286_vin_286_discharge_2,D:\作业\论文复现\基线模型\mtad-gat-pytorch\datasets\CH-BATTERY\LFP\normal\vin_286\vin_286_discharge_2.csv,LFP/normal/vin_286/vin_286_discharge_2.csv,LFP,normal,vin_286,discharge,2,0,,,,
LFP_normal_vin_286_vin_286_discharge_3,D:\作业\论文复现\基线模型\mtad-gat-pytorch\datasets\CH-BATTERY\LFP\normal\vin_286\vin_286_discharge_3.csv,LFP/normal/vin_286/vin_286_discharge_3.csv,LFP,normal,vin_286,discharge,3,0,,,,
LFP_normal_vin_286_vin_286_discharge_4,D:\作业\论文复现\基线模型\mtad-gat-pytorch\datasets\CH-BATTERY\LFP\normal\vin_286\vin_286_discharge_4.csv,LFP/normal/vin_286/vin_286_discharge_4.csv,LFP,normal,vin_286,discharge,4,0,,,,
LFP_normal_vin_286_vin_286_discharge_5,D:\作业\论文复现\基线模型\mtad-gat-pytorch\datasets\CH-BATTERY\LFP\normal\vin_286\vin_286_discharge_5.csv,LFP/normal/vin_286/vin_286_discharge_5.csv,LFP,normal,vin_286,discharge,5,0,,,,
LFP_normal_vin_286_vin_286_discharge_6,D:\作业\论文复现\基线模型\mtad-gat-pytorch\datasets\CH-BATTERY\LFP\normal\vin_286\vin_286_discharge_6.csv,LFP/normal/vin_286/vin_286_discharge_6.csv,LFP,normal,vin_286,discharge,6,0,,,,
LFP_normal_vin_286_vin_286_discharge_7,D:\作业\论文复现\基线模型\mtad-gat-pytorch\datasets\CH-BATTERY\LFP\normal\vin_286\vin_286_discharge_7.csv,LFP/normal/vin_286/vin_286_discharge_7.csv,LFP,normal,vin_286,discharge,7,0,,,,
LFP_normal_vin_286_vin_286_discharge_8,D:\作业\论文复现\基线模型\mtad-gat-pytorch\datasets\CH-BATTERY\LFP\normal\vin_286\vin_286_discharge_8.csv,LFP/normal/vin_286/vin_286_discharge_8.csv,LFP,normal,vin_286,discharge,8,0,,,,
LFP_normal_vin_286_vin_286_discharge_9,D:\作业\论文复现\基线模型\mtad-gat-pytorch\datasets\CH-BATTERY\LFP\normal\vin_286\vin_286_discharge_9.csv,LFP/normal/vin_286/vin_286_discharge_9.csv,LFP,normal,vin_286,discharge,9,0,,,,
LFP_normal_vin_286_vin_286_discharge_10,D:\作业\论文复现\基线模型\mtad-gat-pytorch\datasets\CH-BATTERY\LFP\normal\vin_286\vin_286_discharge_10.csv,LFP/normal/vin_286/vin_286_discharge_10.csv,LFP,normal,vin_286,discharge,10,0,,,,
LFP_normal_vin_287_vin_287_discharge_1,D:\作业\论文复现\基线模型\mtad-gat-pytorch\datasets\CH-BATTERY\LFP\normal\vin_287\vin_287_discharge_1.csv,LFP/normal/vin_287/vin_287_discharge_1.csv,LFP,normal,vin_287,discharge,1,0,,,,
LFP_normal_vin_287_vin_287_discharge_2,D:\作业\论文复现\基线模型\mtad-gat-pytorch\datasets\CH-BATTERY\LFP\normal\vin_287\vin_287_discharge_2.csv,LFP/normal/vin_287/vin_287_discharge_2.csv,LFP,normal,vin_287,discharge,2,0,,,,
LFP_normal_vin_287_vin_287_discharge_3,D:\作业\论文复现\基线模型\mtad-gat-pytorch\datasets\CH-BATTERY\LFP\normal\vin_287\vin_287_discharge_3.csv,LFP/normal/vin_287/vin_287_discharge_3.csv,LFP,normal,vin_287,discharge,3,0,,,,
LFP_normal_vin_287_vin_287_discharge_4,D:\作业\论文复现\基线模型\mtad-gat-pytorch\datasets\CH-BATTERY\LFP\normal\vin_287\vin_287_discharge_4.csv,LFP/normal/vin_287/vin_287_discharge_4.csv,LFP,normal,vin_287,discharge,4,0,,,,
LFP_normal_vin_287_vin_287_discharge_5,D:\作业\论文复现\基线模型\mtad-gat-pytorch\datasets\CH-BATTERY\LFP\normal\vin_287\vin_287_discharge_5.csv,LFP/normal/vin_287/vin_287_discharge_5.csv,LFP,normal,vin_287,discharge,5,0,,,,
LFP_normal_vin_287_vin_287_discharge_6,D:\作业\论文复现\基线模型\mtad-gat-pytorch\datasets\CH-BATTERY\LFP\normal\vin_287\vin_287_discharge_6.csv,LFP/normal/vin_287/vin_287_discharge_6.csv,LFP,normal,vin_287,discharge,6,0,,,,
LFP_normal_vin_287_vin_287_discharge_7,D:\作业\论文复现\基线模型\mtad-gat-pytorch\datasets\CH-BATTERY\LFP\normal\vin_287\vin_287_discharge_7.csv,LFP/normal/vin_287/vin_287_discharge_7.csv,LFP,normal,vin_287,discharge,7,0,,,,
LFP_normal_vin_287_vin_287_discharge_8,D:\作业\论文复现\基线模型\mtad-gat-pytorch\datasets\CH-BATTERY\LFP\normal\vin_287\vin_287_discharge_8.csv,LFP/normal/vin_287/vin_287_discharge_8.csv,LFP,normal,vin_287,discharge,8,0,,,,
LFP_normal_vin_287_vin_287_discharge_9,D:\作业\论文复现\基线模型\mtad-gat-pytorch\datasets\CH-BATTERY\LFP\normal\vin_287\vin_287_discharge_9.csv,LFP/normal/vin_287/vin_287_discharge_9.csv,LFP,normal,vin_287,discharge,9,0,,,,
LFP_normal_vin_287_vin_287_discharge_10,D:\作业\论文复现\基线模型\mtad-gat-pytorch\datasets\CH-BATTERY\LFP\normal\vin_287\vin_287_discharge_10.csv,LFP/normal/vin_287/vin_287_discharge_10.csv,LFP,normal,vin_287,discharge,10,0,,,,
LFP_normal_vin_290_vin_290_discharge_1,D:\作业\论文复现\基线模型\mtad-gat-pytorch\datasets\CH-BATTERY\LFP\normal\vin_290\vin_290_discharge_1.csv,LFP/normal/vin_290/vin_290_discharge_1.csv,LFP,normal,vin_290,discharge,1,0,,,,
LFP_normal_vin_290_vin_290_discharge_2,D:\作业\论文复现\基线模型\mtad-gat-pytorch\datasets\CH-BATTERY\LFP\normal\vin_290\vin_290_discharge_2.csv,LFP/normal/vin_290/vin_290_discharge_2.csv,LFP,normal,vin_290,discharge,2,0,,,,
LFP_normal_vin_290_vin_290_discharge_3,D:\作业\论文复现\基线模型\mtad-gat-pytorch\datasets\CH-BATTERY\LFP\normal\vin_290\vin_290_discharge_3.csv,LFP/normal/vin_290/vin_290_discharge_3.csv,LFP,normal,vin_290,discharge,3,0,,,,
LFP_normal_vin_290_vin_290_discharge_4,D:\作业\论文复现\基线模型\mtad-gat-pytorch\datasets\CH-BATTERY\LFP\normal\vin_290\vin_290_discharge_4.csv,LFP/normal/vin_290/vin_290_discharge_4.csv,LFP,normal,vin_290,discharge,4,0,,,,
LFP_normal_vin_290_vin_290_discharge_5,D:\作业\论文复现\基线模型\mtad-gat-pytorch\datasets\CH-BATTERY\LFP\normal\vin_290\vin_290_discharge_5.csv,LFP/normal/vin_290/vin_290_discharge_5.csv,LFP,normal,vin_290,discharge,5,0,,,,
LFP_normal_vin_290_vin_290_discharge_6,D:\作业\论文复现\基线模型\mtad-gat-pytorch\datasets\CH-BATTERY\LFP\normal\vin_290\vin_290_discharge_6.csv,LFP/normal/vin_290/vin_290_discharge_6.csv,LFP,normal,vin_290,discharge,6,0,,,,
LFP_normal_vin_290_vin_290_discharge_7,D:\作业\论文复现\基线模型\mtad-gat-pytorch\datasets\CH-BATTERY\LFP\normal\vin_290\vin_290_discharge_7.csv,LFP/normal/vin_290/vin_290_discharge_7.csv,LFP,normal,vin_290,discharge,7,0,,,,
LFP_normal_vin_290_vin_290_discharge_8,D:\作业\论文复现\基线模型\mtad-gat-pytorch\datasets\CH-BATTERY\LFP\normal\vin_290\vin_290_discharge_8.csv,LFP/normal/vin_290/vin_290_discharge_8.csv,LFP,normal,vin_290,discharge,8,0,,,,
LFP_normal_vin_290_vin_290_discharge_9,D:\作业\论文复现\基线模型\mtad-gat-pytorch\datasets\CH-BATTERY\LFP\normal\vin_290\vin_290_discharge_9.csv,LFP/normal/vin_290/vin_290_discharge_9.csv,LFP,normal,vin_290,discharge,9,0,,,,
LFP_normal_vin_290_vin_290_discharge_10,D:\作业\论文复现\基线模型\mtad-gat-pytorch\datasets\CH-BATTERY\LFP\normal\vin_290\vin_290_discharge_10.csv,LFP/normal/vin_290/vin_290_discharge_10.csv,LFP,normal,vin_290,discharge,10,0,,,,
LFP_normal_vin_291_vin_291_discharge_1,D:\作业\论文复现\基线模型\mtad-gat-pytorch\datasets\CH-BATTERY\LFP\normal\vin_291\vin_291_discharge_1.csv,LFP/normal/vin_291/vin_291_discharge_1.csv,LFP,normal,vin_291,discharge,1,0,,,,
LFP_normal_vin_291_vin_291_discharge_2,D:\作业\论文复现\基线模型\mtad-gat-pytorch\datasets\CH-BATTERY\LFP\normal\vin_291\vin_291_discharge_2.csv,LFP/normal/vin_291/vin_291_discharge_2.csv,LFP,normal,vin_291,discharge,2,0,,,,
LFP_normal_vin_291_vin_291_discharge_3,D:\作业\论文复现\基线模型\mtad-gat-pytorch\datasets\CH-BATTERY\LFP\normal\vin_291\vin_291_discharge_3.csv,LFP/normal/vin_291/vin_291_discharge_3.csv,LFP,normal,vin_291,discharge,3,0,,,,
LFP_normal_vin_291_vin_291_discharge_4,D:\作业\论文复现\基线模型\mtad-gat-pytorch\datasets\CH-BATTERY\LFP\normal\vin_291\vin_291_discharge_4.csv,LFP/normal/vin_291/vin_291_discharge_4.csv,LFP,normal,vin_291,discharge,4,0,,,,
LFP_normal_vin_291_vin_291_discharge_5,D:\作业\论文复现\基线模型\mtad-gat-pytorch\datasets\CH-BATTERY\LFP\normal\vin_291\vin_291_discharge_5.csv,LFP/normal/vin_291/vin_291_discharge_5.csv,LFP,normal,vin_291,discharge,5,0,,,,
LFP_normal_vin_291_vin_291_discharge_6,D:\作业\论文复现\基线模型\mtad-gat-pytorch\datasets\CH-BATTERY\LFP\normal\vin_291\vin_291_discharge_6.csv,LFP/normal/vin_291/vin_291_discharge_6.csv,LFP,normal,vin_291,discharge,6,0,,,,
LFP_normal_vin_291_vin_291_discharge_7,D:\作业\论文复现\基线模型\mtad-gat-pytorch\datasets\CH-BATTERY\LFP\normal\vin_291\vin_291_discharge_7.csv,LFP/normal/vin_291/vin_291_discharge_7.csv,LFP,normal,vin_291,discharge,7,0,,,,
LFP_normal_vin_291_vin_291_discharge_8,D:\作业\论文复现\基线模型\mtad-gat-pytorch\datasets\CH-BATTERY\LFP\normal\vin_291\vin_291_discharge_8.csv,LFP/normal/vin_291/vin_291_discharge_8.csv,LFP,normal,vin_291,discharge,8,0,,,,
LFP_normal_vin_291_vin_291_discharge_9,D:\作业\论文复现\基线模型\mtad-gat-pytorch\datasets\CH-BATTERY\LFP\normal\vin_291\vin_291_discharge_9.csv,LFP/normal/vin_291/vin_291_discharge_9.csv,LFP,normal,vin_291,discharge,9,0,,,,
LFP_normal_vin_291_vin_291_discharge_10,D:\作业\论文复现\基线模型\mtad-gat-pytorch\datasets\CH-BATTERY\LFP\normal\vin_291\vin_291_discharge_10.csv,LFP/normal/vin_291/vin_291_discharge_10.csv,LFP,normal,vin_291,discharge,10,0,,,,
LFP_normal_vin_292_vin_292_discharge_1,D:\作业\论文复现\基线模型\mtad-gat-pytorch\datasets\CH-BATTERY\LFP\normal\vin_292\vin_292_discharge_1.csv,LFP/normal/vin_292/vin_292_discharge_1.csv,LFP,normal,vin_292,discharge,1,0,,,,
LFP_normal_vin_292_vin_292_discharge_2,D:\作业\论文复现\基线模型\mtad-gat-pytorch\datasets\CH-BATTERY\LFP\normal\vin_292\vin_292_discharge_2.csv,LFP/normal/vin_292/vin_292_discharge_2.csv,LFP,normal,vin_292,discharge,2,0,,,,
LFP_normal_vin_292_vin_292_discharge_3,D:\作业\论文复现\基线模型\mtad-gat-pytorch\datasets\CH-BATTERY\LFP\normal\vin_292\vin_292_discharge_3.csv,LFP/normal/vin_292/vin_292_discharge_3.csv,LFP,normal,vin_292,discharge,3,0,,,,
LFP_normal_vin_292_vin_292_discharge_4,D:\作业\论文复现\基线模型\mtad-gat-pytorch\datasets\CH-BATTERY\LFP\normal\vin_292\vin_292_discharge_4.csv,LFP/normal/vin_292/vin_292_discharge_4.csv,LFP,normal,vin_292,discharge,4,0,,,,
LFP_normal_vin_292_vin_292_discharge_5,D:\作业\论文复现\基线模型\mtad-gat-pytorch\datasets\CH-BATTERY\LFP\normal\vin_292\vin_292_discharge_5.csv,LFP/normal/vin_292/vin_292_discharge_5.csv,LFP,normal,vin_292,discharge,5,0,,,,
LFP_normal_vin_292_vin_292_discharge_6,D:\作业\论文复现\基线模型\mtad-gat-pytorch\datasets\CH-BATTERY\LFP\normal\vin_292\vin_292_discharge_6.csv,LFP/normal/vin_292/vin_292_discharge_6.csv,LFP,normal,vin_292,discharge,6,0,,,,
LFP_normal_vin_292_vin_292_discharge_7,D:\作业\论文复现\基线模型\mtad-gat-pytorch\datasets\CH-BATTERY\LFP\normal\vin_292\vin_292_discharge_7.csv,LFP/normal/vin_292/vin_292_discharge_7.csv,LFP,normal,vin_292,discharge,7,0,,,,
LFP_normal_vin_292_vin_292_discharge_8,D:\作业\论文复现\基线模型\mtad-gat-pytorch\datasets\CH-BATTERY\LFP\normal\vin_292\vin_292_discharge_8.csv,LFP/normal/vin_292/vin_292_discharge_8.csv,LFP,normal,vin_292,discharge,8,0,,,,
LFP_normal_vin_292_vin_292_discharge_9,D:\作业\论文复现\基线模型\mtad-gat-pytorch\datasets\CH-BATTERY\LFP\normal\vin_292\vin_292_discharge_9.csv,LFP/normal/vin_292/vin_292_discharge_9.csv,LFP,normal,vin_292,discharge,9,0,,,,
LFP_normal_vin_292_vin_292_discharge_10,D:\作业\论文复现\基线模型\mtad-gat-pytorch\datasets\CH-BATTERY\LFP\normal\vin_292\vin_292_discharge_10.csv,LFP/normal/vin_292/vin_292_discharge_10.csv,LFP,normal,vin_292,discharge,10,0,,,,
LFP_normal_vin_293_vin_293_discharge_1,D:\作业\论文复现\基线模型\mtad-gat-pytorch\datasets\CH-BATTERY\LFP\normal\vin_293\vin_293_discharge_1.csv,LFP/normal/vin_293/vin_293_discharge_1.csv,LFP,normal,vin_293,discharge,1,0,,,,
LFP_normal_vin_293_vin_293_discharge_2,D:\作业\论文复现\基线模型\mtad-gat-pytorch\datasets\CH-BATTERY\LFP\normal\vin_293\vin_293_discharge_2.csv,LFP/normal/vin_293/vin_293_discharge_2.csv,LFP,normal,vin_293,discharge,2,0,,,,
LFP_normal_vin_293_vin_293_discharge_3,D:\作业\论文复现\基线模型\mtad-gat-pytorch\datasets\CH-BATTERY\LFP\normal\vin_293\vin_293_discharge_3.csv,LFP/normal/vin_293/vin_293_discharge_3.csv,LFP,normal,vin_293,discharge,3,0,,,,
LFP_normal_vin_293_vin_293_discharge_4,D:\作业\论文复现\基线模型\mtad-gat-pytorch\datasets\CH-BATTERY\LFP\normal\vin_293\vin_293_discharge_4.csv,LFP/normal/vin_293/vin_293_discharge_4.csv,LFP,normal,vin_293,discharge,4,0,,,,
LFP_normal_vin_293_vin_293_discharge_5,D:\作业\论文复现\基线模型\mtad-gat-pytorch\datasets\CH-BATTERY\LFP\normal\vin_293\vin_293_discharge_5.csv,LFP/normal/vin_293/vin_293_discharge_5.csv,LFP,normal,vin_293,discharge,5,0,,,,
LFP_normal_vin_293_vin_293_discharge_6,D:\作业\论文复现\基线模型\mtad-gat-pytorch\datasets\CH-BATTERY\LFP\normal\vin_293\vin_293_discharge_6.csv,LFP/normal/vin_293/vin_293_discharge_6.csv,LFP,normal,vin_293,discharge,6,0,,,,
LFP_normal_vin_293_vin_293_discharge_7,D:\作业\论文复现\基线模型\mtad-gat-pytorch\datasets\CH-BATTERY\LFP\normal\vin_293\vin_293_discharge_7.csv,LFP/normal/vin_293/vin_293_discharge_7.csv,LFP,normal,vin_293,discharge,7,0,,,,
LFP_normal_vin_293_vin_293_discharge_8,D:\作业\论文复现\基线模型\mtad-gat-pytorch\datasets\CH-BATTERY\LFP\normal\vin_293\vin_293_discharge_8.csv,LFP/normal/vin_293/vin_293_discharge_8.csv,LFP,normal,vin_293,discharge,8,0,,,,
LFP_normal_vin_293_vin_293_discharge_9,D:\作业\论文复现\基线模型\mtad-gat-pytorch\datasets\CH-BATTERY\LFP\normal\vin_293\vin_293_discharge_9.csv,LFP/normal/vin_293/vin_293_discharge_9.csv,LFP,normal,vin_293,discharge,9,0,,,,
LFP_normal_vin_293_vin_293_discharge_10,D:\作业\论文复现\基线模型\mtad-gat-pytorch\datasets\CH-BATTERY\LFP\normal\vin_293\vin_293_discharge_10.csv,LFP/normal/vin_293/vin_293_discharge_10.csv,LFP,normal,vin_293,discharge,10,0,,,,
LFP_normal_vin_294_vin_294_discharge_1,D:\作业\论文复现\基线模型\mtad-gat-pytorch\datasets\CH-BATTERY\LFP\normal\vin_294\vin_294_discharge_1.csv,LFP/normal/vin_294/vin_294_discharge_1.csv,LFP,normal,vin_294,discharge,1,0,,,,
LFP_normal_vin_294_vin_294_discharge_2,D:\作业\论文复现\基线模型\mtad-gat-pytorch\datasets\CH-BATTERY\LFP\normal\vin_294\vin_294_discharge_2.csv,LFP/normal/vin_294/vin_294_discharge_2.csv,LFP,normal,vin_294,discharge,2,0,,,,
LFP_normal_vin_294_vin_294_discharge_3,D:\作业\论文复现\基线模型\mtad-gat-pytorch\datasets\CH-BATTERY\LFP\normal\vin_294\vin_294_discharge_3.csv,LFP/normal/vin_294/vin_294_discharge_3.csv,LFP,normal,vin_294,discharge,3,0,,,,
LFP_normal_vin_294_vin_294_discharge_4,D:\作业\论文复现\基线模型\mtad-gat-pytorch\datasets\CH-BATTERY\LFP\normal\vin_294\vin_294_discharge_4.csv,LFP/normal/vin_294/vin_294_discharge_4.csv,LFP,normal,vin_294,discharge,4,0,,,,
LFP_normal_vin_294_vin_294_discharge_5,D:\作业\论文复现\基线模型\mtad-gat-pytorch\datasets\CH-BATTERY\LFP\normal\vin_294\vin_294_discharge_5.csv,LFP/normal/vin_294/vin_294_discharge_5.csv,LFP,normal,vin_294,discharge,5,0,,,,
LFP_normal_vin_294_vin_294_discharge_6,D:\作业\论文复现\基线模型\mtad-gat-pytorch\datasets\CH-BATTERY\LFP\normal\vin_294\vin_294_discharge_6.csv,LFP/normal/vin_294/vin_294_discharge_6.csv,LFP,normal,vin_294,discharge,6,0,,,,
LFP_normal_vin_294_vin_294_discharge_7,D:\作业\论文复现\基线模型\mtad-gat-pytorch\datasets\CH-BATTERY\LFP\normal\vin_294\vin_294_discharge_7.csv,LFP/normal/vin_294/vin_294_discharge_7.csv,LFP,normal,vin_294,discharge,7,0,,,,
LFP_normal_vin_294_vin_294_discharge_8,D:\作业\论文复现\基线模型\mtad-gat-pytorch\datasets\CH-BATTERY\LFP\normal\vin_294\vin_294_discharge_8.csv,LFP/normal/vin_294/vin_294_discharge_8.csv,LFP,normal,vin_294,discharge,8,0,,,,
LFP_normal_vin_294_vin_294_discharge_9,D:\作业\论文复现\基线模型\mtad-gat-pytorch\datasets\CH-BATTERY\LFP\normal\vin_294\vin_294_discharge_9.csv,LFP/normal/vin_294/vin_294_discharge_9.csv,LFP,normal,vin_294,discharge,9,0,,,,
LFP_normal_vin_294_vin_294_discharge_10,D:\作业\论文复现\基线模型\mtad-gat-pytorch\datasets\CH-BATTERY\LFP\normal\vin_294\vin_294_discharge_10.csv,LFP/normal/vin_294/vin_294_discharge_10.csv,LFP,normal,vin_294,discharge,10,0,,,,
LFP_normal_vin_295_vin_295_discharge_1,D:\作业\论文复现\基线模型\mtad-gat-pytorch\datasets\CH-BATTERY\LFP\normal\vin_295\vin_295_discharge_1.csv,LFP/normal/vin_295/vin_295_discharge_1.csv,LFP,normal,vin_295,discharge,1,0,,,,
LFP_normal_vin_295_vin_295_discharge_2,D:\作业\论文复现\基线模型\mtad-gat-pytorch\datasets\CH-BATTERY\LFP\normal\vin_295\vin_295_discharge_2.csv,LFP/normal/vin_295/vin_295_discharge_2.csv,LFP,normal,vin_295,discharge,2,0,,,,
LFP_normal_vin_295_vin_295_discharge_3,D:\作业\论文复现\基线模型\mtad-gat-pytorch\datasets\CH-BATTERY\LFP\normal\vin_295\vin_295_discharge_3.csv,LFP/normal/vin_295/vin_295_discharge_3.csv,LFP,normal,vin_295,discharge,3,0,,,,
LFP_normal_vin_295_vin_295_discharge_4,D:\作业\论文复现\基线模型\mtad-gat-pytorch\datasets\CH-BATTERY\LFP\normal\vin_295\vin_295_discharge_4.csv,LFP/normal/vin_295/vin_295_discharge_4.csv,LFP,normal,vin_295,discharge,4,0,,,,
LFP_normal_vin_295_vin_295_discharge_5,D:\作业\论文复现\基线模型\mtad-gat-pytorch\datasets\CH-BATTERY\LFP\normal\vin_295\vin_295_discharge_5.csv,LFP/normal/vin_295/vin_295_discharge_5.csv,LFP,normal,vin_295,discharge,5,0,,,,
LFP_normal_vin_295_vin_295_discharge_6,D:\作业\论文复现\基线模型\mtad-gat-pytorch\datasets\CH-BATTERY\LFP\normal\vin_295\vin_295_discharge_6.csv,LFP/normal/vin_295/vin_295_discharge_6.csv,LFP,normal,vin_295,discharge,6,0,,,,
LFP_normal_vin_295_vin_295_discharge_7,D:\作业\论文复现\基线模型\mtad-gat-pytorch\datasets\CH-BATTERY\LFP\normal\vin_295\vin_295_discharge_7.csv,LFP/normal/vin_295/vin_295_discharge_7.csv,LFP,normal,vin_295,discharge,7,0,,,,
LFP_normal_vin_295_vin_295_discharge_8,D:\作业\论文复现\基线模型\mtad-gat-pytorch\datasets\CH-BATTERY\LFP\normal\vin_295\vin_295_discharge_8.csv,LFP/normal/vin_295/vin_295_discharge_8.csv,LFP,normal,vin_295,discharge,8,0,,,,
LFP_normal_vin_295_vin_295_discharge_9,D:\作业\论文复现\基线模型\mtad-gat-pytorch\datasets\CH-BATTERY\LFP\normal\vin_295\vin_295_discharge_9.csv,LFP/normal/vin_295/vin_295_discharge_9.csv,LFP,normal,vin_295,discharge,9,0,,,,
LFP_normal_vin_295_vin_295_discharge_10,D:\作业\论文复现\基线模型\mtad-gat-pytorch\datasets\CH-BATTERY\LFP\normal\vin_295\vin_295_discharge_10.csv,LFP/normal/vin_295/vin_295_discharge_10.csv,LFP,normal,vin_295,discharge,10,0,,,,
LFP_normal_vin_296_vin_296_discharge_1,D:\作业\论文复现\基线模型\mtad-gat-pytorch\datasets\CH-BATTERY\LFP\normal\vin_296\vin_296_discharge_1.csv,LFP/normal/vin_296/vin_296_discharge_1.csv,LFP,normal,vin_296,discharge,1,0,,,,
LFP_normal_vin_296_vin_296_discharge_2,D:\作业\论文复现\基线模型\mtad-gat-pytorch\datasets\CH-BATTERY\LFP\normal\vin_296\vin_296_discharge_2.csv,LFP/normal/vin_296/vin_296_discharge_2.csv,LFP,normal,vin_296,discharge,2,0,,,,
LFP_normal_vin_296_vin_296_discharge_3,D:\作业\论文复现\基线模型\mtad-gat-pytorch\datasets\CH-BATTERY\LFP\normal\vin_296\vin_296_discharge_3.csv,LFP/normal/vin_296/vin_296_discharge_3.csv,LFP,normal,vin_296,discharge,3,0,,,,
LFP_normal_vin_296_vin_296_discharge_4,D:\作业\论文复现\基线模型\mtad-gat-pytorch\datasets\CH-BATTERY\LFP\normal\vin_296\vin_296_discharge_4.csv,LFP/normal/vin_296/vin_296_discharge_4.csv,LFP,normal,vin_296,discharge,4,0,,,,
LFP_normal_vin_296_vin_296_discharge_5,D:\作业\论文复现\基线模型\mtad-gat-pytorch\datasets\CH-BATTERY\LFP\normal\vin_296\vin_296_discharge_5.csv,LFP/normal/vin_296/vin_296_discharge_5.csv,LFP,normal,vin_296,discharge,5,0,,,,
LFP_normal_vin_296_vin_296_discharge_6,D:\作业\论文复现\基线模型\mtad-gat-pytorch\datasets\CH-BATTERY\LFP\normal\vin_296\vin_296_discharge_6.csv,LFP/normal/vin_296/vin_296_discharge_6.csv,LFP,normal,vin_296,discharge,6,0,,,,
LFP_normal_vin_296_vin_296_discharge_7,D:\作业\论文复现\基线模型\mtad-gat-pytorch\datasets\CH-BATTERY\LFP\normal\vin_296\vin_296_discharge_7.csv,LFP/normal/vin_296/vin_296_discharge_7.csv,LFP,normal,vin_296,discharge,7,0,,,,
LFP_normal_vin_296_vin_296_discharge_8,D:\作业\论文复现\基线模型\mtad-gat-pytorch\datasets\CH-BATTERY\LFP\normal\vin_296\vin_296_discharge_8.csv,LFP/normal/vin_296/vin_296_discharge_8.csv,LFP,normal,vin_296,discharge,8,0,,,,
LFP_normal_vin_296_vin_296_discharge_9,D:\作业\论文复现\基线模型\mtad-gat-pytorch\datasets\CH-BATTERY\LFP\normal\vin_296\vin_296_discharge_9.csv,LFP/normal/vin_296/vin_296_discharge_9.csv,LFP,normal,vin_296,discharge,9,0,,,,
LFP_normal_vin_296_vin_296_discharge_10,D:\作业\论文复现\基线模型\mtad-gat-pytorch\datasets\CH-BATTERY\LFP\normal\vin_296\vin_296_discharge_10.csv,LFP/normal/vin_296/vin_296_discharge_10.csv,LFP,normal,vin_296,discharge,10,0,,,,
LFP_normal_vin_297_vin_297_discharge_1,D:\作业\论文复现\基线模型\mtad-gat-pytorch\datasets\CH-BATTERY\LFP\normal\vin_297\vin_297_discharge_1.csv,LFP/normal/vin_297/vin_297_discharge_1.csv,LFP,normal,vin_297,discharge,1,0,,,,
LFP_normal_vin_297_vin_297_discharge_2,D:\作业\论文复现\基线模型\mtad-gat-pytorch\datasets\CH-BATTERY\LFP\normal\vin_297\vin_297_discharge_2.csv,LFP/normal/vin_297/vin_297_discharge_2.csv,LFP,normal,vin_297,discharge,2,0,,,,
LFP_normal_vin_297_vin_297_discharge_3,D:\作业\论文复现\基线模型\mtad-gat-pytorch\datasets\CH-BATTERY\LFP\normal\vin_297\vin_297_discharge_3.csv,LFP/normal/vin_297/vin_297_discharge_3.csv,LFP,normal,vin_297,discharge,3,0,,,,
LFP_normal_vin_297_vin_297_discharge_4,D:\作业\论文复现\基线模型\mtad-gat-pytorch\datasets\CH-BATTERY\LFP\normal\vin_297\vin_297_discharge_4.csv,LFP/normal/vin_297/vin_297_discharge_4.csv,LFP,normal,vin_297,discharge,4,0,,,,
LFP_normal_vin_297_vin_297_discharge_5,D:\作业\论文复现\基线模型\mtad-gat-pytorch\datasets\CH-BATTERY\LFP\normal\vin_297\vin_297_discharge_5.csv,LFP/normal/vin_297/vin_297_discharge_5.csv,LFP,normal,vin_297,discharge,5,0,,,,
LFP_normal_vin_297_vin_297_discharge_6,D:\作业\论文复现\基线模型\mtad-gat-pytorch\datasets\CH-BATTERY\LFP\normal\vin_297\vin_297_discharge_6.csv,LFP/normal/vin_297/vin_297_discharge_6.csv,LFP,normal,vin_297,discharge,6,0,,,,
LFP_normal_vin_297_vin_297_discharge_7,D:\作业\论文复现\基线模型\mtad-gat-pytorch\datasets\CH-BATTERY\LFP\normal\vin_297\vin_297_discharge_7.csv,LFP/normal/vin_297/vin_297_discharge_7.csv,LFP,normal,vin_297,discharge,7,0,,,,
LFP_normal_vin_297_vin_297_discharge_8,D:\作业\论文复现\基线模型\mtad-gat-pytorch\datasets\CH-BATTERY\LFP\normal\vin_297\vin_297_discharge_8.csv,LFP/normal/vin_297/vin_297_discharge_8.csv,LFP,normal,vin_297,discharge,8,0,,,,
LFP_normal_vin_297_vin_297_discharge_9,D:\作业\论文复现\基线模型\mtad-gat-pytorch\datasets\CH-BATTERY\LFP\normal\vin_297\vin_297_discharge_9.csv,LFP/normal/vin_297/vin_297_discharge_9.csv,LFP,normal,vin_297,discharge,9,0,,,,
LFP_normal_vin_297_vin_297_discharge_10,D:\作业\论文复现\基线模型\mtad-gat-pytorch\datasets\CH-BATTERY\LFP\normal\vin_297\vin_297_discharge_10.csv,LFP/normal/vin_297/vin_297_discharge_10.csv,LFP,normal,vin_297,discharge,10,0,,,,
LFP_normal_vin_298_vin_298_discharge_1,D:\作业\论文复现\基线模型\mtad-gat-pytorch\datasets\CH-BATTERY\LFP\normal\vin_298\vin_298_discharge_1.csv,LFP/normal/vin_298/vin_298_discharge_1.csv,LFP,normal,vin_298,discharge,1,0,,,,
LFP_normal_vin_298_vin_298_discharge_2,D:\作业\论文复现\基线模型\mtad-gat-pytorch\datasets\CH-BATTERY\LFP\normal\vin_298\vin_298_discharge_2.csv,LFP/normal/vin_298/vin_298_discharge_2.csv,LFP,normal,vin_298,discharge,2,0,,,,
LFP_normal_vin_298_vin_298_discharge_3,D:\作业\论文复现\基线模型\mtad-gat-pytorch\datasets\CH-BATTERY\LFP\normal\vin_298\vin_298_discharge_3.csv,LFP/normal/vin_298/vin_298_discharge_3.csv,LFP,normal,vin_298,discharge,3,0,,,,
LFP_normal_vin_298_vin_298_discharge_4,D:\作业\论文复现\基线模型\mtad-gat-pytorch\datasets\CH-BATTERY\LFP\normal\vin_298\vin_298_discharge_4.csv,LFP/normal/vin_298/vin_298_discharge_4.csv,LFP,normal,vin_298,discharge,4,0,,,,
LFP_normal_vin_298_vin_298_discharge_5,D:\作业\论文复现\基线模型\mtad-gat-pytorch\datasets\CH-BATTERY\LFP\normal\vin_298\vin_298_discharge_5.csv,LFP/normal/vin_298/vin_298_discharge_5.csv,LFP,normal,vin_298,discharge,5,0,,,,
LFP_normal_vin_298_vin_298_discharge_6,D:\作业\论文复现\基线模型\mtad-gat-pytorch\datasets\CH-BATTERY\LFP\normal\vin_298\vin_298_discharge_6.csv,LFP/normal/vin_298/vin_298_discharge_6.csv,LFP,normal,vin_298,discharge,6,0,,,,
LFP_normal_vin_298_vin_298_discharge_7,D:\作业\论文复现\基线模型\mtad-gat-pytorch\datasets\CH-BATTERY\LFP\normal\vin_298\vin_298_discharge_7.csv,LFP/normal/vin_298/vin_298_discharge_7.csv,LFP,normal,vin_298,discharge,7,0,,,,
LFP_normal_vin_298_vin_298_discharge_8,D:\作业\论文复现\基线模型\mtad-gat-pytorch\datasets\CH-BATTERY\LFP\normal\vin_298\vin_298_discharge_8.csv,LFP/normal/vin_298/vin_298_discharge_8.csv,LFP,normal,vin_298,discharge,8,0,,,,
LFP_normal_vin_298_vin_298_discharge_9,D:\作业\论文复现\基线模型\mtad-gat-pytorch\datasets\CH-BATTERY\LFP\normal\vin_298\vin_298_discharge_9.csv,LFP/normal/vin_298/vin_298_discharge_9.csv,LFP,normal,vin_298,discharge,9,0,,,,
LFP_normal_vin_298_vin_298_discharge_10,D:\作业\论文复现\基线模型\mtad-gat-pytorch\datasets\CH-BATTERY\LFP\normal\vin_298\vin_298_discharge_10.csv,LFP/normal/vin_298/vin_298_discharge_10.csv,LFP,normal,vin_298,discharge,10,0,,,,
LFP_normal_vin_299_vin_299_discharge_1,D:\作业\论文复现\基线模型\mtad-gat-pytorch\datasets\CH-BATTERY\LFP\normal\vin_299\vin_299_discharge_1.csv,LFP/normal/vin_299/vin_299_discharge_1.csv,LFP,normal,vin_299,discharge,1,0,,,,
LFP_normal_vin_299_vin_299_discharge_2,D:\作业\论文复现\基线模型\mtad-gat-pytorch\datasets\CH-BATTERY\LFP\normal\vin_299\vin_299_discharge_2.csv,LFP/normal/vin_299/vin_299_discharge_2.csv,LFP,normal,vin_299,discharge,2,0,,,,
LFP_normal_vin_299_vin_299_discharge_3,D:\作业\论文复现\基线模型\mtad-gat-pytorch\datasets\CH-BATTERY\LFP\normal\vin_299\vin_299_discharge_3.csv,LFP/normal/vin_299/vin_299_discharge_3.csv,LFP,normal,vin_299,discharge,3,0,,,,
LFP_normal_vin_299_vin_299_discharge_4,D:\作业\论文复现\基线模型\mtad-gat-pytorch\datasets\CH-BATTERY\LFP\normal\vin_299\vin_299_discharge_4.csv,LFP/normal/vin_299/vin_299_discharge_4.csv,LFP,normal,vin_299,discharge,4,0,,,,
LFP_normal_vin_299_vin_299_discharge_5,D:\作业\论文复现\基线模型\mtad-gat-pytorch\datasets\CH-BATTERY\LFP\normal\vin_299\vin_299_discharge_5.csv,LFP/normal/vin_299/vin_299_discharge_5.csv,LFP,normal,vin_299,discharge,5,0,,,,
LFP_normal_vin_299_vin_299_discharge_6,D:\作业\论文复现\基线模型\mtad-gat-pytorch\datasets\CH-BATTERY\LFP\normal\vin_299\vin_299_discharge_6.csv,LFP/normal/vin_299/vin_299_discharge_6.csv,LFP,normal,vin_299,discharge,6,0,,,,
LFP_normal_vin_299_vin_299_discharge_7,D:\作业\论文复现\基线模型\mtad-gat-pytorch\datasets\CH-BATTERY\LFP\normal\vin_299\vin_299_discharge_7.csv,LFP/normal/vin_299/vin_299_discharge_7.csv,LFP,normal,vin_299,discharge,7,0,,,,
LFP_normal_vin_299_vin_299_discharge_8,D:\作业\论文复现\基线模型\mtad-gat-pytorch\datasets\CH-BATTERY\LFP\normal\vin_299\vin_299_discharge_8.csv,LFP/normal/vin_299/vin_299_discharge_8.csv,LFP,normal,vin_299,discharge,8,0,,,,
LFP_normal_vin_299_vin_299_discharge_9,D:\作业\论文复现\基线模型\mtad-gat-pytorch\datasets\CH-BATTERY\LFP\normal\vin_299\vin_299_discharge_9.csv,LFP/normal/vin_299/vin_299_discharge_9.csv,LFP,normal,vin_299,discharge,9,0,,,,
LFP_normal_vin_299_vin_299_discharge_10,D:\作业\论文复现\基线模型\mtad-gat-pytorch\datasets\CH-BATTERY\LFP\normal\vin_299\vin_299_discharge_10.csv,LFP/normal/vin_299/vin_299_discharge_10.csv,LFP,normal,vin_299,discharge,10,0,,,,
LFP_normal_vin_301_vin_301_discharge_1,D:\作业\论文复现\基线模型\mtad-gat-pytorch\datasets\CH-BATTERY\LFP\normal\vin_301\vin_301_discharge_1.csv,LFP/normal/vin_301/vin_301_discharge_1.csv,LFP,normal,vin_301,discharge,1,0,,,,
LFP_normal_vin_301_vin_301_discharge_2,D:\作业\论文复现\基线模型\mtad-gat-pytorch\datasets\CH-BATTERY\LFP\normal\vin_301\vin_301_discharge_2.csv,LFP/normal/vin_301/vin_301_discharge_2.csv,LFP,normal,vin_301,discharge,2,0,,,,
LFP_normal_vin_301_vin_301_discharge_3,D:\作业\论文复现\基线模型\mtad-gat-pytorch\datasets\CH-BATTERY\LFP\normal\vin_301\vin_301_discharge_3.csv,LFP/normal/vin_301/vin_301_discharge_3.csv,LFP,normal,vin_301,discharge,3,0,,,,
LFP_normal_vin_301_vin_301_discharge_4,D:\作业\论文复现\基线模型\mtad-gat-pytorch\datasets\CH-BATTERY\LFP\normal\vin_301\vin_301_discharge_4.csv,LFP/normal/vin_301/vin_301_discharge_4.csv,LFP,normal,vin_301,discharge,4,0,,,,
LFP_normal_vin_301_vin_301_discharge_5,D:\作业\论文复现\基线模型\mtad-gat-pytorch\datasets\CH-BATTERY\LFP\normal\vin_301\vin_301_discharge_5.csv,LFP/normal/vin_301/vin_301_discharge_5.csv,LFP,normal,vin_301,discharge,5,0,,,,
LFP_normal_vin_301_vin_301_discharge_6,D:\作业\论文复现\基线模型\mtad-gat-pytorch\datasets\CH-BATTERY\LFP\normal\vin_301\vin_301_discharge_6.csv,LFP/normal/vin_301/vin_301_discharge_6.csv,LFP,normal,vin_301,discharge,6,0,,,,
LFP_normal_vin_301_vin_301_discharge_7,D:\作业\论文复现\基线模型\mtad-gat-pytorch\datasets\CH-BATTERY\LFP\normal\vin_301\vin_301_discharge_7.csv,LFP/normal/vin_301/vin_301_discharge_7.csv,LFP,normal,vin_301,discharge,7,0,,,,
LFP_normal_vin_301_vin_301_discharge_8,D:\作业\论文复现\基线模型\mtad-gat-pytorch\datasets\CH-BATTERY\LFP\normal\vin_301\vin_301_discharge_8.csv,LFP/normal/vin_301/vin_301_discharge_8.csv,LFP,normal,vin_301,discharge,8,0,,,,
LFP_normal_vin_301_vin_301_discharge_9,D:\作业\论文复现\基线模型\mtad-gat-pytorch\datasets\CH-BATTERY\LFP\normal\vin_301\vin_301_discharge_9.csv,LFP/normal/vin_301/vin_301_discharge_9.csv,LFP,normal,vin_301,discharge,9,0,,,,
LFP_normal_vin_301_vin_301_discharge_10,D:\作业\论文复现\基线模型\mtad-gat-pytorch\datasets\CH-BATTERY\LFP\normal\vin_301\vin_301_discharge_10.csv,LFP/normal/vin_301/vin_301_discharge_10.csv,LFP,normal,vin_301,discharge,10,0,,,,
LFP_normal_vin_302_vin_302_discharge_1,D:\作业\论文复现\基线模型\mtad-gat-pytorch\datasets\CH-BATTERY\LFP\normal\vin_302\vin_302_discharge_1.csv,LFP/normal/vin_302/vin_302_discharge_1.csv,LFP,normal,vin_302,discharge,1,0,,,,
LFP_normal_vin_302_vin_302_discharge_2,D:\作业\论文复现\基线模型\mtad-gat-pytorch\datasets\CH-BATTERY\LFP\normal\vin_302\vin_302_discharge_2.csv,LFP/normal/vin_302/vin_302_discharge_2.csv,LFP,normal,vin_302,discharge,2,0,,,,
LFP_normal_vin_302_vin_302_discharge_3,D:\作业\论文复现\基线模型\mtad-gat-pytorch\datasets\CH-BATTERY\LFP\normal\vin_302\vin_302_discharge_3.csv,LFP/normal/vin_302/vin_302_discharge_3.csv,LFP,normal,vin_302,discharge,3,0,,,,
LFP_normal_vin_302_vin_302_discharge_4,D:\作业\论文复现\基线模型\mtad-gat-pytorch\datasets\CH-BATTERY\LFP\normal\vin_302\vin_302_discharge_4.csv,LFP/normal/vin_302/vin_302_discharge_4.csv,LFP,normal,vin_302,discharge,4,0,,,,
LFP_normal_vin_302_vin_302_discharge_5,D:\作业\论文复现\基线模型\mtad-gat-pytorch\datasets\CH-BATTERY\LFP\normal\vin_302\vin_302_discharge_5.csv,LFP/normal/vin_302/vin_302_discharge_5.csv,LFP,normal,vin_302,discharge,5,0,,,,
LFP_normal_vin_302_vin_302_discharge_6,D:\作业\论文复现\基线模型\mtad-gat-pytorch\datasets\CH-BATTERY\LFP\normal\vin_302\vin_302_discharge_6.csv,LFP/normal/vin_302/vin_302_discharge_6.csv,LFP,normal,vin_302,discharge,6,0,,,,
LFP_normal_vin_302_vin_302_discharge_7,D:\作业\论文复现\基线模型\mtad-gat-pytorch\datasets\CH-BATTERY\LFP\normal\vin_302\vin_302_discharge_7.csv,LFP/normal/vin_302/vin_302_discharge_7.csv,LFP,normal,vin_302,discharge,7,0,,,,
LFP_normal_vin_302_vin_302_discharge_8,D:\作业\论文复现\基线模型\mtad-gat-pytorch\datasets\CH-BATTERY\LFP\normal\vin_302\vin_302_discharge_8.csv,LFP/normal/vin_302/vin_302_discharge_8.csv,LFP,normal,vin_302,discharge,8,0,,,,
LFP_normal_vin_302_vin_302_discharge_9,D:\作业\论文复现\基线模型\mtad-gat-pytorch\datasets\CH-BATTERY\LFP\normal\vin_302\vin_302_discharge_9.csv,LFP/normal/vin_302/vin_302_discharge_9.csv,LFP,normal,vin_302,discharge,9,0,,,,
LFP_normal_vin_302_vin_302_discharge_10,D:\作业\论文复现\基线模型\mtad-gat-pytorch\datasets\CH-BATTERY\LFP\normal\vin_302\vin_302_discharge_10.csv,LFP/normal/vin_302/vin_302_discharge_10.csv,LFP,normal,vin_302,discharge,10,0,,,,
LFP_normal_vin_304_vin_304_discharge_1,D:\作业\论文复现\基线模型\mtad-gat-pytorch\datasets\CH-BATTERY\LFP\normal\vin_304\vin_304_discharge_1.csv,LFP/normal/vin_304/vin_304_discharge_1.csv,LFP,normal,vin_304,discharge,1,0,,,,
LFP_normal_vin_304_vin_304_discharge_2,D:\作业\论文复现\基线模型\mtad-gat-pytorch\datasets\CH-BATTERY\LFP\normal\vin_304\vin_304_discharge_2.csv,LFP/normal/vin_304/vin_304_discharge_2.csv,LFP,normal,vin_304,discharge,2,0,,,,
LFP_normal_vin_304_vin_304_discharge_3,D:\作业\论文复现\基线模型\mtad-gat-pytorch\datasets\CH-BATTERY\LFP\normal\vin_304\vin_304_discharge_3.csv,LFP/normal/vin_304/vin_304_discharge_3.csv,LFP,normal,vin_304,discharge,3,0,,,,
LFP_normal_vin_304_vin_304_discharge_4,D:\作业\论文复现\基线模型\mtad-gat-pytorch\datasets\CH-BATTERY\LFP\normal\vin_304\vin_304_discharge_4.csv,LFP/normal/vin_304/vin_304_discharge_4.csv,LFP,normal,vin_304,discharge,4,0,,,,
LFP_normal_vin_304_vin_304_discharge_5,D:\作业\论文复现\基线模型\mtad-gat-pytorch\datasets\CH-BATTERY\LFP\normal\vin_304\vin_304_discharge_5.csv,LFP/normal/vin_304/vin_304_discharge_5.csv,LFP,normal,vin_304,discharge,5,0,,,,
LFP_normal_vin_304_vin_304_discharge_6,D:\作业\论文复现\基线模型\mtad-gat-pytorch\datasets\CH-BATTERY\LFP\normal\vin_304\vin_304_discharge_6.csv,LFP/normal/vin_304/vin_304_discharge_6.csv,LFP,normal,vin_304,discharge,6,0,,,,
LFP_normal_vin_304_vin_304_discharge_7,D:\作业\论文复现\基线模型\mtad-gat-pytorch\datasets\CH-BATTERY\LFP\normal\vin_304\vin_304_discharge_7.csv,LFP/normal/vin_304/vin_304_discharge_7.csv,LFP,normal,vin_304,discharge,7,0,,,,
LFP_normal_vin_304_vin_304_discharge_8,D:\作业\论文复现\基线模型\mtad-gat-pytorch\datasets\CH-BATTERY\LFP\normal\vin_304\vin_304_discharge_8.csv,LFP/normal/vin_304/vin_304_discharge_8.csv,LFP,normal,vin_304,discharge,8,0,,,,
LFP_normal_vin_304_vin_304_discharge_9,D:\作业\论文复现\基线模型\mtad-gat-pytorch\datasets\CH-BATTERY\LFP\normal\vin_304\vin_304_discharge_9.csv,LFP/normal/vin_304/vin_304_discharge_9.csv,LFP,normal,vin_304,discharge,9,0,,,,
LFP_normal_vin_304_vin_304_discharge_10,D:\作业\论文复现\基线模型\mtad-gat-pytorch\datasets\CH-BATTERY\LFP\normal\vin_304\vin_304_discharge_10.csv,LFP/normal/vin_304/vin_304_discharge_10.csv,LFP,normal,vin_304,discharge,10,0,,,,
LFP_normal_vin_305_vin_305_discharge_1,D:\作业\论文复现\基线模型\mtad-gat-pytorch\datasets\CH-BATTERY\LFP\normal\vin_305\vin_305_discharge_1.csv,LFP/normal/vin_305/vin_305_discharge_1.csv,LFP,normal,vin_305,discharge,1,0,,,,
LFP_normal_vin_305_vin_305_discharge_2,D:\作业\论文复现\基线模型\mtad-gat-pytorch\datasets\CH-BATTERY\LFP\normal\vin_305\vin_305_discharge_2.csv,LFP/normal/vin_305/vin_305_discharge_2.csv,LFP,normal,vin_305,discharge,2,0,,,,
LFP_normal_vin_305_vin_305_discharge_3,D:\作业\论文复现\基线模型\mtad-gat-pytorch\datasets\CH-BATTERY\LFP\normal\vin_305\vin_305_discharge_3.csv,LFP/normal/vin_305/vin_305_discharge_3.csv,LFP,normal,vin_305,discharge,3,0,,,,
LFP_normal_vin_305_vin_305_discharge_4,D:\作业\论文复现\基线模型\mtad-gat-pytorch\datasets\CH-BATTERY\LFP\normal\vin_305\vin_305_discharge_4.csv,LFP/normal/vin_305/vin_305_discharge_4.csv,LFP,normal,vin_305,discharge,4,0,,,,
LFP_normal_vin_305_vin_305_discharge_5,D:\作业\论文复现\基线模型\mtad-gat-pytorch\datasets\CH-BATTERY\LFP\normal\vin_305\vin_305_discharge_5.csv,LFP/normal/vin_305/vin_305_discharge_5.csv,LFP,normal,vin_305,discharge,5,0,,,,
LFP_normal_vin_305_vin_305_discharge_6,D:\作业\论文复现\基线模型\mtad-gat-pytorch\datasets\CH-BATTERY\LFP\normal\vin_305\vin_305_discharge_6.csv,LFP/normal/vin_305/vin_305_discharge_6.csv,LFP,normal,vin_305,discharge,6,0,,,,
LFP_normal_vin_305_vin_305_discharge_7,D:\作业\论文复现\基线模型\mtad-gat-pytorch\datasets\CH-BATTERY\LFP\normal\vin_305\vin_305_discharge_7.csv,LFP/normal/vin_305/vin_305_discharge_7.csv,LFP,normal,vin_305,discharge,7,0,,,,
LFP_normal_vin_305_vin_305_discharge_8,D:\作业\论文复现\基线模型\mtad-gat-pytorch\datasets\CH-BATTERY\LFP\normal\vin_305\vin_305_discharge_8.csv,LFP/normal/vin_305/vin_305_discharge_8.csv,LFP,normal,vin_305,discharge,8,0,,,,
LFP_normal_vin_305_vin_305_discharge_9,D:\作业\论文复现\基线模型\mtad-gat-pytorch\datasets\CH-BATTERY\LFP\normal\vin_305\vin_305_discharge_9.csv,LFP/normal/vin_305/vin_305_discharge_9.csv,LFP,normal,vin_305,discharge,9,0,,,,
LFP_normal_vin_305_vin_305_discharge_10,D:\作业\论文复现\基线模型\mtad-gat-pytorch\datasets\CH-BATTERY\LFP\normal\vin_305\vin_305_discharge_10.csv,LFP/normal/vin_305/vin_305_discharge_10.csv,LFP,normal,vin_305,discharge,10,0,,,,
LFP_normal_vin_306_vin_306_discharge_1,D:\作业\论文复现\基线模型\mtad-gat-pytorch\datasets\CH-BATTERY\LFP\normal\vin_306\vin_306_discharge_1.csv,LFP/normal/vin_306/vin_306_discharge_1.csv,LFP,normal,vin_306,discharge,1,0,,,,
LFP_normal_vin_306_vin_306_discharge_2,D:\作业\论文复现\基线模型\mtad-gat-pytorch\datasets\CH-BATTERY\LFP\normal\vin_306\vin_306_discharge_2.csv,LFP/normal/vin_306/vin_306_discharge_2.csv,LFP,normal,vin_306,discharge,2,0,,,,
LFP_normal_vin_306_vin_306_discharge_3,D:\作业\论文复现\基线模型\mtad-gat-pytorch\datasets\CH-BATTERY\LFP\normal\vin_306\vin_306_discharge_3.csv,LFP/normal/vin_306/vin_306_discharge_3.csv,LFP,normal,vin_306,discharge,3,0,,,,
LFP_normal_vin_306_vin_306_discharge_4,D:\作业\论文复现\基线模型\mtad-gat-pytorch\datasets\CH-BATTERY\LFP\normal\vin_306\vin_306_discharge_4.csv,LFP/normal/vin_306/vin_306_discharge_4.csv,LFP,normal,vin_306,discharge,4,0,,,,
LFP_normal_vin_306_vin_306_discharge_5,D:\作业\论文复现\基线模型\mtad-gat-pytorch\datasets\CH-BATTERY\LFP\normal\vin_306\vin_306_discharge_5.csv,LFP/normal/vin_306/vin_306_discharge_5.csv,LFP,normal,vin_306,discharge,5,0,,,,
LFP_normal_vin_306_vin_306_discharge_6,D:\作业\论文复现\基线模型\mtad-gat-pytorch\datasets\CH-BATTERY\LFP\normal\vin_306\vin_306_discharge_6.csv,LFP/normal/vin_306/vin_306_discharge_6.csv,LFP,normal,vin_306,discharge,6,0,,,,
LFP_normal_vin_306_vin_306_discharge_7,D:\作业\论文复现\基线模型\mtad-gat-pytorch\datasets\CH-BATTERY\LFP\normal\vin_306\vin_306_discharge_7.csv,LFP/normal/vin_306/vin_306_discharge_7.csv,LFP,normal,vin_306,discharge,7,0,,,,
LFP_normal_vin_306_vin_306_discharge_8,D:\作业\论文复现\基线模型\mtad-gat-pytorch\datasets\CH-BATTERY\LFP\normal\vin_306\vin_306_discharge_8.csv,LFP/normal/vin_306/vin_306_discharge_8.csv,LFP,normal,vin_306,discharge,8,0,,,,
LFP_normal_vin_306_vin_306_discharge_9,D:\作业\论文复现\基线模型\mtad-gat-pytorch\datasets\CH-BATTERY\LFP\normal\vin_306\vin_306_discharge_9.csv,LFP/normal/vin_306/vin_306_discharge_9.csv,LFP,normal,vin_306,discharge,9,0,,,,
LFP_normal_vin_306_vin_306_discharge_10,D:\作业\论文复现\基线模型\mtad-gat-pytorch\datasets\CH-BATTERY\LFP\normal\vin_306\vin_306_discharge_10.csv,LFP/normal/vin_306/vin_306_discharge_10.csv,LFP,normal,vin_306,discharge,10,0,,,,
LFP_normal_vin_307_vin_307_discharge_1,D:\作业\论文复现\基线模型\mtad-gat-pytorch\datasets\CH-BATTERY\LFP\normal\vin_307\vin_307_discharge_1.csv,LFP/normal/vin_307/vin_307_discharge_1.csv,LFP,normal,vin_307,discharge,1,0,,,,
LFP_normal_vin_307_vin_307_discharge_2,D:\作业\论文复现\基线模型\mtad-gat-pytorch\datasets\CH-BATTERY\LFP\normal\vin_307\vin_307_discharge_2.csv,LFP/normal/vin_307/vin_307_discharge_2.csv,LFP,normal,vin_307,discharge,2,0,,,,
LFP_normal_vin_307_vin_307_discharge_3,D:\作业\论文复现\基线模型\mtad-gat-pytorch\datasets\CH-BATTERY\LFP\normal\vin_307\vin_307_discharge_3.csv,LFP/normal/vin_307/vin_307_discharge_3.csv,LFP,normal,vin_307,discharge,3,0,,,,
LFP_normal_vin_307_vin_307_discharge_4,D:\作业\论文复现\基线模型\mtad-gat-pytorch\datasets\CH-BATTERY\LFP\normal\vin_307\vin_307_discharge_4.csv,LFP/normal/vin_307/vin_307_discharge_4.csv,LFP,normal,vin_307,discharge,4,0,,,,
LFP_normal_vin_307_vin_307_discharge_5,D:\作业\论文复现\基线模型\mtad-gat-pytorch\datasets\CH-BATTERY\LFP\normal\vin_307\vin_307_discharge_5.csv,LFP/normal/vin_307/vin_307_discharge_5.csv,LFP,normal,vin_307,discharge,5,0,,,,
LFP_normal_vin_307_vin_307_discharge_6,D:\作业\论文复现\基线模型\mtad-gat-pytorch\datasets\CH-BATTERY\LFP\normal\vin_307\vin_307_discharge_6.csv,LFP/normal/vin_307/vin_307_discharge_6.csv,LFP,normal,vin_307,discharge,6,0,,,,
LFP_normal_vin_307_vin_307_discharge_7,D:\作业\论文复现\基线模型\mtad-gat-pytorch\datasets\CH-BATTERY\LFP\normal\vin_307\vin_307_discharge_7.csv,LFP/normal/vin_307/vin_307_discharge_7.csv,LFP,normal,vin_307,discharge,7,0,,,,
LFP_normal_vin_307_vin_307_discharge_8,D:\作业\论文复现\基线模型\mtad-gat-pytorch\datasets\CH-BATTERY\LFP\normal\vin_307\vin_307_discharge_8.csv,LFP/normal/vin_307/vin_307_discharge_8.csv,LFP,normal,vin_307,discharge,8,0,,,,
LFP_normal_vin_307_vin_307_discharge_9,D:\作业\论文复现\基线模型\mtad-gat-pytorch\datasets\CH-BATTERY\LFP\normal\vin_307\vin_307_discharge_9.csv,LFP/normal/vin_307/vin_307_discharge_9.csv,LFP,normal,vin_307,discharge,9,0,,,,
LFP_normal_vin_307_vin_307_discharge_10,D:\作业\论文复现\基线模型\mtad-gat-pytorch\datasets\CH-BATTERY\LFP\normal\vin_307\vin_307_discharge_10.csv,LFP/normal/vin_307/vin_307_discharge_10.csv,LFP,normal,vin_307,discharge,10,0,,,,
LFP_normal_vin_309_vin_309_discharge_1,D:\作业\论文复现\基线模型\mtad-gat-pytorch\datasets\CH-BATTERY\LFP\normal\vin_309\vin_309_discharge_1.csv,LFP/normal/vin_309/vin_309_discharge_1.csv,LFP,normal,vin_309,discharge,1,0,,,,
LFP_normal_vin_309_vin_309_discharge_2,D:\作业\论文复现\基线模型\mtad-gat-pytorch\datasets\CH-BATTERY\LFP\normal\vin_309\vin_309_discharge_2.csv,LFP/normal/vin_309/vin_309_discharge_2.csv,LFP,normal,vin_309,discharge,2,0,,,,
LFP_normal_vin_309_vin_309_discharge_3,D:\作业\论文复现\基线模型\mtad-gat-pytorch\datasets\CH-BATTERY\LFP\normal\vin_309\vin_309_discharge_3.csv,LFP/normal/vin_309/vin_309_discharge_3.csv,LFP,normal,vin_309,discharge,3,0,,,,
LFP_normal_vin_309_vin_309_discharge_4,D:\作业\论文复现\基线模型\mtad-gat-pytorch\datasets\CH-BATTERY\LFP\normal\vin_309\vin_309_discharge_4.csv,LFP/normal/vin_309/vin_309_discharge_4.csv,LFP,normal,vin_309,discharge,4,0,,,,
LFP_normal_vin_309_vin_309_discharge_5,D:\作业\论文复现\基线模型\mtad-gat-pytorch\datasets\CH-BATTERY\LFP\normal\vin_309\vin_309_discharge_5.csv,LFP/normal/vin_309/vin_309_discharge_5.csv,LFP,normal,vin_309,discharge,5,0,,,,
LFP_normal_vin_309_vin_309_discharge_6,D:\作业\论文复现\基线模型\mtad-gat-pytorch\datasets\CH-BATTERY\LFP\normal\vin_309\vin_309_discharge_6.csv,LFP/normal/vin_309/vin_309_discharge_6.csv,LFP,normal,vin_309,discharge,6,0,,,,
LFP_normal_vin_309_vin_309_discharge_7,D:\作业\论文复现\基线模型\mtad-gat-pytorch\datasets\CH-BATTERY\LFP\normal\vin_309\vin_309_discharge_7.csv,LFP/normal/vin_309/vin_309_discharge_7.csv,LFP,normal,vin_309,discharge,7,0,,,,
LFP_normal_vin_309_vin_309_discharge_8,D:\作业\论文复现\基线模型\mtad-gat-pytorch\datasets\CH-BATTERY\LFP\normal\vin_309\vin_309_discharge_8.csv,LFP/normal/vin_309/vin_309_discharge_8.csv,LFP,normal,vin_309,discharge,8,0,,,,
LFP_normal_vin_309_vin_309_discharge_9,D:\作业\论文复现\基线模型\mtad-gat-pytorch\datasets\CH-BATTERY\LFP\normal\vin_309\vin_309_discharge_9.csv,LFP/normal/vin_309/vin_309_discharge_9.csv,LFP,normal,vin_309,discharge,9,0,,,,
LFP_normal_vin_309_vin_309_discharge_10,D:\作业\论文复现\基线模型\mtad-gat-pytorch\datasets\CH-BATTERY\LFP\normal\vin_309\vin_309_discharge_10.csv,LFP/normal/vin_309/vin_309_discharge_10.csv,LFP,normal,vin_309,discharge,10,0,,,,
LFP_normal_vin_310_vin_310_discharge_1,D:\作业\论文复现\基线模型\mtad-gat-pytorch\datasets\CH-BATTERY\LFP\normal\vin_310\vin_310_discharge_1.csv,LFP/normal/vin_310/vin_310_discharge_1.csv,LFP,normal,vin_310,discharge,1,0,,,,
LFP_normal_vin_310_vin_310_discharge_2,D:\作业\论文复现\基线模型\mtad-gat-pytorch\datasets\CH-BATTERY\LFP\normal\vin_310\vin_310_discharge_2.csv,LFP/normal/vin_310/vin_310_discharge_2.csv,LFP,normal,vin_310,discharge,2,0,,,,
LFP_normal_vin_310_vin_310_discharge_3,D:\作业\论文复现\基线模型\mtad-gat-pytorch\datasets\CH-BATTERY\LFP\normal\vin_310\vin_310_discharge_3.csv,LFP/normal/vin_310/vin_310_discharge_3.csv,LFP,normal,vin_310,discharge,3,0,,,,
LFP_normal_vin_310_vin_310_discharge_4,D:\作业\论文复现\基线模型\mtad-gat-pytorch\datasets\CH-BATTERY\LFP\normal\vin_310\vin_310_discharge_4.csv,LFP/normal/vin_310/vin_310_discharge_4.csv,LFP,normal,vin_310,discharge,4,0,,,,
LFP_normal_vin_310_vin_310_discharge_5,D:\作业\论文复现\基线模型\mtad-gat-pytorch\datasets\CH-BATTERY\LFP\normal\vin_310\vin_310_discharge_5.csv,LFP/normal/vin_310/vin_310_discharge_5.csv,LFP,normal,vin_310,discharge,5,0,,,,
LFP_normal_vin_310_vin_310_discharge_6,D:\作业\论文复现\基线模型\mtad-gat-pytorch\datasets\CH-BATTERY\LFP\normal\vin_310\vin_310_discharge_6.csv,LFP/normal/vin_310/vin_310_discharge_6.csv,LFP,normal,vin_310,discharge,6,0,,,,
LFP_normal_vin_310_vin_310_discharge_7,D:\作业\论文复现\基线模型\mtad-gat-pytorch\datasets\CH-BATTERY\LFP\normal\vin_310\vin_310_discharge_7.csv,LFP/normal/vin_310/vin_310_discharge_7.csv,LFP,normal,vin_310,discharge,7,0,,,,
LFP_normal_vin_310_vin_310_discharge_8,D:\作业\论文复现\基线模型\mtad-gat-pytorch\datasets\CH-BATTERY\LFP\normal\vin_310\vin_310_discharge_8.csv,LFP/normal/vin_310/vin_310_discharge_8.csv,LFP,normal,vin_310,discharge,8,0,,,,
LFP_normal_vin_310_vin_310_discharge_9,D:\作业\论文复现\基线模型\mtad-gat-pytorch\datasets\CH-BATTERY\LFP\normal\vin_310\vin_310_discharge_9.csv,LFP/normal/vin_310/vin_310_discharge_9.csv,LFP,normal,vin_310,discharge,9,0,,,,
LFP_normal_vin_310_vin_310_discharge_10,D:\作业\论文复现\基线模型\mtad-gat-pytorch\datasets\CH-BATTERY\LFP\normal\vin_310\vin_310_discharge_10.csv,LFP/normal/vin_310/vin_310_discharge_10.csv,LFP,normal,vin_310,discharge,10,0,,,,
LFP_normal_vin_312_vin_312_discharge_1,D:\作业\论文复现\基线模型\mtad-gat-pytorch\datasets\CH-BATTERY\LFP\normal\vin_312\vin_312_discharge_1.csv,LFP/normal/vin_312/vin_312_discharge_1.csv,LFP,normal,vin_312,discharge,1,0,,,,
LFP_normal_vin_312_vin_312_discharge_2,D:\作业\论文复现\基线模型\mtad-gat-pytorch\datasets\CH-BATTERY\LFP\normal\vin_312\vin_312_discharge_2.csv,LFP/normal/vin_312/vin_312_discharge_2.csv,LFP,normal,vin_312,discharge,2,0,,,,
LFP_normal_vin_312_vin_312_discharge_3,D:\作业\论文复现\基线模型\mtad-gat-pytorch\datasets\CH-BATTERY\LFP\normal\vin_312\vin_312_discharge_3.csv,LFP/normal/vin_312/vin_312_discharge_3.csv,LFP,normal,vin_312,discharge,3,0,,,,
LFP_normal_vin_312_vin_312_discharge_4,D:\作业\论文复现\基线模型\mtad-gat-pytorch\datasets\CH-BATTERY\LFP\normal\vin_312\vin_312_discharge_4.csv,LFP/normal/vin_312/vin_312_discharge_4.csv,LFP,normal,vin_312,discharge,4,0,,,,
LFP_normal_vin_312_vin_312_discharge_5,D:\作业\论文复现\基线模型\mtad-gat-pytorch\datasets\CH-BATTERY\LFP\normal\vin_312\vin_312_discharge_5.csv,LFP/normal/vin_312/vin_312_discharge_5.csv,LFP,normal,vin_312,discharge,5,0,,,,
LFP_normal_vin_312_vin_312_discharge_6,D:\作业\论文复现\基线模型\mtad-gat-pytorch\datasets\CH-BATTERY\LFP\normal\vin_312\vin_312_discharge_6.csv,LFP/normal/vin_312/vin_312_discharge_6.csv,LFP,normal,vin_312,discharge,6,0,,,,
LFP_normal_vin_312_vin_312_discharge_7,D:\作业\论文复现\基线模型\mtad-gat-pytorch\datasets\CH-BATTERY\LFP\normal\vin_312\vin_312_discharge_7.csv,LFP/normal/vin_312/vin_312_discharge_7.csv,LFP,normal,vin_312,discharge,7,0,,,,
LFP_normal_vin_312_vin_312_discharge_8,D:\作业\论文复现\基线模型\mtad-gat-pytorch\datasets\CH-BATTERY\LFP\normal\vin_312\vin_312_discharge_8.csv,LFP/normal/vin_312/vin_312_discharge_8.csv,LFP,normal,vin_312,discharge,8,0,,,,
LFP_normal_vin_312_vin_312_discharge_9,D:\作业\论文复现\基线模型\mtad-gat-pytorch\datasets\CH-BATTERY\LFP\normal\vin_312\vin_312_discharge_9.csv,LFP/normal/vin_312/vin_312_discharge_9.csv,LFP,normal,vin_312,discharge,9,0,,,,
LFP_normal_vin_312_vin_312_discharge_10,D:\作业\论文复现\基线模型\mtad-gat-pytorch\datasets\CH-BATTERY\LFP\normal\vin_312\vin_312_discharge_10.csv,LFP/normal/vin_312/vin_312_discharge_10.csv,LFP,normal,vin_312,discharge,10,0,,,,
LFP_normal_vin_314_vin_314_discharge_1,D:\作业\论文复现\基线模型\mtad-gat-pytorch\datasets\CH-BATTERY\LFP\normal\vin_314\vin_314_discharge_1.csv,LFP/normal/vin_314/vin_314_discharge_1.csv,LFP,normal,vin_314,discharge,1,0,,,,
LFP_normal_vin_314_vin_314_discharge_2,D:\作业\论文复现\基线模型\mtad-gat-pytorch\datasets\CH-BATTERY\LFP\normal\vin_314\vin_314_discharge_2.csv,LFP/normal/vin_314/vin_314_discharge_2.csv,LFP,normal,vin_314,discharge,2,0,,,,
LFP_normal_vin_314_vin_314_discharge_3,D:\作业\论文复现\基线模型\mtad-gat-pytorch\datasets\CH-BATTERY\LFP\normal\vin_314\vin_314_discharge_3.csv,LFP/normal/vin_314/vin_314_discharge_3.csv,LFP,normal,vin_314,discharge,3,0,,,,
LFP_normal_vin_314_vin_314_discharge_4,D:\作业\论文复现\基线模型\mtad-gat-pytorch\datasets\CH-BATTERY\LFP\normal\vin_314\vin_314_discharge_4.csv,LFP/normal/vin_314/vin_314_discharge_4.csv,LFP,normal,vin_314,discharge,4,0,,,,
LFP_normal_vin_314_vin_314_discharge_5,D:\作业\论文复现\基线模型\mtad-gat-pytorch\datasets\CH-BATTERY\LFP\normal\vin_314\vin_314_discharge_5.csv,LFP/normal/vin_314/vin_314_discharge_5.csv,LFP,normal,vin_314,discharge,5,0,,,,
LFP_normal_vin_314_vin_314_discharge_6,D:\作业\论文复现\基线模型\mtad-gat-pytorch\datasets\CH-BATTERY\LFP\normal\vin_314\vin_314_discharge_6.csv,LFP/normal/vin_314/vin_314_discharge_6.csv,LFP,normal,vin_314,discharge,6,0,,,,
LFP_normal_vin_314_vin_314_discharge_7,D:\作业\论文复现\基线模型\mtad-gat-pytorch\datasets\CH-BATTERY\LFP\normal\vin_314\vin_314_discharge_7.csv,LFP/normal/vin_314/vin_314_discharge_7.csv,LFP,normal,vin_314,discharge,7,0,,,,
LFP_normal_vin_314_vin_314_discharge_8,D:\作业\论文复现\基线模型\mtad-gat-pytorch\datasets\CH-BATTERY\LFP\normal\vin_314\vin_314_discharge_8.csv,LFP/normal/vin_314/vin_314_discharge_8.csv,LFP,normal,vin_314,discharge,8,0,,,,
LFP_normal_vin_314_vin_314_discharge_9,D:\作业\论文复现\基线模型\mtad-gat-pytorch\datasets\CH-BATTERY\LFP\normal\vin_314\vin_314_discharge_9.csv,LFP/normal/vin_314/vin_314_discharge_9.csv,LFP,normal,vin_314,discharge,9,0,,,,
LFP_normal_vin_314_vin_314_discharge_10,D:\作业\论文复现\基线模型\mtad-gat-pytorch\datasets\CH-BATTERY\LFP\normal\vin_314\vin_314_discharge_10.csv,LFP/normal/vin_314/vin_314_discharge_10.csv,LFP,normal,vin_314,discharge,10,0,,,,
LFP_normal_vin_317_vin_317_discharge_1,D:\作业\论文复现\基线模型\mtad-gat-pytorch\datasets\CH-BATTERY\LFP\normal\vin_317\vin_317_discharge_1.csv,LFP/normal/vin_317/vin_317_discharge_1.csv,LFP,normal,vin_317,discharge,1,0,,,,
LFP_normal_vin_317_vin_317_discharge_2,D:\作业\论文复现\基线模型\mtad-gat-pytorch\datasets\CH-BATTERY\LFP\normal\vin_317\vin_317_discharge_2.csv,LFP/normal/vin_317/vin_317_discharge_2.csv,LFP,normal,vin_317,discharge,2,0,,,,
LFP_normal_vin_317_vin_317_discharge_3,D:\作业\论文复现\基线模型\mtad-gat-pytorch\datasets\CH-BATTERY\LFP\normal\vin_317\vin_317_discharge_3.csv,LFP/normal/vin_317/vin_317_discharge_3.csv,LFP,normal,vin_317,discharge,3,0,,,,
LFP_normal_vin_317_vin_317_discharge_4,D:\作业\论文复现\基线模型\mtad-gat-pytorch\datasets\CH-BATTERY\LFP\normal\vin_317\vin_317_discharge_4.csv,LFP/normal/vin_317/vin_317_discharge_4.csv,LFP,normal,vin_317,discharge,4,0,,,,
LFP_normal_vin_317_vin_317_discharge_5,D:\作业\论文复现\基线模型\mtad-gat-pytorch\datasets\CH-BATTERY\LFP\normal\vin_317\vin_317_discharge_5.csv,LFP/normal/vin_317/vin_317_discharge_5.csv,LFP,normal,vin_317,discharge,5,0,,,,
LFP_normal_vin_317_vin_317_discharge_6,D:\作业\论文复现\基线模型\mtad-gat-pytorch\datasets\CH-BATTERY\LFP\normal\vin_317\vin_317_discharge_6.csv,LFP/normal/vin_317/vin_317_discharge_6.csv,LFP,normal,vin_317,discharge,6,0,,,,
LFP_normal_vin_317_vin_317_discharge_7,D:\作业\论文复现\基线模型\mtad-gat-pytorch\datasets\CH-BATTERY\LFP\normal\vin_317\vin_317_discharge_7.csv,LFP/normal/vin_317/vin_317_discharge_7.csv,LFP,normal,vin_317,discharge,7,0,,,,
LFP_normal_vin_317_vin_317_discharge_8,D:\作业\论文复现\基线模型\mtad-gat-pytorch\datasets\CH-BATTERY\LFP\normal\vin_317\vin_317_discharge_8.csv,LFP/normal/vin_317/vin_317_discharge_8.csv,LFP,normal,vin_317,discharge,8,0,,,,
LFP_normal_vin_317_vin_317_discharge_9,D:\作业\论文复现\基线模型\mtad-gat-pytorch\datasets\CH-BATTERY\LFP\normal\vin_317\vin_317_discharge_9.csv,LFP/normal/vin_317/vin_317_discharge_9.csv,LFP,normal,vin_317,discharge,9,0,,,,
LFP_normal_vin_317_vin_317_discharge_10,D:\作业\论文复现\基线模型\mtad-gat-pytorch\datasets\CH-BATTERY\LFP\normal\vin_317\vin_317_discharge_10.csv,LFP/normal/vin_317/vin_317_discharge_10.csv,LFP,normal,vin_317,discharge,10,0,,,,
LFP_normal_vin_318_vin_318_discharge_1,D:\作业\论文复现\基线模型\mtad-gat-pytorch\datasets\CH-BATTERY\LFP\normal\vin_318\vin_318_discharge_1.csv,LFP/normal/vin_318/vin_318_discharge_1.csv,LFP,normal,vin_318,discharge,1,0,,,,
LFP_normal_vin_318_vin_318_discharge_2,D:\作业\论文复现\基线模型\mtad-gat-pytorch\datasets\CH-BATTERY\LFP\normal\vin_318\vin_318_discharge_2.csv,LFP/normal/vin_318/vin_318_discharge_2.csv,LFP,normal,vin_318,discharge,2,0,,,,
LFP_normal_vin_318_vin_318_discharge_3,D:\作业\论文复现\基线模型\mtad-gat-pytorch\datasets\CH-BATTERY\LFP\normal\vin_318\vin_318_discharge_3.csv,LFP/normal/vin_318/vin_318_discharge_3.csv,LFP,normal,vin_318,discharge,3,0,,,,
LFP_normal_vin_318_vin_318_discharge_4,D:\作业\论文复现\基线模型\mtad-gat-pytorch\datasets\CH-BATTERY\LFP\normal\vin_318\vin_318_discharge_4.csv,LFP/normal/vin_318/vin_318_discharge_4.csv,LFP,normal,vin_318,discharge,4,0,,,,
LFP_normal_vin_318_vin_318_discharge_5,D:\作业\论文复现\基线模型\mtad-gat-pytorch\datasets\CH-BATTERY\LFP\normal\vin_318\vin_318_discharge_5.csv,LFP/normal/vin_318/vin_318_discharge_5.csv,LFP,normal,vin_318,discharge,5,0,,,,
LFP_normal_vin_318_vin_318_discharge_6,D:\作业\论文复现\基线模型\mtad-gat-pytorch\datasets\CH-BATTERY\LFP\normal\vin_318\vin_318_discharge_6.csv,LFP/normal/vin_318/vin_318_discharge_6.csv,LFP,normal,vin_318,discharge,6,0,,,,
LFP_normal_vin_318_vin_318_discharge_7,D:\作业\论文复现\基线模型\mtad-gat-pytorch\datasets\CH-BATTERY\LFP\normal\vin_318\vin_318_discharge_7.csv,LFP/normal/vin_318/vin_318_discharge_7.csv,LFP,normal,vin_318,discharge,7,0,,,,
LFP_normal_vin_318_vin_318_discharge_8,D:\作业\论文复现\基线模型\mtad-gat-pytorch\datasets\CH-BATTERY\LFP\normal\vin_318\vin_318_discharge_8.csv,LFP/normal/vin_318/vin_318_discharge_8.csv,LFP,normal,vin_318,discharge,8,0,,,,
LFP_normal_vin_318_vin_318_discharge_9,D:\作业\论文复现\基线模型\mtad-gat-pytorch\datasets\CH-BATTERY\LFP\normal\vin_318\vin_318_discharge_9.csv,LFP/normal/vin_318/vin_318_discharge_9.csv,LFP,normal,vin_318,discharge,9,0,,,,
LFP_normal_vin_318_vin_318_discharge_10,D:\作业\论文复现\基线模型\mtad-gat-pytorch\datasets\CH-BATTERY\LFP\normal\vin_318\vin_318_discharge_10.csv,LFP/normal/vin_318/vin_318_discharge_10.csv,LFP,normal,vin_318,discharge,10,0,,,,
LFP_normal_vin_319_vin_319_discharge_1,D:\作业\论文复现\基线模型\mtad-gat-pytorch\datasets\CH-BATTERY\LFP\normal\vin_319\vin_319_discharge_1.csv,LFP/normal/vin_319/vin_319_discharge_1.csv,LFP,normal,vin_319,discharge,1,0,,,,
LFP_normal_vin_319_vin_319_discharge_2,D:\作业\论文复现\基线模型\mtad-gat-pytorch\datasets\CH-BATTERY\LFP\normal\vin_319\vin_319_discharge_2.csv,LFP/normal/vin_319/vin_319_discharge_2.csv,LFP,normal,vin_319,discharge,2,0,,,,
LFP_normal_vin_319_vin_319_discharge_3,D:\作业\论文复现\基线模型\mtad-gat-pytorch\datasets\CH-BATTERY\LFP\normal\vin_319\vin_319_discharge_3.csv,LFP/normal/vin_319/vin_319_discharge_3.csv,LFP,normal,vin_319,discharge,3,0,,,,
LFP_normal_vin_319_vin_319_discharge_4,D:\作业\论文复现\基线模型\mtad-gat-pytorch\datasets\CH-BATTERY\LFP\normal\vin_319\vin_319_discharge_4.csv,LFP/normal/vin_319/vin_319_discharge_4.csv,LFP,normal,vin_319,discharge,4,0,,,,
LFP_normal_vin_319_vin_319_discharge_5,D:\作业\论文复现\基线模型\mtad-gat-pytorch\datasets\CH-BATTERY\LFP\normal\vin_319\vin_319_discharge_5.csv,LFP/normal/vin_319/vin_319_discharge_5.csv,LFP,normal,vin_319,discharge,5,0,,,,
LFP_normal_vin_319_vin_319_discharge_6,D:\作业\论文复现\基线模型\mtad-gat-pytorch\datasets\CH-BATTERY\LFP\normal\vin_319\vin_319_discharge_6.csv,LFP/normal/vin_319/vin_319_discharge_6.csv,LFP,normal,vin_319,discharge,6,0,,,,
LFP_normal_vin_319_vin_319_discharge_7,D:\作业\论文复现\基线模型\mtad-gat-pytorch\datasets\CH-BATTERY\LFP\normal\vin_319\vin_319_discharge_7.csv,LFP/normal/vin_319/vin_319_discharge_7.csv,LFP,normal,vin_319,discharge,7,0,,,,
LFP_normal_vin_319_vin_319_discharge_8,D:\作业\论文复现\基线模型\mtad-gat-pytorch\datasets\CH-BATTERY\LFP\normal\vin_319\vin_319_discharge_8.csv,LFP/normal/vin_319/vin_319_discharge_8.csv,LFP,normal,vin_319,discharge,8,0,,,,
LFP_normal_vin_319_vin_319_discharge_9,D:\作业\论文复现\基线模型\mtad-gat-pytorch\datasets\CH-BATTERY\LFP\normal\vin_319\vin_319_discharge_9.csv,LFP/normal/vin_319/vin_319_discharge_9.csv,LFP,normal,vin_319,discharge,9,0,,,,
LFP_normal_vin_319_vin_319_discharge_10,D:\作业\论文复现\基线模型\mtad-gat-pytorch\datasets\CH-BATTERY\LFP\normal\vin_319\vin_319_discharge_10.csv,LFP/normal/vin_319/vin_319_discharge_10.csv,LFP,normal,vin_319,discharge,10,0,,,,
LFP_normal_vin_320_vin_320_discharge_1,D:\作业\论文复现\基线模型\mtad-gat-pytorch\datasets\CH-BATTERY\LFP\normal\vin_320\vin_320_discharge_1.csv,LFP/normal/vin_320/vin_320_discharge_1.csv,LFP,normal,vin_320,discharge,1,0,,,,
LFP_normal_vin_320_vin_320_discharge_2,D:\作业\论文复现\基线模型\mtad-gat-pytorch\datasets\CH-BATTERY\LFP\normal\vin_320\vin_320_discharge_2.csv,LFP/normal/vin_320/vin_320_discharge_2.csv,LFP,normal,vin_320,discharge,2,0,,,,
LFP_normal_vin_320_vin_320_discharge_3,D:\作业\论文复现\基线模型\mtad-gat-pytorch\datasets\CH-BATTERY\LFP\normal\vin_320\vin_320_discharge_3.csv,LFP/normal/vin_320/vin_320_discharge_3.csv,LFP,normal,vin_320,discharge,3,0,,,,
LFP_normal_vin_320_vin_320_discharge_4,D:\作业\论文复现\基线模型\mtad-gat-pytorch\datasets\CH-BATTERY\LFP\normal\vin_320\vin_320_discharge_4.csv,LFP/normal/vin_320/vin_320_discharge_4.csv,LFP,normal,vin_320,discharge,4,0,,,,
LFP_normal_vin_320_vin_320_discharge_5,D:\作业\论文复现\基线模型\mtad-gat-pytorch\datasets\CH-BATTERY\LFP\normal\vin_320\vin_320_discharge_5.csv,LFP/normal/vin_320/vin_320_discharge_5.csv,LFP,normal,vin_320,discharge,5,0,,,,
LFP_normal_vin_320_vin_320_discharge_6,D:\作业\论文复现\基线模型\mtad-gat-pytorch\datasets\CH-BATTERY\LFP\normal\vin_320\vin_320_discharge_6.csv,LFP/normal/vin_320/vin_320_discharge_6.csv,LFP,normal,vin_320,discharge,6,0,,,,
LFP_normal_vin_320_vin_320_discharge_7,D:\作业\论文复现\基线模型\mtad-gat-pytorch\datasets\CH-BATTERY\LFP\normal\vin_320\vin_320_discharge_7.csv,LFP/normal/vin_320/vin_320_discharge_7.csv,LFP,normal,vin_320,discharge,7,0,,,,
LFP_normal_vin_320_vin_320_discharge_8,D:\作业\论文复现\基线模型\mtad-gat-pytorch\datasets\CH-BATTERY\LFP\normal\vin_320\vin_320_discharge_8.csv,LFP/normal/vin_320/vin_320_discharge_8.csv,LFP,normal,vin_320,discharge,8,0,,,,
LFP_normal_vin_320_vin_320_discharge_9,D:\作业\论文复现\基线模型\mtad-gat-pytorch\datasets\CH-BATTERY\LFP\normal\vin_320\vin_320_discharge_9.csv,LFP/normal/vin_320/vin_320_discharge_9.csv,LFP,normal,vin_320,discharge,9,0,,,,
LFP_normal_vin_320_vin_320_discharge_10,D:\作业\论文复现\基线模型\mtad-gat-pytorch\datasets\CH-BATTERY\LFP\normal\vin_320\vin_320_discharge_10.csv,LFP/normal/vin_320/vin_320_discharge_10.csv,LFP,normal,vin_320,discharge,10,0,,,,
LFP_normal_vin_321_vin_321_discharge_1,D:\作业\论文复现\基线模型\mtad-gat-pytorch\datasets\CH-BATTERY\LFP\normal\vin_321\vin_321_discharge_1.csv,LFP/normal/vin_321/vin_321_discharge_1.csv,LFP,normal,vin_321,discharge,1,0,,,,
LFP_normal_vin_321_vin_321_discharge_2,D:\作业\论文复现\基线模型\mtad-gat-pytorch\datasets\CH-BATTERY\LFP\normal\vin_321\vin_321_discharge_2.csv,LFP/normal/vin_321/vin_321_discharge_2.csv,LFP,normal,vin_321,discharge,2,0,,,,
LFP_normal_vin_321_vin_321_discharge_3,D:\作业\论文复现\基线模型\mtad-gat-pytorch\datasets\CH-BATTERY\LFP\normal\vin_321\vin_321_discharge_3.csv,LFP/normal/vin_321/vin_321_discharge_3.csv,LFP,normal,vin_321,discharge,3,0,,,,
LFP_normal_vin_321_vin_321_discharge_4,D:\作业\论文复现\基线模型\mtad-gat-pytorch\datasets\CH-BATTERY\LFP\normal\vin_321\vin_321_discharge_4.csv,LFP/normal/vin_321/vin_321_discharge_4.csv,LFP,normal,vin_321,discharge,4,0,,,,
LFP_normal_vin_321_vin_321_discharge_5,D:\作业\论文复现\基线模型\mtad-gat-pytorch\datasets\CH-BATTERY\LFP\normal\vin_321\vin_321_discharge_5.csv,LFP/normal/vin_321/vin_321_discharge_5.csv,LFP,normal,vin_321,discharge,5,0,,,,
LFP_normal_vin_321_vin_321_discharge_6,D:\作业\论文复现\基线模型\mtad-gat-pytorch\datasets\CH-BATTERY\LFP\normal\vin_321\vin_321_discharge_6.csv,LFP/normal/vin_321/vin_321_discharge_6.csv,LFP,normal,vin_321,discharge,6,0,,,,
LFP_normal_vin_321_vin_321_discharge_7,D:\作业\论文复现\基线模型\mtad-gat-pytorch\datasets\CH-BATTERY\LFP\normal\vin_321\vin_321_discharge_7.csv,LFP/normal/vin_321/vin_321_discharge_7.csv,LFP,normal,vin_321,discharge,7,0,,,,
LFP_normal_vin_321_vin_321_discharge_8,D:\作业\论文复现\基线模型\mtad-gat-pytorch\datasets\CH-BATTERY\LFP\normal\vin_321\vin_321_discharge_8.csv,LFP/normal/vin_321/vin_321_discharge_8.csv,LFP,normal,vin_321,discharge,8,0,,,,
LFP_normal_vin_321_vin_321_discharge_9,D:\作业\论文复现\基线模型\mtad-gat-pytorch\datasets\CH-BATTERY\LFP\normal\vin_321\vin_321_discharge_9.csv,LFP/normal/vin_321/vin_321_discharge_9.csv,LFP,normal,vin_321,discharge,9,0,,,,
LFP_normal_vin_321_vin_321_discharge_10,D:\作业\论文复现\基线模型\mtad-gat-pytorch\datasets\CH-BATTERY\LFP\normal\vin_321\vin_321_discharge_10.csv,LFP/normal/vin_321/vin_321_discharge_10.csv,LFP,normal,vin_321,discharge,10,0,,,,
LFP_normal_vin_322_vin_322_discharge_1,D:\作业\论文复现\基线模型\mtad-gat-pytorch\datasets\CH-BATTERY\LFP\normal\vin_322\vin_322_discharge_1.csv,LFP/normal/vin_322/vin_322_discharge_1.csv,LFP,normal,vin_322,discharge,1,0,,,,
LFP_normal_vin_322_vin_322_discharge_2,D:\作业\论文复现\基线模型\mtad-gat-pytorch\datasets\CH-BATTERY\LFP\normal\vin_322\vin_322_discharge_2.csv,LFP/normal/vin_322/vin_322_discharge_2.csv,LFP,normal,vin_322,discharge,2,0,,,,
LFP_normal_vin_322_vin_322_discharge_3,D:\作业\论文复现\基线模型\mtad-gat-pytorch\datasets\CH-BATTERY\LFP\normal\vin_322\vin_322_discharge_3.csv,LFP/normal/vin_322/vin_322_discharge_3.csv,LFP,normal,vin_322,discharge,3,0,,,,
LFP_normal_vin_322_vin_322_discharge_4,D:\作业\论文复现\基线模型\mtad-gat-pytorch\datasets\CH-BATTERY\LFP\normal\vin_322\vin_322_discharge_4.csv,LFP/normal/vin_322/vin_322_discharge_4.csv,LFP,normal,vin_322,discharge,4,0,,,,
LFP_normal_vin_322_vin_322_discharge_5,D:\作业\论文复现\基线模型\mtad-gat-pytorch\datasets\CH-BATTERY\LFP\normal\vin_322\vin_322_discharge_5.csv,LFP/normal/vin_322/vin_322_discharge_5.csv,LFP,normal,vin_322,discharge,5,0,,,,
LFP_normal_vin_322_vin_322_discharge_6,D:\作业\论文复现\基线模型\mtad-gat-pytorch\datasets\CH-BATTERY\LFP\normal\vin_322\vin_322_discharge_6.csv,LFP/normal/vin_322/vin_322_discharge_6.csv,LFP,normal,vin_322,discharge,6,0,,,,
LFP_normal_vin_322_vin_322_discharge_7,D:\作业\论文复现\基线模型\mtad-gat-pytorch\datasets\CH-BATTERY\LFP\normal\vin_322\vin_322_discharge_7.csv,LFP/normal/vin_322/vin_322_discharge_7.csv,LFP,normal,vin_322,discharge,7,0,,,,
LFP_normal_vin_322_vin_322_discharge_8,D:\作业\论文复现\基线模型\mtad-gat-pytorch\datasets\CH-BATTERY\LFP\normal\vin_322\vin_322_discharge_8.csv,LFP/normal/vin_322/vin_322_discharge_8.csv,LFP,normal,vin_322,discharge,8,0,,,,
LFP_normal_vin_322_vin_322_discharge_9,D:\作业\论文复现\基线模型\mtad-gat-pytorch\datasets\CH-BATTERY\LFP\normal\vin_322\vin_322_discharge_9.csv,LFP/normal/vin_322/vin_322_discharge_9.csv,LFP,normal,vin_322,discharge,9,0,,,,
LFP_normal_vin_322_vin_322_discharge_10,D:\作业\论文复现\基线模型\mtad-gat-pytorch\datasets\CH-BATTERY\LFP\normal\vin_322\vin_322_discharge_10.csv,LFP/normal/vin_322/vin_322_discharge_10.csv,LFP,normal,vin_322,discharge,10,0,,,,
LFP_normal_vin_323_vin_323_discharge_1,D:\作业\论文复现\基线模型\mtad-gat-pytorch\datasets\CH-BATTERY\LFP\normal\vin_323\vin_323_discharge_1.csv,LFP/normal/vin_323/vin_323_discharge_1.csv,LFP,normal,vin_323,discharge,1,0,,,,
LFP_normal_vin_323_vin_323_discharge_2,D:\作业\论文复现\基线模型\mtad-gat-pytorch\datasets\CH-BATTERY\LFP\normal\vin_323\vin_323_discharge_2.csv,LFP/normal/vin_323/vin_323_discharge_2.csv,LFP,normal,vin_323,discharge,2,0,,,,
LFP_normal_vin_323_vin_323_discharge_3,D:\作业\论文复现\基线模型\mtad-gat-pytorch\datasets\CH-BATTERY\LFP\normal\vin_323\vin_323_discharge_3.csv,LFP/normal/vin_323/vin_323_discharge_3.csv,LFP,normal,vin_323,discharge,3,0,,,,
LFP_normal_vin_323_vin_323_discharge_4,D:\作业\论文复现\基线模型\mtad-gat-pytorch\datasets\CH-BATTERY\LFP\normal\vin_323\vin_323_discharge_4.csv,LFP/normal/vin_323/vin_323_discharge_4.csv,LFP,normal,vin_323,discharge,4,0,,,,
LFP_normal_vin_323_vin_323_discharge_5,D:\作业\论文复现\基线模型\mtad-gat-pytorch\datasets\CH-BATTERY\LFP\normal\vin_323\vin_323_discharge_5.csv,LFP/normal/vin_323/vin_323_discharge_5.csv,LFP,normal,vin_323,discharge,5,0,,,,
LFP_normal_vin_323_vin_323_discharge_6,D:\作业\论文复现\基线模型\mtad-gat-pytorch\datasets\CH-BATTERY\LFP\normal\vin_323\vin_323_discharge_6.csv,LFP/normal/vin_323/vin_323_discharge_6.csv,LFP,normal,vin_323,discharge,6,0,,,,
LFP_normal_vin_323_vin_323_discharge_7,D:\作业\论文复现\基线模型\mtad-gat-pytorch\datasets\CH-BATTERY\LFP\normal\vin_323\vin_323_discharge_7.csv,LFP/normal/vin_323/vin_323_discharge_7.csv,LFP,normal,vin_323,discharge,7,0,,,,
LFP_normal_vin_323_vin_323_discharge_8,D:\作业\论文复现\基线模型\mtad-gat-pytorch\datasets\CH-BATTERY\LFP\normal\vin_323\vin_323_discharge_8.csv,LFP/normal/vin_323/vin_323_discharge_8.csv,LFP,normal,vin_323,discharge,8,0,,,,
LFP_normal_vin_323_vin_323_discharge_9,D:\作业\论文复现\基线模型\mtad-gat-pytorch\datasets\CH-BATTERY\LFP\normal\vin_323\vin_323_discharge_9.csv,LFP/normal/vin_323/vin_323_discharge_9.csv,LFP,normal,vin_323,discharge,9,0,,,,
LFP_normal_vin_323_vin_323_discharge_10,D:\作业\论文复现\基线模型\mtad-gat-pytorch\datasets\CH-BATTERY\LFP\normal\vin_323\vin_323_discharge_10.csv,LFP/normal/vin_323/vin_323_discharge_10.csv,LFP,normal,vin_323,discharge,10,0,,,,
LFP_normal_vin_324_vin_324_discharge_1,D:\作业\论文复现\基线模型\mtad-gat-pytorch\datasets\CH-BATTERY\LFP\normal\vin_324\vin_324_discharge_1.csv,LFP/normal/vin_324/vin_324_discharge_1.csv,LFP,normal,vin_324,discharge,1,0,,,,
LFP_normal_vin_324_vin_324_discharge_2,D:\作业\论文复现\基线模型\mtad-gat-pytorch\datasets\CH-BATTERY\LFP\normal\vin_324\vin_324_discharge_2.csv,LFP/normal/vin_324/vin_324_discharge_2.csv,LFP,normal,vin_324,discharge,2,0,,,,
LFP_normal_vin_324_vin_324_discharge_3,D:\作业\论文复现\基线模型\mtad-gat-pytorch\datasets\CH-BATTERY\LFP\normal\vin_324\vin_324_discharge_3.csv,LFP/normal/vin_324/vin_324_discharge_3.csv,LFP,normal,vin_324,discharge,3,0,,,,
LFP_normal_vin_324_vin_324_discharge_4,D:\作业\论文复现\基线模型\mtad-gat-pytorch\datasets\CH-BATTERY\LFP\normal\vin_324\vin_324_discharge_4.csv,LFP/normal/vin_324/vin_324_discharge_4.csv,LFP,normal,vin_324,discharge,4,0,,,,
LFP_normal_vin_324_vin_324_discharge_5,D:\作业\论文复现\基线模型\mtad-gat-pytorch\datasets\CH-BATTERY\LFP\normal\vin_324\vin_324_discharge_5.csv,LFP/normal/vin_324/vin_324_discharge_5.csv,LFP,normal,vin_324,discharge,5,0,,,,
LFP_normal_vin_324_vin_324_discharge_6,D:\作业\论文复现\基线模型\mtad-gat-pytorch\datasets\CH-BATTERY\LFP\normal\vin_324\vin_324_discharge_6.csv,LFP/normal/vin_324/vin_324_discharge_6.csv,LFP,normal,vin_324,discharge,6,0,,,,
LFP_normal_vin_324_vin_324_discharge_7,D:\作业\论文复现\基线模型\mtad-gat-pytorch\datasets\CH-BATTERY\LFP\normal\vin_324\vin_324_discharge_7.csv,LFP/normal/vin_324/vin_324_discharge_7.csv,LFP,normal,vin_324,discharge,7,0,,,,
LFP_normal_vin_324_vin_324_discharge_8,D:\作业\论文复现\基线模型\mtad-gat-pytorch\datasets\CH-BATTERY\LFP\normal\vin_324\vin_324_discharge_8.csv,LFP/normal/vin_324/vin_324_discharge_8.csv,LFP,normal,vin_324,discharge,8,0,,,,
LFP_normal_vin_324_vin_324_discharge_9,D:\作业\论文复现\基线模型\mtad-gat-pytorch\datasets\CH-BATTERY\LFP\normal\vin_324\vin_324_discharge_9.csv,LFP/normal/vin_324/vin_324_discharge_9.csv,LFP,normal,vin_324,discharge,9,0,,,,
LFP_normal_vin_324_vin_324_discharge_10,D:\作业\论文复现\基线模型\mtad-gat-pytorch\datasets\CH-BATTERY\LFP\normal\vin_324\vin_324_discharge_10.csv,LFP/normal/vin_324/vin_324_discharge_10.csv,LFP,normal,vin_324,discharge,10,0,,,,
LFP_normal_vin_325_vin_325_discharge_1,D:\作业\论文复现\基线模型\mtad-gat-pytorch\datasets\CH-BATTERY\LFP\normal\vin_325\vin_325_discharge_1.csv,LFP/normal/vin_325/vin_325_discharge_1.csv,LFP,normal,vin_325,discharge,1,0,,,,
LFP_normal_vin_325_vin_325_discharge_2,D:\作业\论文复现\基线模型\mtad-gat-pytorch\datasets\CH-BATTERY\LFP\normal\vin_325\vin_325_discharge_2.csv,LFP/normal/vin_325/vin_325_discharge_2.csv,LFP,normal,vin_325,discharge,2,0,,,,
LFP_normal_vin_325_vin_325_discharge_3,D:\作业\论文复现\基线模型\mtad-gat-pytorch\datasets\CH-BATTERY\LFP\normal\vin_325\vin_325_discharge_3.csv,LFP/normal/vin_325/vin_325_discharge_3.csv,LFP,normal,vin_325,discharge,3,0,,,,
LFP_normal_vin_325_vin_325_discharge_4,D:\作业\论文复现\基线模型\mtad-gat-pytorch\datasets\CH-BATTERY\LFP\normal\vin_325\vin_325_discharge_4.csv,LFP/normal/vin_325/vin_325_discharge_4.csv,LFP,normal,vin_325,discharge,4,0,,,,
LFP_normal_vin_325_vin_325_discharge_5,D:\作业\论文复现\基线模型\mtad-gat-pytorch\datasets\CH-BATTERY\LFP\normal\vin_325\vin_325_discharge_5.csv,LFP/normal/vin_325/vin_325_discharge_5.csv,LFP,normal,vin_325,discharge,5,0,,,,
LFP_normal_vin_325_vin_325_discharge_6,D:\作业\论文复现\基线模型\mtad-gat-pytorch\datasets\CH-BATTERY\LFP\normal\vin_325\vin_325_discharge_6.csv,LFP/normal/vin_325/vin_325_discharge_6.csv,LFP,normal,vin_325,discharge,6,0,,,,
LFP_normal_vin_325_vin_325_discharge_7,D:\作业\论文复现\基线模型\mtad-gat-pytorch\datasets\CH-BATTERY\LFP\normal\vin_325\vin_325_discharge_7.csv,LFP/normal/vin_325/vin_325_discharge_7.csv,LFP,normal,vin_325,discharge,7,0,,,,
LFP_normal_vin_325_vin_325_discharge_8,D:\作业\论文复现\基线模型\mtad-gat-pytorch\datasets\CH-BATTERY\LFP\normal\vin_325\vin_325_discharge_8.csv,LFP/normal/vin_325/vin_325_discharge_8.csv,LFP,normal,vin_325,discharge,8,0,,,,
LFP_normal_vin_325_vin_325_discharge_9,D:\作业\论文复现\基线模型\mtad-gat-pytorch\datasets\CH-BATTERY\LFP\normal\vin_325\vin_325_discharge_9.csv,LFP/normal/vin_325/vin_325_discharge_9.csv,LFP,normal,vin_325,discharge,9,0,,,,
LFP_normal_vin_325_vin_325_discharge_10,D:\作业\论文复现\基线模型\mtad-gat-pytorch\datasets\CH-BATTERY\LFP\normal\vin_325\vin_325_discharge_10.csv,LFP/normal/vin_325/vin_325_discharge_10.csv,LFP,normal,vin_325,discharge,10,0,,,,
LFP_normal_vin_326_vin_326_discharge_1,D:\作业\论文复现\基线模型\mtad-gat-pytorch\datasets\CH-BATTERY\LFP\normal\vin_326\vin_326_discharge_1.csv,LFP/normal/vin_326/vin_326_discharge_1.csv,LFP,normal,vin_326,discharge,1,0,,,,
LFP_normal_vin_326_vin_326_discharge_2,D:\作业\论文复现\基线模型\mtad-gat-pytorch\datasets\CH-BATTERY\LFP\normal\vin_326\vin_326_discharge_2.csv,LFP/normal/vin_326/vin_326_discharge_2.csv,LFP,normal,vin_326,discharge,2,0,,,,
LFP_normal_vin_326_vin_326_discharge_3,D:\作业\论文复现\基线模型\mtad-gat-pytorch\datasets\CH-BATTERY\LFP\normal\vin_326\vin_326_discharge_3.csv,LFP/normal/vin_326/vin_326_discharge_3.csv,LFP,normal,vin_326,discharge,3,0,,,,
LFP_normal_vin_326_vin_326_discharge_4,D:\作业\论文复现\基线模型\mtad-gat-pytorch\datasets\CH-BATTERY\LFP\normal\vin_326\vin_326_discharge_4.csv,LFP/normal/vin_326/vin_326_discharge_4.csv,LFP,normal,vin_326,discharge,4,0,,,,
LFP_normal_vin_326_vin_326_discharge_5,D:\作业\论文复现\基线模型\mtad-gat-pytorch\datasets\CH-BATTERY\LFP\normal\vin_326\vin_326_discharge_5.csv,LFP/normal/vin_326/vin_326_discharge_5.csv,LFP,normal,vin_326,discharge,5,0,,,,
LFP_normal_vin_326_vin_326_discharge_6,D:\作业\论文复现\基线模型\mtad-gat-pytorch\datasets\CH-BATTERY\LFP\normal\vin_326\vin_326_discharge_6.csv,LFP/normal/vin_326/vin_326_discharge_6.csv,LFP,normal,vin_326,discharge,6,0,,,,
LFP_normal_vin_326_vin_326_discharge_7,D:\作业\论文复现\基线模型\mtad-gat-pytorch\datasets\CH-BATTERY\LFP\normal\vin_326\vin_326_discharge_7.csv,LFP/normal/vin_326/vin_326_discharge_7.csv,LFP,normal,vin_326,discharge,7,0,,,,
LFP_normal_vin_326_vin_326_discharge_8,D:\作业\论文复现\基线模型\mtad-gat-pytorch\datasets\CH-BATTERY\LFP\normal\vin_326\vin_326_discharge_8.csv,LFP/normal/vin_326/vin_326_discharge_8.csv,LFP,normal,vin_326,discharge,8,0,,,,
LFP_normal_vin_326_vin_326_discharge_9,D:\作业\论文复现\基线模型\mtad-gat-pytorch\datasets\CH-BATTERY\LFP\normal\vin_326\vin_326_discharge_9.csv,LFP/normal/vin_326/vin_326_discharge_9.csv,LFP,normal,vin_326,discharge,9,0,,,,
LFP_normal_vin_326_vin_326_discharge_10,D:\作业\论文复现\基线模型\mtad-gat-pytorch\datasets\CH-BATTERY\LFP\normal\vin_326\vin_326_discharge_10.csv,LFP/normal/vin_326/vin_326_discharge_10.csv,LFP,normal,vin_326,discharge,10,0,,,,
LFP_normal_vin_327_vin_327_discharge_1,D:\作业\论文复现\基线模型\mtad-gat-pytorch\datasets\CH-BATTERY\LFP\normal\vin_327\vin_327_discharge_1.csv,LFP/normal/vin_327/vin_327_discharge_1.csv,LFP,normal,vin_327,discharge,1,0,,,,
LFP_normal_vin_327_vin_327_discharge_2,D:\作业\论文复现\基线模型\mtad-gat-pytorch\datasets\CH-BATTERY\LFP\normal\vin_327\vin_327_discharge_2.csv,LFP/normal/vin_327/vin_327_discharge_2.csv,LFP,normal,vin_327,discharge,2,0,,,,
LFP_normal_vin_327_vin_327_discharge_3,D:\作业\论文复现\基线模型\mtad-gat-pytorch\datasets\CH-BATTERY\LFP\normal\vin_327\vin_327_discharge_3.csv,LFP/normal/vin_327/vin_327_discharge_3.csv,LFP,normal,vin_327,discharge,3,0,,,,
LFP_normal_vin_327_vin_327_discharge_4,D:\作业\论文复现\基线模型\mtad-gat-pytorch\datasets\CH-BATTERY\LFP\normal\vin_327\vin_327_discharge_4.csv,LFP/normal/vin_327/vin_327_discharge_4.csv,LFP,normal,vin_327,discharge,4,0,,,,
LFP_normal_vin_327_vin_327_discharge_5,D:\作业\论文复现\基线模型\mtad-gat-pytorch\datasets\CH-BATTERY\LFP\normal\vin_327\vin_327_discharge_5.csv,LFP/normal/vin_327/vin_327_discharge_5.csv,LFP,normal,vin_327,discharge,5,0,,,,
LFP_normal_vin_327_vin_327_discharge_6,D:\作业\论文复现\基线模型\mtad-gat-pytorch\datasets\CH-BATTERY\LFP\normal\vin_327\vin_327_discharge_6.csv,LFP/normal/vin_327/vin_327_discharge_6.csv,LFP,normal,vin_327,discharge,6,0,,,,
LFP_normal_vin_327_vin_327_discharge_7,D:\作业\论文复现\基线模型\mtad-gat-pytorch\datasets\CH-BATTERY\LFP\normal\vin_327\vin_327_discharge_7.csv,LFP/normal/vin_327/vin_327_discharge_7.csv,LFP,normal,vin_327,discharge,7,0,,,,
LFP_normal_vin_327_vin_327_discharge_8,D:\作业\论文复现\基线模型\mtad-gat-pytorch\datasets\CH-BATTERY\LFP\normal\vin_327\vin_327_discharge_8.csv,LFP/normal/vin_327/vin_327_discharge_8.csv,LFP,normal,vin_327,discharge,8,0,,,,
LFP_normal_vin_327_vin_327_discharge_9,D:\作业\论文复现\基线模型\mtad-gat-pytorch\datasets\CH-BATTERY\LFP\normal\vin_327\vin_327_discharge_9.csv,LFP/normal/vin_327/vin_327_discharge_9.csv,LFP,normal,vin_327,discharge,9,0,,,,
LFP_normal_vin_327_vin_327_discharge_10,D:\作业\论文复现\基线模型\mtad-gat-pytorch\datasets\CH-BATTERY\LFP\normal\vin_327\vin_327_discharge_10.csv,LFP/normal/vin_327/vin_327_discharge_10.csv,LFP,normal,vin_327,discharge,10,0,,,,
LFP_normal_vin_328_vin_328_discharge_1,D:\作业\论文复现\基线模型\mtad-gat-pytorch\datasets\CH-BATTERY\LFP\normal\vin_328\vin_328_discharge_1.csv,LFP/normal/vin_328/vin_328_discharge_1.csv,LFP,normal,vin_328,discharge,1,0,,,,
LFP_normal_vin_328_vin_328_discharge_2,D:\作业\论文复现\基线模型\mtad-gat-pytorch\datasets\CH-BATTERY\LFP\normal\vin_328\vin_328_discharge_2.csv,LFP/normal/vin_328/vin_328_discharge_2.csv,LFP,normal,vin_328,discharge,2,0,,,,
LFP_normal_vin_328_vin_328_discharge_3,D:\作业\论文复现\基线模型\mtad-gat-pytorch\datasets\CH-BATTERY\LFP\normal\vin_328\vin_328_discharge_3.csv,LFP/normal/vin_328/vin_328_discharge_3.csv,LFP,normal,vin_328,discharge,3,0,,,,
LFP_normal_vin_328_vin_328_discharge_4,D:\作业\论文复现\基线模型\mtad-gat-pytorch\datasets\CH-BATTERY\LFP\normal\vin_328\vin_328_discharge_4.csv,LFP/normal/vin_328/vin_328_discharge_4.csv,LFP,normal,vin_328,discharge,4,0,,,,
LFP_normal_vin_328_vin_328_discharge_5,D:\作业\论文复现\基线模型\mtad-gat-pytorch\datasets\CH-BATTERY\LFP\normal\vin_328\vin_328_discharge_5.csv,LFP/normal/vin_328/vin_328_discharge_5.csv,LFP,normal,vin_328,discharge,5,0,,,,
LFP_normal_vin_328_vin_328_discharge_6,D:\作业\论文复现\基线模型\mtad-gat-pytorch\datasets\CH-BATTERY\LFP\normal\vin_328\vin_328_discharge_6.csv,LFP/normal/vin_328/vin_328_discharge_6.csv,LFP,normal,vin_328,discharge,6,0,,,,
LFP_normal_vin_328_vin_328_discharge_7,D:\作业\论文复现\基线模型\mtad-gat-pytorch\datasets\CH-BATTERY\LFP\normal\vin_328\vin_328_discharge_7.csv,LFP/normal/vin_328/vin_328_discharge_7.csv,LFP,normal,vin_328,discharge,7,0,,,,
LFP_normal_vin_328_vin_328_discharge_8,D:\作业\论文复现\基线模型\mtad-gat-pytorch\datasets\CH-BATTERY\LFP\normal\vin_328\vin_328_discharge_8.csv,LFP/normal/vin_328/vin_328_discharge_8.csv,LFP,normal,vin_328,discharge,8,0,,,,
LFP_normal_vin_328_vin_328_discharge_9,D:\作业\论文复现\基线模型\mtad-gat-pytorch\datasets\CH-BATTERY\LFP\normal\vin_328\vin_328_discharge_9.csv,LFP/normal/vin_328/vin_328_discharge_9.csv,LFP,normal,vin_328,discharge,9,0,,,,
LFP_normal_vin_328_vin_328_discharge_10,D:\作业\论文复现\基线模型\mtad-gat-pytorch\datasets\CH-BATTERY\LFP\normal\vin_328\vin_328_discharge_10.csv,LFP/normal/vin_328/vin_328_discharge_10.csv,LFP,normal,vin_328,discharge,10,0,,,,
LFP_normal_vin_329_vin_329_discharge_1,D:\作业\论文复现\基线模型\mtad-gat-pytorch\datasets\CH-BATTERY\LFP\normal\vin_329\vin_329_discharge_1.csv,LFP/normal/vin_329/vin_329_discharge_1.csv,LFP,normal,vin_329,discharge,1,0,,,,
LFP_normal_vin_329_vin_329_discharge_2,D:\作业\论文复现\基线模型\mtad-gat-pytorch\datasets\CH-BATTERY\LFP\normal\vin_329\vin_329_discharge_2.csv,LFP/normal/vin_329/vin_329_discharge_2.csv,LFP,normal,vin_329,discharge,2,0,,,,
LFP_normal_vin_329_vin_329_discharge_3,D:\作业\论文复现\基线模型\mtad-gat-pytorch\datasets\CH-BATTERY\LFP\normal\vin_329\vin_329_discharge_3.csv,LFP/normal/vin_329/vin_329_discharge_3.csv,LFP,normal,vin_329,discharge,3,0,,,,
LFP_normal_vin_329_vin_329_discharge_4,D:\作业\论文复现\基线模型\mtad-gat-pytorch\datasets\CH-BATTERY\LFP\normal\vin_329\vin_329_discharge_4.csv,LFP/normal/vin_329/vin_329_discharge_4.csv,LFP,normal,vin_329,discharge,4,0,,,,
LFP_normal_vin_329_vin_329_discharge_5,D:\作业\论文复现\基线模型\mtad-gat-pytorch\datasets\CH-BATTERY\LFP\normal\vin_329\vin_329_discharge_5.csv,LFP/normal/vin_329/vin_329_discharge_5.csv,LFP,normal,vin_329,discharge,5,0,,,,
LFP_normal_vin_329_vin_329_discharge_6,D:\作业\论文复现\基线模型\mtad-gat-pytorch\datasets\CH-BATTERY\LFP\normal\vin_329\vin_329_discharge_6.csv,LFP/normal/vin_329/vin_329_discharge_6.csv,LFP,normal,vin_329,discharge,6,0,,,,
LFP_normal_vin_329_vin_329_discharge_7,D:\作业\论文复现\基线模型\mtad-gat-pytorch\datasets\CH-BATTERY\LFP\normal\vin_329\vin_329_discharge_7.csv,LFP/normal/vin_329/vin_329_discharge_7.csv,LFP,normal,vin_329,discharge,7,0,,,,
LFP_normal_vin_329_vin_329_discharge_8,D:\作业\论文复现\基线模型\mtad-gat-pytorch\datasets\CH-BATTERY\LFP\normal\vin_329\vin_329_discharge_8.csv,LFP/normal/vin_329/vin_329_discharge_8.csv,LFP,normal,vin_329,discharge,8,0,,,,
LFP_normal_vin_329_vin_329_discharge_9,D:\作业\论文复现\基线模型\mtad-gat-pytorch\datasets\CH-BATTERY\LFP\normal\vin_329\vin_329_discharge_9.csv,LFP/normal/vin_329/vin_329_discharge_9.csv,LFP,normal,vin_329,discharge,9,0,,,,
LFP_normal_vin_329_vin_329_discharge_10,D:\作业\论文复现\基线模型\mtad-gat-pytorch\datasets\CH-BATTERY\LFP\normal\vin_329\vin_329_discharge_10.csv,LFP/normal/vin_329/vin_329_discharge_10.csv,LFP,normal,vin_329,discharge,10,0,,,,
LFP_normal_vin_330_vin_330_discharge_1,D:\作业\论文复现\基线模型\mtad-gat-pytorch\datasets\CH-BATTERY\LFP\normal\vin_330\vin_330_discharge_1.csv,LFP/normal/vin_330/vin_330_discharge_1.csv,LFP,normal,vin_330,discharge,1,0,,,,
LFP_normal_vin_330_vin_330_discharge_2,D:\作业\论文复现\基线模型\mtad-gat-pytorch\datasets\CH-BATTERY\LFP\normal\vin_330\vin_330_discharge_2.csv,LFP/normal/vin_330/vin_330_discharge_2.csv,LFP,normal,vin_330,discharge,2,0,,,,
LFP_normal_vin_330_vin_330_discharge_3,D:\作业\论文复现\基线模型\mtad-gat-pytorch\datasets\CH-BATTERY\LFP\normal\vin_330\vin_330_discharge_3.csv,LFP/normal/vin_330/vin_330_discharge_3.csv,LFP,normal,vin_330,discharge,3,0,,,,
LFP_normal_vin_330_vin_330_discharge_4,D:\作业\论文复现\基线模型\mtad-gat-pytorch\datasets\CH-BATTERY\LFP\normal\vin_330\vin_330_discharge_4.csv,LFP/normal/vin_330/vin_330_discharge_4.csv,LFP,normal,vin_330,discharge,4,0,,,,
LFP_normal_vin_330_vin_330_discharge_5,D:\作业\论文复现\基线模型\mtad-gat-pytorch\datasets\CH-BATTERY\LFP\normal\vin_330\vin_330_discharge_5.csv,LFP/normal/vin_330/vin_330_discharge_5.csv,LFP,normal,vin_330,discharge,5,0,,,,
LFP_normal_vin_330_vin_330_discharge_6,D:\作业\论文复现\基线模型\mtad-gat-pytorch\datasets\CH-BATTERY\LFP\normal\vin_330\vin_330_discharge_6.csv,LFP/normal/vin_330/vin_330_discharge_6.csv,LFP,normal,vin_330,discharge,6,0,,,,
LFP_normal_vin_330_vin_330_discharge_7,D:\作业\论文复现\基线模型\mtad-gat-pytorch\datasets\CH-BATTERY\LFP\normal\vin_330\vin_330_discharge_7.csv,LFP/normal/vin_330/vin_330_discharge_7.csv,LFP,normal,vin_330,discharge,7,0,,,,
LFP_normal_vin_330_vin_330_discharge_8,D:\作业\论文复现\基线模型\mtad-gat-pytorch\datasets\CH-BATTERY\LFP\normal\vin_330\vin_330_discharge_8.csv,LFP/normal/vin_330/vin_330_discharge_8.csv,LFP,normal,vin_330,discharge,8,0,,,,
LFP_normal_vin_330_vin_330_discharge_9,D:\作业\论文复现\基线模型\mtad-gat-pytorch\datasets\CH-BATTERY\LFP\normal\vin_330\vin_330_discharge_9.csv,LFP/normal/vin_330/vin_330_discharge_9.csv,LFP,normal,vin_330,discharge,9,0,,,,
LFP_normal_vin_330_vin_330_discharge_10,D:\作业\论文复现\基线模型\mtad-gat-pytorch\datasets\CH-BATTERY\LFP\normal\vin_330\vin_330_discharge_10.csv,LFP/normal/vin_330/vin_330_discharge_10.csv,LFP,normal,vin_330,discharge,10,0,,,,
LFP_normal_vin_331_vin_331_discharge_1,D:\作业\论文复现\基线模型\mtad-gat-pytorch\datasets\CH-BATTERY\LFP\normal\vin_331\vin_331_discharge_1.csv,LFP/normal/vin_331/vin_331_discharge_1.csv,LFP,normal,vin_331,discharge,1,0,,,,
LFP_normal_vin_331_vin_331_discharge_2,D:\作业\论文复现\基线模型\mtad-gat-pytorch\datasets\CH-BATTERY\LFP\normal\vin_331\vin_331_discharge_2.csv,LFP/normal/vin_331/vin_331_discharge_2.csv,LFP,normal,vin_331,discharge,2,0,,,,
LFP_normal_vin_331_vin_331_discharge_3,D:\作业\论文复现\基线模型\mtad-gat-pytorch\datasets\CH-BATTERY\LFP\normal\vin_331\vin_331_discharge_3.csv,LFP/normal/vin_331/vin_331_discharge_3.csv,LFP,normal,vin_331,discharge,3,0,,,,
LFP_normal_vin_331_vin_331_discharge_4,D:\作业\论文复现\基线模型\mtad-gat-pytorch\datasets\CH-BATTERY\LFP\normal\vin_331\vin_331_discharge_4.csv,LFP/normal/vin_331/vin_331_discharge_4.csv,LFP,normal,vin_331,discharge,4,0,,,,
LFP_normal_vin_331_vin_331_discharge_5,D:\作业\论文复现\基线模型\mtad-gat-pytorch\datasets\CH-BATTERY\LFP\normal\vin_331\vin_331_discharge_5.csv,LFP/normal/vin_331/vin_331_discharge_5.csv,LFP,normal,vin_331,discharge,5,0,,,,
LFP_normal_vin_331_vin_331_discharge_6,D:\作业\论文复现\基线模型\mtad-gat-pytorch\datasets\CH-BATTERY\LFP\normal\vin_331\vin_331_discharge_6.csv,LFP/normal/vin_331/vin_331_discharge_6.csv,LFP,normal,vin_331,discharge,6,0,,,,
LFP_normal_vin_331_vin_331_discharge_7,D:\作业\论文复现\基线模型\mtad-gat-pytorch\datasets\CH-BATTERY\LFP\normal\vin_331\vin_331_discharge_7.csv,LFP/normal/vin_331/vin_331_discharge_7.csv,LFP,normal,vin_331,discharge,7,0,,,,
LFP_normal_vin_331_vin_331_discharge_8,D:\作业\论文复现\基线模型\mtad-gat-pytorch\datasets\CH-BATTERY\LFP\normal\vin_331\vin_331_discharge_8.csv,LFP/normal/vin_331/vin_331_discharge_8.csv,LFP,normal,vin_331,discharge,8,0,,,,
LFP_normal_vin_331_vin_331_discharge_9,D:\作业\论文复现\基线模型\mtad-gat-pytorch\datasets\CH-BATTERY\LFP\normal\vin_331\vin_331_discharge_9.csv,LFP/normal/vin_331/vin_331_discharge_9.csv,LFP,normal,vin_331,discharge,9,0,,,,
LFP_normal_vin_331_vin_331_discharge_10,D:\作业\论文复现\基线模型\mtad-gat-pytorch\datasets\CH-BATTERY\LFP\normal\vin_331\vin_331_discharge_10.csv,LFP/normal/vin_331/vin_331_discharge_10.csv,LFP,normal,vin_331,discharge,10,0,,,,
LFP_normal_vin_332_vin_332_discharge_1,D:\作业\论文复现\基线模型\mtad-gat-pytorch\datasets\CH-BATTERY\LFP\normal\vin_332\vin_332_discharge_1.csv,LFP/normal/vin_332/vin_332_discharge_1.csv,LFP,normal,vin_332,discharge,1,0,,,,
LFP_normal_vin_332_vin_332_discharge_2,D:\作业\论文复现\基线模型\mtad-gat-pytorch\datasets\CH-BATTERY\LFP\normal\vin_332\vin_332_discharge_2.csv,LFP/normal/vin_332/vin_332_discharge_2.csv,LFP,normal,vin_332,discharge,2,0,,,,
LFP_normal_vin_332_vin_332_discharge_3,D:\作业\论文复现\基线模型\mtad-gat-pytorch\datasets\CH-BATTERY\LFP\normal\vin_332\vin_332_discharge_3.csv,LFP/normal/vin_332/vin_332_discharge_3.csv,LFP,normal,vin_332,discharge,3,0,,,,
LFP_normal_vin_332_vin_332_discharge_4,D:\作业\论文复现\基线模型\mtad-gat-pytorch\datasets\CH-BATTERY\LFP\normal\vin_332\vin_332_discharge_4.csv,LFP/normal/vin_332/vin_332_discharge_4.csv,LFP,normal,vin_332,discharge,4,0,,,,
LFP_normal_vin_332_vin_332_discharge_5,D:\作业\论文复现\基线模型\mtad-gat-pytorch\datasets\CH-BATTERY\LFP\normal\vin_332\vin_332_discharge_5.csv,LFP/normal/vin_332/vin_332_discharge_5.csv,LFP,normal,vin_332,discharge,5,0,,,,
LFP_normal_vin_332_vin_332_discharge_6,D:\作业\论文复现\基线模型\mtad-gat-pytorch\datasets\CH-BATTERY\LFP\normal\vin_332\vin_332_discharge_6.csv,LFP/normal/vin_332/vin_332_discharge_6.csv,LFP,normal,vin_332,discharge,6,0,,,,
LFP_normal_vin_332_vin_332_discharge_7,D:\作业\论文复现\基线模型\mtad-gat-pytorch\datasets\CH-BATTERY\LFP\normal\vin_332\vin_332_discharge_7.csv,LFP/normal/vin_332/vin_332_discharge_7.csv,LFP,normal,vin_332,discharge,7,0,,,,
LFP_normal_vin_332_vin_332_discharge_8,D:\作业\论文复现\基线模型\mtad-gat-pytorch\datasets\CH-BATTERY\LFP\normal\vin_332\vin_332_discharge_8.csv,LFP/normal/vin_332/vin_332_discharge_8.csv,LFP,normal,vin_332,discharge,8,0,,,,
LFP_normal_vin_332_vin_332_discharge_9,D:\作业\论文复现\基线模型\mtad-gat-pytorch\datasets\CH-BATTERY\LFP\normal\vin_332\vin_332_discharge_9.csv,LFP/normal/vin_332/vin_332_discharge_9.csv,LFP,normal,vin_332,discharge,9,0,,,,
LFP_normal_vin_332_vin_332_discharge_10,D:\作业\论文复现\基线模型\mtad-gat-pytorch\datasets\CH-BATTERY\LFP\normal\vin_332\vin_332_discharge_10.csv,LFP/normal/vin_332/vin_332_discharge_10.csv,LFP,normal,vin_332,discharge,10,0,,,,
LFP_normal_vin_333_vin_333_discharge_1,D:\作业\论文复现\基线模型\mtad-gat-pytorch\datasets\CH-BATTERY\LFP\normal\vin_333\vin_333_discharge_1.csv,LFP/normal/vin_333/vin_333_discharge_1.csv,LFP,normal,vin_333,discharge,1,0,,,,
LFP_normal_vin_333_vin_333_discharge_2,D:\作业\论文复现\基线模型\mtad-gat-pytorch\datasets\CH-BATTERY\LFP\normal\vin_333\vin_333_discharge_2.csv,LFP/normal/vin_333/vin_333_discharge_2.csv,LFP,normal,vin_333,discharge,2,0,,,,
LFP_normal_vin_333_vin_333_discharge_3,D:\作业\论文复现\基线模型\mtad-gat-pytorch\datasets\CH-BATTERY\LFP\normal\vin_333\vin_333_discharge_3.csv,LFP/normal/vin_333/vin_333_discharge_3.csv,LFP,normal,vin_333,discharge,3,0,,,,
LFP_normal_vin_333_vin_333_discharge_4,D:\作业\论文复现\基线模型\mtad-gat-pytorch\datasets\CH-BATTERY\LFP\normal\vin_333\vin_333_discharge_4.csv,LFP/normal/vin_333/vin_333_discharge_4.csv,LFP,normal,vin_333,discharge,4,0,,,,
LFP_normal_vin_333_vin_333_discharge_5,D:\作业\论文复现\基线模型\mtad-gat-pytorch\datasets\CH-BATTERY\LFP\normal\vin_333\vin_333_discharge_5.csv,LFP/normal/vin_333/vin_333_discharge_5.csv,LFP,normal,vin_333,discharge,5,0,,,,
LFP_normal_vin_333_vin_333_discharge_6,D:\作业\论文复现\基线模型\mtad-gat-pytorch\datasets\CH-BATTERY\LFP\normal\vin_333\vin_333_discharge_6.csv,LFP/normal/vin_333/vin_333_discharge_6.csv,LFP,normal,vin_333,discharge,6,0,,,,
LFP_normal_vin_333_vin_333_discharge_7,D:\作业\论文复现\基线模型\mtad-gat-pytorch\datasets\CH-BATTERY\LFP\normal\vin_333\vin_333_discharge_7.csv,LFP/normal/vin_333/vin_333_discharge_7.csv,LFP,normal,vin_333,discharge,7,0,,,,
LFP_normal_vin_333_vin_333_discharge_8,D:\作业\论文复现\基线模型\mtad-gat-pytorch\datasets\CH-BATTERY\LFP\normal\vin_333\vin_333_discharge_8.csv,LFP/normal/vin_333/vin_333_discharge_8.csv,LFP,normal,vin_333,discharge,8,0,,,,
LFP_normal_vin_333_vin_333_discharge_9,D:\作业\论文复现\基线模型\mtad-gat-pytorch\datasets\CH-BATTERY\LFP\normal\vin_333\vin_333_discharge_9.csv,LFP/normal/vin_333/vin_333_discharge_9.csv,LFP,normal,vin_333,discharge,9,0,,,,
LFP_normal_vin_333_vin_333_discharge_10,D:\作业\论文复现\基线模型\mtad-gat-pytorch\datasets\CH-BATTERY\LFP\normal\vin_333\vin_333_discharge_10.csv,LFP/normal/vin_333/vin_333_discharge_10.csv,LFP,normal,vin_333,discharge,10,0,,,,
LFP_normal_vin_335_vin_335_discharge_1,D:\作业\论文复现\基线模型\mtad-gat-pytorch\datasets\CH-BATTERY\LFP\normal\vin_335\vin_335_discharge_1.csv,LFP/normal/vin_335/vin_335_discharge_1.csv,LFP,normal,vin_335,discharge,1,0,,,,
LFP_normal_vin_335_vin_335_discharge_2,D:\作业\论文复现\基线模型\mtad-gat-pytorch\datasets\CH-BATTERY\LFP\normal\vin_335\vin_335_discharge_2.csv,LFP/normal/vin_335/vin_335_discharge_2.csv,LFP,normal,vin_335,discharge,2,0,,,,
LFP_normal_vin_335_vin_335_discharge_3,D:\作业\论文复现\基线模型\mtad-gat-pytorch\datasets\CH-BATTERY\LFP\normal\vin_335\vin_335_discharge_3.csv,LFP/normal/vin_335/vin_335_discharge_3.csv,LFP,normal,vin_335,discharge,3,0,,,,
LFP_normal_vin_335_vin_335_discharge_4,D:\作业\论文复现\基线模型\mtad-gat-pytorch\datasets\CH-BATTERY\LFP\normal\vin_335\vin_335_discharge_4.csv,LFP/normal/vin_335/vin_335_discharge_4.csv,LFP,normal,vin_335,discharge,4,0,,,,
LFP_normal_vin_335_vin_335_discharge_5,D:\作业\论文复现\基线模型\mtad-gat-pytorch\datasets\CH-BATTERY\LFP\normal\vin_335\vin_335_discharge_5.csv,LFP/normal/vin_335/vin_335_discharge_5.csv,LFP,normal,vin_335,discharge,5,0,,,,
LFP_normal_vin_335_vin_335_discharge_6,D:\作业\论文复现\基线模型\mtad-gat-pytorch\datasets\CH-BATTERY\LFP\normal\vin_335\vin_335_discharge_6.csv,LFP/normal/vin_335/vin_335_discharge_6.csv,LFP,normal,vin_335,discharge,6,0,,,,
LFP_normal_vin_335_vin_335_discharge_7,D:\作业\论文复现\基线模型\mtad-gat-pytorch\datasets\CH-BATTERY\LFP\normal\vin_335\vin_335_discharge_7.csv,LFP/normal/vin_335/vin_335_discharge_7.csv,LFP,normal,vin_335,discharge,7,0,,,,
LFP_normal_vin_335_vin_335_discharge_8,D:\作业\论文复现\基线模型\mtad-gat-pytorch\datasets\CH-BATTERY\LFP\normal\vin_335\vin_335_discharge_8.csv,LFP/normal/vin_335/vin_335_discharge_8.csv,LFP,normal,vin_335,discharge,8,0,,,,
LFP_normal_vin_335_vin_335_discharge_9,D:\作业\论文复现\基线模型\mtad-gat-pytorch\datasets\CH-BATTERY\LFP\normal\vin_335\vin_335_discharge_9.csv,LFP/normal/vin_335/vin_335_discharge_9.csv,LFP,normal,vin_335,discharge,9,0,,,,
LFP_normal_vin_335_vin_335_discharge_10,D:\作业\论文复现\基线模型\mtad-gat-pytorch\datasets\CH-BATTERY\LFP\normal\vin_335\vin_335_discharge_10.csv,LFP/normal/vin_335/vin_335_discharge_10.csv,LFP,normal,vin_335,discharge,10,0,,,,
LFP_normal_vin_336_vin_336_discharge_1,D:\作业\论文复现\基线模型\mtad-gat-pytorch\datasets\CH-BATTERY\LFP\normal\vin_336\vin_336_discharge_1.csv,LFP/normal/vin_336/vin_336_discharge_1.csv,LFP,normal,vin_336,discharge,1,0,,,,
LFP_normal_vin_336_vin_336_discharge_2,D:\作业\论文复现\基线模型\mtad-gat-pytorch\datasets\CH-BATTERY\LFP\normal\vin_336\vin_336_discharge_2.csv,LFP/normal/vin_336/vin_336_discharge_2.csv,LFP,normal,vin_336,discharge,2,0,,,,
LFP_normal_vin_336_vin_336_discharge_3,D:\作业\论文复现\基线模型\mtad-gat-pytorch\datasets\CH-BATTERY\LFP\normal\vin_336\vin_336_discharge_3.csv,LFP/normal/vin_336/vin_336_discharge_3.csv,LFP,normal,vin_336,discharge,3,0,,,,
LFP_normal_vin_336_vin_336_discharge_4,D:\作业\论文复现\基线模型\mtad-gat-pytorch\datasets\CH-BATTERY\LFP\normal\vin_336\vin_336_discharge_4.csv,LFP/normal/vin_336/vin_336_discharge_4.csv,LFP,normal,vin_336,discharge,4,0,,,,
LFP_normal_vin_336_vin_336_discharge_5,D:\作业\论文复现\基线模型\mtad-gat-pytorch\datasets\CH-BATTERY\LFP\normal\vin_336\vin_336_discharge_5.csv,LFP/normal/vin_336/vin_336_discharge_5.csv,LFP,normal,vin_336,discharge,5,0,,,,
LFP_normal_vin_336_vin_336_discharge_6,D:\作业\论文复现\基线模型\mtad-gat-pytorch\datasets\CH-BATTERY\LFP\normal\vin_336\vin_336_discharge_6.csv,LFP/normal/vin_336/vin_336_discharge_6.csv,LFP,normal,vin_336,discharge,6,0,,,,
LFP_normal_vin_336_vin_336_discharge_7,D:\作业\论文复现\基线模型\mtad-gat-pytorch\datasets\CH-BATTERY\LFP\normal\vin_336\vin_336_discharge_7.csv,LFP/normal/vin_336/vin_336_discharge_7.csv,LFP,normal,vin_336,discharge,7,0,,,,
LFP_normal_vin_336_vin_336_discharge_8,D:\作业\论文复现\基线模型\mtad-gat-pytorch\datasets\CH-BATTERY\LFP\normal\vin_336\vin_336_discharge_8.csv,LFP/normal/vin_336/vin_336_discharge_8.csv,LFP,normal,vin_336,discharge,8,0,,,,
LFP_normal_vin_336_vin_336_discharge_9,D:\作业\论文复现\基线模型\mtad-gat-pytorch\datasets\CH-BATTERY\LFP\normal\vin_336\vin_336_discharge_9.csv,LFP/normal/vin_336/vin_336_discharge_9.csv,LFP,normal,vin_336,discharge,9,0,,,,
LFP_normal_vin_336_vin_336_discharge_10,D:\作业\论文复现\基线模型\mtad-gat-pytorch\datasets\CH-BATTERY\LFP\normal\vin_336\vin_336_discharge_10.csv,LFP/normal/vin_336/vin_336_discharge_10.csv,LFP,normal,vin_336,discharge,10,0,,,,
LFP_normal_vin_337_vin_337_discharge_1,D:\作业\论文复现\基线模型\mtad-gat-pytorch\datasets\CH-BATTERY\LFP\normal\vin_337\vin_337_discharge_1.csv,LFP/normal/vin_337/vin_337_discharge_1.csv,LFP,normal,vin_337,discharge,1,0,,,,
LFP_normal_vin_337_vin_337_discharge_2,D:\作业\论文复现\基线模型\mtad-gat-pytorch\datasets\CH-BATTERY\LFP\normal\vin_337\vin_337_discharge_2.csv,LFP/normal/vin_337/vin_337_discharge_2.csv,LFP,normal,vin_337,discharge,2,0,,,,
LFP_normal_vin_337_vin_337_discharge_3,D:\作业\论文复现\基线模型\mtad-gat-pytorch\datasets\CH-BATTERY\LFP\normal\vin_337\vin_337_discharge_3.csv,LFP/normal/vin_337/vin_337_discharge_3.csv,LFP,normal,vin_337,discharge,3,0,,,,
LFP_normal_vin_337_vin_337_discharge_4,D:\作业\论文复现\基线模型\mtad-gat-pytorch\datasets\CH-BATTERY\LFP\normal\vin_337\vin_337_discharge_4.csv,LFP/normal/vin_337/vin_337_discharge_4.csv,LFP,normal,vin_337,discharge,4,0,,,,
LFP_normal_vin_337_vin_337_discharge_5,D:\作业\论文复现\基线模型\mtad-gat-pytorch\datasets\CH-BATTERY\LFP\normal\vin_337\vin_337_discharge_5.csv,LFP/normal/vin_337/vin_337_discharge_5.csv,LFP,normal,vin_337,discharge,5,0,,,,
LFP_normal_vin_337_vin_337_discharge_6,D:\作业\论文复现\基线模型\mtad-gat-pytorch\datasets\CH-BATTERY\LFP\normal\vin_337\vin_337_discharge_6.csv,LFP/normal/vin_337/vin_337_discharge_6.csv,LFP,normal,vin_337,discharge,6,0,,,,
LFP_normal_vin_337_vin_337_discharge_7,D:\作业\论文复现\基线模型\mtad-gat-pytorch\datasets\CH-BATTERY\LFP\normal\vin_337\vin_337_discharge_7.csv,LFP/normal/vin_337/vin_337_discharge_7.csv,LFP,normal,vin_337,discharge,7,0,,,,
LFP_normal_vin_337_vin_337_discharge_8,D:\作业\论文复现\基线模型\mtad-gat-pytorch\datasets\CH-BATTERY\LFP\normal\vin_337\vin_337_discharge_8.csv,LFP/normal/vin_337/vin_337_discharge_8.csv,LFP,normal,vin_337,discharge,8,0,,,,
LFP_normal_vin_337_vin_337_discharge_9,D:\作业\论文复现\基线模型\mtad-gat-pytorch\datasets\CH-BATTERY\LFP\normal\vin_337\vin_337_discharge_9.csv,LFP/normal/vin_337/vin_337_discharge_9.csv,LFP,normal,vin_337,discharge,9,0,,,,
LFP_normal_vin_337_vin_337_discharge_10,D:\作业\论文复现\基线模型\mtad-gat-pytorch\datasets\CH-BATTERY\LFP\normal\vin_337\vin_337_discharge_10.csv,LFP/normal/vin_337/vin_337_discharge_10.csv,LFP,normal,vin_337,discharge,10,0,,,,
LFP_normal_vin_338_vin_338_discharge_1,D:\作业\论文复现\基线模型\mtad-gat-pytorch\datasets\CH-BATTERY\LFP\normal\vin_338\vin_338_discharge_1.csv,LFP/normal/vin_338/vin_338_discharge_1.csv,LFP,normal,vin_338,discharge,1,0,,,,
LFP_normal_vin_338_vin_338_discharge_2,D:\作业\论文复现\基线模型\mtad-gat-pytorch\datasets\CH-BATTERY\LFP\normal\vin_338\vin_338_discharge_2.csv,LFP/normal/vin_338/vin_338_discharge_2.csv,LFP,normal,vin_338,discharge,2,0,,,,
LFP_normal_vin_338_vin_338_discharge_3,D:\作业\论文复现\基线模型\mtad-gat-pytorch\datasets\CH-BATTERY\LFP\normal\vin_338\vin_338_discharge_3.csv,LFP/normal/vin_338/vin_338_discharge_3.csv,LFP,normal,vin_338,discharge,3,0,,,,
LFP_normal_vin_338_vin_338_discharge_4,D:\作业\论文复现\基线模型\mtad-gat-pytorch\datasets\CH-BATTERY\LFP\normal\vin_338\vin_338_discharge_4.csv,LFP/normal/vin_338/vin_338_discharge_4.csv,LFP,normal,vin_338,discharge,4,0,,,,
LFP_normal_vin_338_vin_338_discharge_5,D:\作业\论文复现\基线模型\mtad-gat-pytorch\datasets\CH-BATTERY\LFP\normal\vin_338\vin_338_discharge_5.csv,LFP/normal/vin_338/vin_338_discharge_5.csv,LFP,normal,vin_338,discharge,5,0,,,,
LFP_normal_vin_338_vin_338_discharge_6,D:\作业\论文复现\基线模型\mtad-gat-pytorch\datasets\CH-BATTERY\LFP\normal\vin_338\vin_338_discharge_6.csv,LFP/normal/vin_338/vin_338_discharge_6.csv,LFP,normal,vin_338,discharge,6,0,,,,
LFP_normal_vin_338_vin_338_discharge_7,D:\作业\论文复现\基线模型\mtad-gat-pytorch\datasets\CH-BATTERY\LFP\normal\vin_338\vin_338_discharge_7.csv,LFP/normal/vin_338/vin_338_discharge_7.csv,LFP,normal,vin_338,discharge,7,0,,,,
LFP_normal_vin_338_vin_338_discharge_8,D:\作业\论文复现\基线模型\mtad-gat-pytorch\datasets\CH-BATTERY\LFP\normal\vin_338\vin_338_discharge_8.csv,LFP/normal/vin_338/vin_338_discharge_8.csv,LFP,normal,vin_338,discharge,8,0,,,,
LFP_normal_vin_338_vin_338_discharge_9,D:\作业\论文复现\基线模型\mtad-gat-pytorch\datasets\CH-BATTERY\LFP\normal\vin_338\vin_338_discharge_9.csv,LFP/normal/vin_338/vin_338_discharge_9.csv,LFP,normal,vin_338,discharge,9,0,,,,
LFP_normal_vin_338_vin_338_discharge_10,D:\作业\论文复现\基线模型\mtad-gat-pytorch\datasets\CH-BATTERY\LFP\normal\vin_338\vin_338_discharge_10.csv,LFP/normal/vin_338/vin_338_discharge_10.csv,LFP,normal,vin_338,discharge,10,0,,,,
LFP_normal_vin_339_vin_339_discharge_1,D:\作业\论文复现\基线模型\mtad-gat-pytorch\datasets\CH-BATTERY\LFP\normal\vin_339\vin_339_discharge_1.csv,LFP/normal/vin_339/vin_339_discharge_1.csv,LFP,normal,vin_339,discharge,1,0,,,,
LFP_normal_vin_339_vin_339_discharge_2,D:\作业\论文复现\基线模型\mtad-gat-pytorch\datasets\CH-BATTERY\LFP\normal\vin_339\vin_339_discharge_2.csv,LFP/normal/vin_339/vin_339_discharge_2.csv,LFP,normal,vin_339,discharge,2,0,,,,
LFP_normal_vin_339_vin_339_discharge_3,D:\作业\论文复现\基线模型\mtad-gat-pytorch\datasets\CH-BATTERY\LFP\normal\vin_339\vin_339_discharge_3.csv,LFP/normal/vin_339/vin_339_discharge_3.csv,LFP,normal,vin_339,discharge,3,0,,,,
LFP_normal_vin_339_vin_339_discharge_4,D:\作业\论文复现\基线模型\mtad-gat-pytorch\datasets\CH-BATTERY\LFP\normal\vin_339\vin_339_discharge_4.csv,LFP/normal/vin_339/vin_339_discharge_4.csv,LFP,normal,vin_339,discharge,4,0,,,,
LFP_normal_vin_339_vin_339_discharge_5,D:\作业\论文复现\基线模型\mtad-gat-pytorch\datasets\CH-BATTERY\LFP\normal\vin_339\vin_339_discharge_5.csv,LFP/normal/vin_339/vin_339_discharge_5.csv,LFP,normal,vin_339,discharge,5,0,,,,
LFP_normal_vin_339_vin_339_discharge_6,D:\作业\论文复现\基线模型\mtad-gat-pytorch\datasets\CH-BATTERY\LFP\normal\vin_339\vin_339_discharge_6.csv,LFP/normal/vin_339/vin_339_discharge_6.csv,LFP,normal,vin_339,discharge,6,0,,,,
LFP_normal_vin_339_vin_339_discharge_7,D:\作业\论文复现\基线模型\mtad-gat-pytorch\datasets\CH-BATTERY\LFP\normal\vin_339\vin_339_discharge_7.csv,LFP/normal/vin_339/vin_339_discharge_7.csv,LFP,normal,vin_339,discharge,7,0,,,,
LFP_normal_vin_339_vin_339_discharge_8,D:\作业\论文复现\基线模型\mtad-gat-pytorch\datasets\CH-BATTERY\LFP\normal\vin_339\vin_339_discharge_8.csv,LFP/normal/vin_339/vin_339_discharge_8.csv,LFP,normal,vin_339,discharge,8,0,,,,
LFP_normal_vin_339_vin_339_discharge_9,D:\作业\论文复现\基线模型\mtad-gat-pytorch\datasets\CH-BATTERY\LFP\normal\vin_339\vin_339_discharge_9.csv,LFP/normal/vin_339/vin_339_discharge_9.csv,LFP,normal,vin_339,discharge,9,0,,,,
LFP_normal_vin_339_vin_339_discharge_10,D:\作业\论文复现\基线模型\mtad-gat-pytorch\datasets\CH-BATTERY\LFP\normal\vin_339\vin_339_discharge_10.csv,LFP/normal/vin_339/vin_339_discharge_10.csv,LFP,normal,vin_339,discharge,10,0,,,,
LFP_normal_vin_341_vin_341_discharge_1,D:\作业\论文复现\基线模型\mtad-gat-pytorch\datasets\CH-BATTERY\LFP\normal\vin_341\vin_341_discharge_1.csv,LFP/normal/vin_341/vin_341_discharge_1.csv,LFP,normal,vin_341,discharge,1,0,,,,
LFP_normal_vin_341_vin_341_discharge_2,D:\作业\论文复现\基线模型\mtad-gat-pytorch\datasets\CH-BATTERY\LFP\normal\vin_341\vin_341_discharge_2.csv,LFP/normal/vin_341/vin_341_discharge_2.csv,LFP,normal,vin_341,discharge,2,0,,,,
LFP_normal_vin_341_vin_341_discharge_3,D:\作业\论文复现\基线模型\mtad-gat-pytorch\datasets\CH-BATTERY\LFP\normal\vin_341\vin_341_discharge_3.csv,LFP/normal/vin_341/vin_341_discharge_3.csv,LFP,normal,vin_341,discharge,3,0,,,,
LFP_normal_vin_341_vin_341_discharge_4,D:\作业\论文复现\基线模型\mtad-gat-pytorch\datasets\CH-BATTERY\LFP\normal\vin_341\vin_341_discharge_4.csv,LFP/normal/vin_341/vin_341_discharge_4.csv,LFP,normal,vin_341,discharge,4,0,,,,
LFP_normal_vin_341_vin_341_discharge_5,D:\作业\论文复现\基线模型\mtad-gat-pytorch\datasets\CH-BATTERY\LFP\normal\vin_341\vin_341_discharge_5.csv,LFP/normal/vin_341/vin_341_discharge_5.csv,LFP,normal,vin_341,discharge,5,0,,,,
LFP_normal_vin_341_vin_341_discharge_6,D:\作业\论文复现\基线模型\mtad-gat-pytorch\datasets\CH-BATTERY\LFP\normal\vin_341\vin_341_discharge_6.csv,LFP/normal/vin_341/vin_341_discharge_6.csv,LFP,normal,vin_341,discharge,6,0,,,,
LFP_normal_vin_341_vin_341_discharge_7,D:\作业\论文复现\基线模型\mtad-gat-pytorch\datasets\CH-BATTERY\LFP\normal\vin_341\vin_341_discharge_7.csv,LFP/normal/vin_341/vin_341_discharge_7.csv,LFP,normal,vin_341,discharge,7,0,,,,
LFP_normal_vin_341_vin_341_discharge_8,D:\作业\论文复现\基线模型\mtad-gat-pytorch\datasets\CH-BATTERY\LFP\normal\vin_341\vin_341_discharge_8.csv,LFP/normal/vin_341/vin_341_discharge_8.csv,LFP,normal,vin_341,discharge,8,0,,,,
LFP_normal_vin_341_vin_341_discharge_9,D:\作业\论文复现\基线模型\mtad-gat-pytorch\datasets\CH-BATTERY\LFP\normal\vin_341\vin_341_discharge_9.csv,LFP/normal/vin_341/vin_341_discharge_9.csv,LFP,normal,vin_341,discharge,9,0,,,,
LFP_normal_vin_341_vin_341_discharge_10,D:\作业\论文复现\基线模型\mtad-gat-pytorch\datasets\CH-BATTERY\LFP\normal\vin_341\vin_341_discharge_10.csv,LFP/normal/vin_341/vin_341_discharge_10.csv,LFP,normal,vin_341,discharge,10,0,,,,
LFP_normal_vin_342_vin_342_discharge_1,D:\作业\论文复现\基线模型\mtad-gat-pytorch\datasets\CH-BATTERY\LFP\normal\vin_342\vin_342_discharge_1.csv,LFP/normal/vin_342/vin_342_discharge_1.csv,LFP,normal,vin_342,discharge,1,0,,,,
LFP_normal_vin_342_vin_342_discharge_2,D:\作业\论文复现\基线模型\mtad-gat-pytorch\datasets\CH-BATTERY\LFP\normal\vin_342\vin_342_discharge_2.csv,LFP/normal/vin_342/vin_342_discharge_2.csv,LFP,normal,vin_342,discharge,2,0,,,,
LFP_normal_vin_342_vin_342_discharge_3,D:\作业\论文复现\基线模型\mtad-gat-pytorch\datasets\CH-BATTERY\LFP\normal\vin_342\vin_342_discharge_3.csv,LFP/normal/vin_342/vin_342_discharge_3.csv,LFP,normal,vin_342,discharge,3,0,,,,
LFP_normal_vin_342_vin_342_discharge_4,D:\作业\论文复现\基线模型\mtad-gat-pytorch\datasets\CH-BATTERY\LFP\normal\vin_342\vin_342_discharge_4.csv,LFP/normal/vin_342/vin_342_discharge_4.csv,LFP,normal,vin_342,discharge,4,0,,,,
LFP_normal_vin_342_vin_342_discharge_5,D:\作业\论文复现\基线模型\mtad-gat-pytorch\datasets\CH-BATTERY\LFP\normal\vin_342\vin_342_discharge_5.csv,LFP/normal/vin_342/vin_342_discharge_5.csv,LFP,normal,vin_342,discharge,5,0,,,,
LFP_normal_vin_342_vin_342_discharge_6,D:\作业\论文复现\基线模型\mtad-gat-pytorch\datasets\CH-BATTERY\LFP\normal\vin_342\vin_342_discharge_6.csv,LFP/normal/vin_342/vin_342_discharge_6.csv,LFP,normal,vin_342,discharge,6,0,,,,
LFP_normal_vin_342_vin_342_discharge_7,D:\作业\论文复现\基线模型\mtad-gat-pytorch\datasets\CH-BATTERY\LFP\normal\vin_342\vin_342_discharge_7.csv,LFP/normal/vin_342/vin_342_discharge_7.csv,LFP,normal,vin_342,discharge,7,0,,,,
LFP_normal_vin_342_vin_342_discharge_8,D:\作业\论文复现\基线模型\mtad-gat-pytorch\datasets\CH-BATTERY\LFP\normal\vin_342\vin_342_discharge_8.csv,LFP/normal/vin_342/vin_342_discharge_8.csv,LFP,normal,vin_342,discharge,8,0,,,,
LFP_normal_vin_342_vin_342_discharge_9,D:\作业\论文复现\基线模型\mtad-gat-pytorch\datasets\CH-BATTERY\LFP\normal\vin_342\vin_342_discharge_9.csv,LFP/normal/vin_342/vin_342_discharge_9.csv,LFP,normal,vin_342,discharge,9,0,,,,
LFP_normal_vin_342_vin_342_discharge_10,D:\作业\论文复现\基线模型\mtad-gat-pytorch\datasets\CH-BATTERY\LFP\normal\vin_342\vin_342_discharge_10.csv,LFP/normal/vin_342/vin_342_discharge_10.csv,LFP,normal,vin_342,discharge,10,0,,,,
LFP_normal_vin_345_vin_345_discharge_1,D:\作业\论文复现\基线模型\mtad-gat-pytorch\datasets\CH-BATTERY\LFP\normal\vin_345\vin_345_discharge_1.csv,LFP/normal/vin_345/vin_345_discharge_1.csv,LFP,normal,vin_345,discharge,1,0,,,,
LFP_normal_vin_345_vin_345_discharge_2,D:\作业\论文复现\基线模型\mtad-gat-pytorch\datasets\CH-BATTERY\LFP\normal\vin_345\vin_345_discharge_2.csv,LFP/normal/vin_345/vin_345_discharge_2.csv,LFP,normal,vin_345,discharge,2,0,,,,
LFP_normal_vin_345_vin_345_discharge_3,D:\作业\论文复现\基线模型\mtad-gat-pytorch\datasets\CH-BATTERY\LFP\normal\vin_345\vin_345_discharge_3.csv,LFP/normal/vin_345/vin_345_discharge_3.csv,LFP,normal,vin_345,discharge,3,0,,,,
LFP_normal_vin_345_vin_345_discharge_4,D:\作业\论文复现\基线模型\mtad-gat-pytorch\datasets\CH-BATTERY\LFP\normal\vin_345\vin_345_discharge_4.csv,LFP/normal/vin_345/vin_345_discharge_4.csv,LFP,normal,vin_345,discharge,4,0,,,,
LFP_normal_vin_345_vin_345_discharge_5,D:\作业\论文复现\基线模型\mtad-gat-pytorch\datasets\CH-BATTERY\LFP\normal\vin_345\vin_345_discharge_5.csv,LFP/normal/vin_345/vin_345_discharge_5.csv,LFP,normal,vin_345,discharge,5,0,,,,
LFP_normal_vin_345_vin_345_discharge_6,D:\作业\论文复现\基线模型\mtad-gat-pytorch\datasets\CH-BATTERY\LFP\normal\vin_345\vin_345_discharge_6.csv,LFP/normal/vin_345/vin_345_discharge_6.csv,LFP,normal,vin_345,discharge,6,0,,,,
LFP_normal_vin_345_vin_345_discharge_7,D:\作业\论文复现\基线模型\mtad-gat-pytorch\datasets\CH-BATTERY\LFP\normal\vin_345\vin_345_discharge_7.csv,LFP/normal/vin_345/vin_345_discharge_7.csv,LFP,normal,vin_345,discharge,7,0,,,,
LFP_normal_vin_345_vin_345_discharge_8,D:\作业\论文复现\基线模型\mtad-gat-pytorch\datasets\CH-BATTERY\LFP\normal\vin_345\vin_345_discharge_8.csv,LFP/normal/vin_345/vin_345_discharge_8.csv,LFP,normal,vin_345,discharge,8,0,,,,
LFP_normal_vin_345_vin_345_discharge_9,D:\作业\论文复现\基线模型\mtad-gat-pytorch\datasets\CH-BATTERY\LFP\normal\vin_345\vin_345_discharge_9.csv,LFP/normal/vin_345/vin_345_discharge_9.csv,LFP,normal,vin_345,discharge,9,0,,,,
LFP_normal_vin_345_vin_345_discharge_10,D:\作业\论文复现\基线模型\mtad-gat-pytorch\datasets\CH-BATTERY\LFP\normal\vin_345\vin_345_discharge_10.csv,LFP/normal/vin_345/vin_345_discharge_10.csv,LFP,normal,vin_345,discharge,10,0,,,,
LFP_normal_vin_348_vin_348_discharge_1,D:\作业\论文复现\基线模型\mtad-gat-pytorch\datasets\CH-BATTERY\LFP\normal\vin_348\vin_348_discharge_1.csv,LFP/normal/vin_348/vin_348_discharge_1.csv,LFP,normal,vin_348,discharge,1,0,,,,
LFP_normal_vin_348_vin_348_discharge_2,D:\作业\论文复现\基线模型\mtad-gat-pytorch\datasets\CH-BATTERY\LFP\normal\vin_348\vin_348_discharge_2.csv,LFP/normal/vin_348/vin_348_discharge_2.csv,LFP,normal,vin_348,discharge,2,0,,,,
LFP_normal_vin_348_vin_348_discharge_3,D:\作业\论文复现\基线模型\mtad-gat-pytorch\datasets\CH-BATTERY\LFP\normal\vin_348\vin_348_discharge_3.csv,LFP/normal/vin_348/vin_348_discharge_3.csv,LFP,normal,vin_348,discharge,3,0,,,,
LFP_normal_vin_348_vin_348_discharge_4,D:\作业\论文复现\基线模型\mtad-gat-pytorch\datasets\CH-BATTERY\LFP\normal\vin_348\vin_348_discharge_4.csv,LFP/normal/vin_348/vin_348_discharge_4.csv,LFP,normal,vin_348,discharge,4,0,,,,
LFP_normal_vin_348_vin_348_discharge_5,D:\作业\论文复现\基线模型\mtad-gat-pytorch\datasets\CH-BATTERY\LFP\normal\vin_348\vin_348_discharge_5.csv,LFP/normal/vin_348/vin_348_discharge_5.csv,LFP,normal,vin_348,discharge,5,0,,,,
LFP_normal_vin_348_vin_348_discharge_6,D:\作业\论文复现\基线模型\mtad-gat-pytorch\datasets\CH-BATTERY\LFP\normal\vin_348\vin_348_discharge_6.csv,LFP/normal/vin_348/vin_348_discharge_6.csv,LFP,normal,vin_348,discharge,6,0,,,,
LFP_normal_vin_348_vin_348_discharge_7,D:\作业\论文复现\基线模型\mtad-gat-pytorch\datasets\CH-BATTERY\LFP\normal\vin_348\vin_348_discharge_7.csv,LFP/normal/vin_348/vin_348_discharge_7.csv,LFP,normal,vin_348,discharge,7,0,,,,
LFP_normal_vin_348_vin_348_discharge_8,D:\作业\论文复现\基线模型\mtad-gat-pytorch\datasets\CH-BATTERY\LFP\normal\vin_348\vin_348_discharge_8.csv,LFP/normal/vin_348/vin_348_discharge_8.csv,LFP,normal,vin_348,discharge,8,0,,,,
LFP_normal_vin_348_vin_348_discharge_9,D:\作业\论文复现\基线模型\mtad-gat-pytorch\datasets\CH-BATTERY\LFP\normal\vin_348\vin_348_discharge_9.csv,LFP/normal/vin_348/vin_348_discharge_9.csv,LFP,normal,vin_348,discharge,9,0,,,,
LFP_normal_vin_348_vin_348_discharge_10,D:\作业\论文复现\基线模型\mtad-gat-pytorch\datasets\CH-BATTERY\LFP\normal\vin_348\vin_348_discharge_10.csv,LFP/normal/vin_348/vin_348_discharge_10.csv,LFP,normal,vin_348,discharge,10,0,,,,
LFP_normal_vin_349_vin_349_discharge_1,D:\作业\论文复现\基线模型\mtad-gat-pytorch\datasets\CH-BATTERY\LFP\normal\vin_349\vin_349_discharge_1.csv,LFP/normal/vin_349/vin_349_discharge_1.csv,LFP,normal,vin_349,discharge,1,0,,,,
LFP_normal_vin_349_vin_349_discharge_2,D:\作业\论文复现\基线模型\mtad-gat-pytorch\datasets\CH-BATTERY\LFP\normal\vin_349\vin_349_discharge_2.csv,LFP/normal/vin_349/vin_349_discharge_2.csv,LFP,normal,vin_349,discharge,2,0,,,,
LFP_normal_vin_349_vin_349_discharge_3,D:\作业\论文复现\基线模型\mtad-gat-pytorch\datasets\CH-BATTERY\LFP\normal\vin_349\vin_349_discharge_3.csv,LFP/normal/vin_349/vin_349_discharge_3.csv,LFP,normal,vin_349,discharge,3,0,,,,
LFP_normal_vin_349_vin_349_discharge_4,D:\作业\论文复现\基线模型\mtad-gat-pytorch\datasets\CH-BATTERY\LFP\normal\vin_349\vin_349_discharge_4.csv,LFP/normal/vin_349/vin_349_discharge_4.csv,LFP,normal,vin_349,discharge,4,0,,,,
LFP_normal_vin_349_vin_349_discharge_5,D:\作业\论文复现\基线模型\mtad-gat-pytorch\datasets\CH-BATTERY\LFP\normal\vin_349\vin_349_discharge_5.csv,LFP/normal/vin_349/vin_349_discharge_5.csv,LFP,normal,vin_349,discharge,5,0,,,,
LFP_normal_vin_349_vin_349_discharge_6,D:\作业\论文复现\基线模型\mtad-gat-pytorch\datasets\CH-BATTERY\LFP\normal\vin_349\vin_349_discharge_6.csv,LFP/normal/vin_349/vin_349_discharge_6.csv,LFP,normal,vin_349,discharge,6,0,,,,
LFP_normal_vin_349_vin_349_discharge_7,D:\作业\论文复现\基线模型\mtad-gat-pytorch\datasets\CH-BATTERY\LFP\normal\vin_349\vin_349_discharge_7.csv,LFP/normal/vin_349/vin_349_discharge_7.csv,LFP,normal,vin_349,discharge,7,0,,,,
LFP_normal_vin_349_vin_349_discharge_8,D:\作业\论文复现\基线模型\mtad-gat-pytorch\datasets\CH-BATTERY\LFP\normal\vin_349\vin_349_discharge_8.csv,LFP/normal/vin_349/vin_349_discharge_8.csv,LFP,normal,vin_349,discharge,8,0,,,,
LFP_normal_vin_349_vin_349_discharge_9,D:\作业\论文复现\基线模型\mtad-gat-pytorch\datasets\CH-BATTERY\LFP\normal\vin_349\vin_349_discharge_9.csv,LFP/normal/vin_349/vin_349_discharge_9.csv,LFP,normal,vin_349,discharge,9,0,,,,
LFP_normal_vin_349_vin_349_discharge_10,D:\作业\论文复现\基线模型\mtad-gat-pytorch\datasets\CH-BATTERY\LFP\normal\vin_349\vin_349_discharge_10.csv,LFP/normal/vin_349/vin_349_discharge_10.csv,LFP,normal,vin_349,discharge,10,0,,,,
LFP_normal_vin_350_vin_350_discharge_1,D:\作业\论文复现\基线模型\mtad-gat-pytorch\datasets\CH-BATTERY\LFP\normal\vin_350\vin_350_discharge_1.csv,LFP/normal/vin_350/vin_350_discharge_1.csv,LFP,normal,vin_350,discharge,1,0,,,,
LFP_normal_vin_350_vin_350_discharge_2,D:\作业\论文复现\基线模型\mtad-gat-pytorch\datasets\CH-BATTERY\LFP\normal\vin_350\vin_350_discharge_2.csv,LFP/normal/vin_350/vin_350_discharge_2.csv,LFP,normal,vin_350,discharge,2,0,,,,
LFP_normal_vin_350_vin_350_discharge_3,D:\作业\论文复现\基线模型\mtad-gat-pytorch\datasets\CH-BATTERY\LFP\normal\vin_350\vin_350_discharge_3.csv,LFP/normal/vin_350/vin_350_discharge_3.csv,LFP,normal,vin_350,discharge,3,0,,,,
LFP_normal_vin_350_vin_350_discharge_4,D:\作业\论文复现\基线模型\mtad-gat-pytorch\datasets\CH-BATTERY\LFP\normal\vin_350\vin_350_discharge_4.csv,LFP/normal/vin_350/vin_350_discharge_4.csv,LFP,normal,vin_350,discharge,4,0,,,,
LFP_normal_vin_350_vin_350_discharge_5,D:\作业\论文复现\基线模型\mtad-gat-pytorch\datasets\CH-BATTERY\LFP\normal\vin_350\vin_350_discharge_5.csv,LFP/normal/vin_350/vin_350_discharge_5.csv,LFP,normal,vin_350,discharge,5,0,,,,
LFP_normal_vin_350_vin_350_discharge_6,D:\作业\论文复现\基线模型\mtad-gat-pytorch\datasets\CH-BATTERY\LFP\normal\vin_350\vin_350_discharge_6.csv,LFP/normal/vin_350/vin_350_discharge_6.csv,LFP,normal,vin_350,discharge,6,0,,,,
LFP_normal_vin_350_vin_350_discharge_7,D:\作业\论文复现\基线模型\mtad-gat-pytorch\datasets\CH-BATTERY\LFP\normal\vin_350\vin_350_discharge_7.csv,LFP/normal/vin_350/vin_350_discharge_7.csv,LFP,normal,vin_350,discharge,7,0,,,,
LFP_normal_vin_350_vin_350_discharge_8,D:\作业\论文复现\基线模型\mtad-gat-pytorch\datasets\CH-BATTERY\LFP\normal\vin_350\vin_350_discharge_8.csv,LFP/normal/vin_350/vin_350_discharge_8.csv,LFP,normal,vin_350,discharge,8,0,,,,
LFP_normal_vin_350_vin_350_discharge_9,D:\作业\论文复现\基线模型\mtad-gat-pytorch\datasets\CH-BATTERY\LFP\normal\vin_350\vin_350_discharge_9.csv,LFP/normal/vin_350/vin_350_discharge_9.csv,LFP,normal,vin_350,discharge,9,0,,,,
LFP_normal_vin_350_vin_350_discharge_10,D:\作业\论文复现\基线模型\mtad-gat-pytorch\datasets\CH-BATTERY\LFP\normal\vin_350\vin_350_discharge_10.csv,LFP/normal/vin_350/vin_350_discharge_10.csv,LFP,normal,vin_350,discharge,10,0,,,,
LFP_normal_vin_351_vin_351_discharge_1,D:\作业\论文复现\基线模型\mtad-gat-pytorch\datasets\CH-BATTERY\LFP\normal\vin_351\vin_351_discharge_1.csv,LFP/normal/vin_351/vin_351_discharge_1.csv,LFP,normal,vin_351,discharge,1,0,,,,
LFP_normal_vin_351_vin_351_discharge_2,D:\作业\论文复现\基线模型\mtad-gat-pytorch\datasets\CH-BATTERY\LFP\normal\vin_351\vin_351_discharge_2.csv,LFP/normal/vin_351/vin_351_discharge_2.csv,LFP,normal,vin_351,discharge,2,0,,,,
LFP_normal_vin_351_vin_351_discharge_3,D:\作业\论文复现\基线模型\mtad-gat-pytorch\datasets\CH-BATTERY\LFP\normal\vin_351\vin_351_discharge_3.csv,LFP/normal/vin_351/vin_351_discharge_3.csv,LFP,normal,vin_351,discharge,3,0,,,,
LFP_normal_vin_351_vin_351_discharge_4,D:\作业\论文复现\基线模型\mtad-gat-pytorch\datasets\CH-BATTERY\LFP\normal\vin_351\vin_351_discharge_4.csv,LFP/normal/vin_351/vin_351_discharge_4.csv,LFP,normal,vin_351,discharge,4,0,,,,
LFP_normal_vin_351_vin_351_discharge_5,D:\作业\论文复现\基线模型\mtad-gat-pytorch\datasets\CH-BATTERY\LFP\normal\vin_351\vin_351_discharge_5.csv,LFP/normal/vin_351/vin_351_discharge_5.csv,LFP,normal,vin_351,discharge,5,0,,,,
LFP_normal_vin_351_vin_351_discharge_6,D:\作业\论文复现\基线模型\mtad-gat-pytorch\datasets\CH-BATTERY\LFP\normal\vin_351\vin_351_discharge_6.csv,LFP/normal/vin_351/vin_351_discharge_6.csv,LFP,normal,vin_351,discharge,6,0,,,,
LFP_normal_vin_351_vin_351_discharge_7,D:\作业\论文复现\基线模型\mtad-gat-pytorch\datasets\CH-BATTERY\LFP\normal\vin_351\vin_351_discharge_7.csv,LFP/normal/vin_351/vin_351_discharge_7.csv,LFP,normal,vin_351,discharge,7,0,,,,
LFP_normal_vin_351_vin_351_discharge_8,D:\作业\论文复现\基线模型\mtad-gat-pytorch\datasets\CH-BATTERY\LFP\normal\vin_351\vin_351_discharge_8.csv,LFP/normal/vin_351/vin_351_discharge_8.csv,LFP,normal,vin_351,discharge,8,0,,,,
LFP_normal_vin_351_vin_351_discharge_9,D:\作业\论文复现\基线模型\mtad-gat-pytorch\datasets\CH-BATTERY\LFP\normal\vin_351\vin_351_discharge_9.csv,LFP/normal/vin_351/vin_351_discharge_9.csv,LFP,normal,vin_351,discharge,9,0,,,,
LFP_normal_vin_351_vin_351_discharge_10,D:\作业\论文复现\基线模型\mtad-gat-pytorch\datasets\CH-BATTERY\LFP\normal\vin_351\vin_351_discharge_10.csv,LFP/normal/vin_351/vin_351_discharge_10.csv,LFP,normal,vin_351,discharge,10,0,,,,
LFP_normal_vin_352_vin_352_discharge_1,D:\作业\论文复现\基线模型\mtad-gat-pytorch\datasets\CH-BATTERY\LFP\normal\vin_352\vin_352_discharge_1.csv,LFP/normal/vin_352/vin_352_discharge_1.csv,LFP,normal,vin_352,discharge,1,0,,,,
LFP_normal_vin_352_vin_352_discharge_2,D:\作业\论文复现\基线模型\mtad-gat-pytorch\datasets\CH-BATTERY\LFP\normal\vin_352\vin_352_discharge_2.csv,LFP/normal/vin_352/vin_352_discharge_2.csv,LFP,normal,vin_352,discharge,2,0,,,,
LFP_normal_vin_352_vin_352_discharge_3,D:\作业\论文复现\基线模型\mtad-gat-pytorch\datasets\CH-BATTERY\LFP\normal\vin_352\vin_352_discharge_3.csv,LFP/normal/vin_352/vin_352_discharge_3.csv,LFP,normal,vin_352,discharge,3,0,,,,
LFP_normal_vin_352_vin_352_discharge_4,D:\作业\论文复现\基线模型\mtad-gat-pytorch\datasets\CH-BATTERY\LFP\normal\vin_352\vin_352_discharge_4.csv,LFP/normal/vin_352/vin_352_discharge_4.csv,LFP,normal,vin_352,discharge,4,0,,,,
LFP_normal_vin_352_vin_352_discharge_5,D:\作业\论文复现\基线模型\mtad-gat-pytorch\datasets\CH-BATTERY\LFP\normal\vin_352\vin_352_discharge_5.csv,LFP/normal/vin_352/vin_352_discharge_5.csv,LFP,normal,vin_352,discharge,5,0,,,,
LFP_normal_vin_352_vin_352_discharge_6,D:\作业\论文复现\基线模型\mtad-gat-pytorch\datasets\CH-BATTERY\LFP\normal\vin_352\vin_352_discharge_6.csv,LFP/normal/vin_352/vin_352_discharge_6.csv,LFP,normal,vin_352,discharge,6,0,,,,
LFP_normal_vin_352_vin_352_discharge_7,D:\作业\论文复现\基线模型\mtad-gat-pytorch\datasets\CH-BATTERY\LFP\normal\vin_352\vin_352_discharge_7.csv,LFP/normal/vin_352/vin_352_discharge_7.csv,LFP,normal,vin_352,discharge,7,0,,,,
LFP_normal_vin_352_vin_352_discharge_8,D:\作业\论文复现\基线模型\mtad-gat-pytorch\datasets\CH-BATTERY\LFP\normal\vin_352\vin_352_discharge_8.csv,LFP/normal/vin_352/vin_352_discharge_8.csv,LFP,normal,vin_352,discharge,8,0,,,,
LFP_normal_vin_352_vin_352_discharge_9,D:\作业\论文复现\基线模型\mtad-gat-pytorch\datasets\CH-BATTERY\LFP\normal\vin_352\vin_352_discharge_9.csv,LFP/normal/vin_352/vin_352_discharge_9.csv,LFP,normal,vin_352,discharge,9,0,,,,
LFP_normal_vin_352_vin_352_discharge_10,D:\作业\论文复现\基线模型\mtad-gat-pytorch\datasets\CH-BATTERY\LFP\normal\vin_352\vin_352_discharge_10.csv,LFP/normal/vin_352/vin_352_discharge_10.csv,LFP,normal,vin_352,discharge,10,0,,,,
LFP_normal_vin_355_vin_355_discharge_1,D:\作业\论文复现\基线模型\mtad-gat-pytorch\datasets\CH-BATTERY\LFP\normal\vin_355\vin_355_discharge_1.csv,LFP/normal/vin_355/vin_355_discharge_1.csv,LFP,normal,vin_355,discharge,1,0,,,,
LFP_normal_vin_355_vin_355_discharge_2,D:\作业\论文复现\基线模型\mtad-gat-pytorch\datasets\CH-BATTERY\LFP\normal\vin_355\vin_355_discharge_2.csv,LFP/normal/vin_355/vin_355_discharge_2.csv,LFP,normal,vin_355,discharge,2,0,,,,
LFP_normal_vin_355_vin_355_discharge_3,D:\作业\论文复现\基线模型\mtad-gat-pytorch\datasets\CH-BATTERY\LFP\normal\vin_355\vin_355_discharge_3.csv,LFP/normal/vin_355/vin_355_discharge_3.csv,LFP,normal,vin_355,discharge,3,0,,,,
LFP_normal_vin_355_vin_355_discharge_4,D:\作业\论文复现\基线模型\mtad-gat-pytorch\datasets\CH-BATTERY\LFP\normal\vin_355\vin_355_discharge_4.csv,LFP/normal/vin_355/vin_355_discharge_4.csv,LFP,normal,vin_355,discharge,4,0,,,,
LFP_normal_vin_355_vin_355_discharge_5,D:\作业\论文复现\基线模型\mtad-gat-pytorch\datasets\CH-BATTERY\LFP\normal\vin_355\vin_355_discharge_5.csv,LFP/normal/vin_355/vin_355_discharge_5.csv,LFP,normal,vin_355,discharge,5,0,,,,
LFP_normal_vin_355_vin_355_discharge_6,D:\作业\论文复现\基线模型\mtad-gat-pytorch\datasets\CH-BATTERY\LFP\normal\vin_355\vin_355_discharge_6.csv,LFP/normal/vin_355/vin_355_discharge_6.csv,LFP,normal,vin_355,discharge,6,0,,,,
LFP_normal_vin_355_vin_355_discharge_7,D:\作业\论文复现\基线模型\mtad-gat-pytorch\datasets\CH-BATTERY\LFP\normal\vin_355\vin_355_discharge_7.csv,LFP/normal/vin_355/vin_355_discharge_7.csv,LFP,normal,vin_355,discharge,7,0,,,,
LFP_normal_vin_355_vin_355_discharge_8,D:\作业\论文复现\基线模型\mtad-gat-pytorch\datasets\CH-BATTERY\LFP\normal\vin_355\vin_355_discharge_8.csv,LFP/normal/vin_355/vin_355_discharge_8.csv,LFP,normal,vin_355,discharge,8,0,,,,
LFP_normal_vin_355_vin_355_discharge_9,D:\作业\论文复现\基线模型\mtad-gat-pytorch\datasets\CH-BATTERY\LFP\normal\vin_355\vin_355_discharge_9.csv,LFP/normal/vin_355/vin_355_discharge_9.csv,LFP,normal,vin_355,discharge,9,0,,,,
LFP_normal_vin_355_vin_355_discharge_10,D:\作业\论文复现\基线模型\mtad-gat-pytorch\datasets\CH-BATTERY\LFP\normal\vin_355\vin_355_discharge_10.csv,LFP/normal/vin_355/vin_355_discharge_10.csv,LFP,normal,vin_355,discharge,10,0,,,,
LFP_normal_vin_356_vin_356_discharge_1,D:\作业\论文复现\基线模型\mtad-gat-pytorch\datasets\CH-BATTERY\LFP\normal\vin_356\vin_356_discharge_1.csv,LFP/normal/vin_356/vin_356_discharge_1.csv,LFP,normal,vin_356,discharge,1,0,,,,
LFP_normal_vin_356_vin_356_discharge_2,D:\作业\论文复现\基线模型\mtad-gat-pytorch\datasets\CH-BATTERY\LFP\normal\vin_356\vin_356_discharge_2.csv,LFP/normal/vin_356/vin_356_discharge_2.csv,LFP,normal,vin_356,discharge,2,0,,,,
LFP_normal_vin_356_vin_356_discharge_3,D:\作业\论文复现\基线模型\mtad-gat-pytorch\datasets\CH-BATTERY\LFP\normal\vin_356\vin_356_discharge_3.csv,LFP/normal/vin_356/vin_356_discharge_3.csv,LFP,normal,vin_356,discharge,3,0,,,,
LFP_normal_vin_356_vin_356_discharge_4,D:\作业\论文复现\基线模型\mtad-gat-pytorch\datasets\CH-BATTERY\LFP\normal\vin_356\vin_356_discharge_4.csv,LFP/normal/vin_356/vin_356_discharge_4.csv,LFP,normal,vin_356,discharge,4,0,,,,
LFP_normal_vin_356_vin_356_discharge_5,D:\作业\论文复现\基线模型\mtad-gat-pytorch\datasets\CH-BATTERY\LFP\normal\vin_356\vin_356_discharge_5.csv,LFP/normal/vin_356/vin_356_discharge_5.csv,LFP,normal,vin_356,discharge,5,0,,,,
LFP_normal_vin_356_vin_356_discharge_6,D:\作业\论文复现\基线模型\mtad-gat-pytorch\datasets\CH-BATTERY\LFP\normal\vin_356\vin_356_discharge_6.csv,LFP/normal/vin_356/vin_356_discharge_6.csv,LFP,normal,vin_356,discharge,6,0,,,,
LFP_normal_vin_356_vin_356_discharge_7,D:\作业\论文复现\基线模型\mtad-gat-pytorch\datasets\CH-BATTERY\LFP\normal\vin_356\vin_356_discharge_7.csv,LFP/normal/vin_356/vin_356_discharge_7.csv,LFP,normal,vin_356,discharge,7,0,,,,
LFP_normal_vin_356_vin_356_discharge_8,D:\作业\论文复现\基线模型\mtad-gat-pytorch\datasets\CH-BATTERY\LFP\normal\vin_356\vin_356_discharge_8.csv,LFP/normal/vin_356/vin_356_discharge_8.csv,LFP,normal,vin_356,discharge,8,0,,,,
LFP_normal_vin_356_vin_356_discharge_9,D:\作业\论文复现\基线模型\mtad-gat-pytorch\datasets\CH-BATTERY\LFP\normal\vin_356\vin_356_discharge_9.csv,LFP/normal/vin_356/vin_356_discharge_9.csv,LFP,normal,vin_356,discharge,9,0,,,,
LFP_normal_vin_356_vin_356_discharge_10,D:\作业\论文复现\基线模型\mtad-gat-pytorch\datasets\CH-BATTERY\LFP\normal\vin_356\vin_356_discharge_10.csv,LFP/normal/vin_356/vin_356_discharge_10.csv,LFP,normal,vin_356,discharge,10,0,,,,
LFP_normal_vin_357_vin_357_discharge_1,D:\作业\论文复现\基线模型\mtad-gat-pytorch\datasets\CH-BATTERY\LFP\normal\vin_357\vin_357_discharge_1.csv,LFP/normal/vin_357/vin_357_discharge_1.csv,LFP,normal,vin_357,discharge,1,0,,,,
LFP_normal_vin_357_vin_357_discharge_2,D:\作业\论文复现\基线模型\mtad-gat-pytorch\datasets\CH-BATTERY\LFP\normal\vin_357\vin_357_discharge_2.csv,LFP/normal/vin_357/vin_357_discharge_2.csv,LFP,normal,vin_357,discharge,2,0,,,,
LFP_normal_vin_357_vin_357_discharge_3,D:\作业\论文复现\基线模型\mtad-gat-pytorch\datasets\CH-BATTERY\LFP\normal\vin_357\vin_357_discharge_3.csv,LFP/normal/vin_357/vin_357_discharge_3.csv,LFP,normal,vin_357,discharge,3,0,,,,
LFP_normal_vin_357_vin_357_discharge_4,D:\作业\论文复现\基线模型\mtad-gat-pytorch\datasets\CH-BATTERY\LFP\normal\vin_357\vin_357_discharge_4.csv,LFP/normal/vin_357/vin_357_discharge_4.csv,LFP,normal,vin_357,discharge,4,0,,,,
LFP_normal_vin_357_vin_357_discharge_5,D:\作业\论文复现\基线模型\mtad-gat-pytorch\datasets\CH-BATTERY\LFP\normal\vin_357\vin_357_discharge_5.csv,LFP/normal/vin_357/vin_357_discharge_5.csv,LFP,normal,vin_357,discharge,5,0,,,,
LFP_normal_vin_357_vin_357_discharge_6,D:\作业\论文复现\基线模型\mtad-gat-pytorch\datasets\CH-BATTERY\LFP\normal\vin_357\vin_357_discharge_6.csv,LFP/normal/vin_357/vin_357_discharge_6.csv,LFP,normal,vin_357,discharge,6,0,,,,
LFP_normal_vin_357_vin_357_discharge_7,D:\作业\论文复现\基线模型\mtad-gat-pytorch\datasets\CH-BATTERY\LFP\normal\vin_357\vin_357_discharge_7.csv,LFP/normal/vin_357/vin_357_discharge_7.csv,LFP,normal,vin_357,discharge,7,0,,,,
LFP_normal_vin_357_vin_357_discharge_8,D:\作业\论文复现\基线模型\mtad-gat-pytorch\datasets\CH-BATTERY\LFP\normal\vin_357\vin_357_discharge_8.csv,LFP/normal/vin_357/vin_357_discharge_8.csv,LFP,normal,vin_357,discharge,8,0,,,,
LFP_normal_vin_357_vin_357_discharge_9,D:\作业\论文复现\基线模型\mtad-gat-pytorch\datasets\CH-BATTERY\LFP\normal\vin_357\vin_357_discharge_9.csv,LFP/normal/vin_357/vin_357_discharge_9.csv,LFP,normal,vin_357,discharge,9,0,,,,
LFP_normal_vin_357_vin_357_discharge_10,D:\作业\论文复现\基线模型\mtad-gat-pytorch\datasets\CH-BATTERY\LFP\normal\vin_357\vin_357_discharge_10.csv,LFP/normal/vin_357/vin_357_discharge_10.csv,LFP,normal,vin_357,discharge,10,0,,,,
LFP_normal_vin_359_vin_359_discharge_1,D:\作业\论文复现\基线模型\mtad-gat-pytorch\datasets\CH-BATTERY\LFP\normal\vin_359\vin_359_discharge_1.csv,LFP/normal/vin_359/vin_359_discharge_1.csv,LFP,normal,vin_359,discharge,1,0,,,,
LFP_normal_vin_359_vin_359_discharge_2,D:\作业\论文复现\基线模型\mtad-gat-pytorch\datasets\CH-BATTERY\LFP\normal\vin_359\vin_359_discharge_2.csv,LFP/normal/vin_359/vin_359_discharge_2.csv,LFP,normal,vin_359,discharge,2,0,,,,
LFP_normal_vin_359_vin_359_discharge_3,D:\作业\论文复现\基线模型\mtad-gat-pytorch\datasets\CH-BATTERY\LFP\normal\vin_359\vin_359_discharge_3.csv,LFP/normal/vin_359/vin_359_discharge_3.csv,LFP,normal,vin_359,discharge,3,0,,,,
LFP_normal_vin_359_vin_359_discharge_4,D:\作业\论文复现\基线模型\mtad-gat-pytorch\datasets\CH-BATTERY\LFP\normal\vin_359\vin_359_discharge_4.csv,LFP/normal/vin_359/vin_359_discharge_4.csv,LFP,normal,vin_359,discharge,4,0,,,,
LFP_normal_vin_359_vin_359_discharge_5,D:\作业\论文复现\基线模型\mtad-gat-pytorch\datasets\CH-BATTERY\LFP\normal\vin_359\vin_359_discharge_5.csv,LFP/normal/vin_359/vin_359_discharge_5.csv,LFP,normal,vin_359,discharge,5,0,,,,
LFP_normal_vin_359_vin_359_discharge_6,D:\作业\论文复现\基线模型\mtad-gat-pytorch\datasets\CH-BATTERY\LFP\normal\vin_359\vin_359_discharge_6.csv,LFP/normal/vin_359/vin_359_discharge_6.csv,LFP,normal,vin_359,discharge,6,0,,,,
LFP_normal_vin_359_vin_359_discharge_7,D:\作业\论文复现\基线模型\mtad-gat-pytorch\datasets\CH-BATTERY\LFP\normal\vin_359\vin_359_discharge_7.csv,LFP/normal/vin_359/vin_359_discharge_7.csv,LFP,normal,vin_359,discharge,7,0,,,,
LFP_normal_vin_359_vin_359_discharge_8,D:\作业\论文复现\基线模型\mtad-gat-pytorch\datasets\CH-BATTERY\LFP\normal\vin_359\vin_359_discharge_8.csv,LFP/normal/vin_359/vin_359_discharge_8.csv,LFP,normal,vin_359,discharge,8,0,,,,
LFP_normal_vin_359_vin_359_discharge_9,D:\作业\论文复现\基线模型\mtad-gat-pytorch\datasets\CH-BATTERY\LFP\normal\vin_359\vin_359_discharge_9.csv,LFP/normal/vin_359/vin_359_discharge_9.csv,LFP,normal,vin_359,discharge,9,0,,,,
LFP_normal_vin_359_vin_359_discharge_10,D:\作业\论文复现\基线模型\mtad-gat-pytorch\datasets\CH-BATTERY\LFP\normal\vin_359\vin_359_discharge_10.csv,LFP/normal/vin_359/vin_359_discharge_10.csv,LFP,normal,vin_359,discharge,10,0,,,,
LFP_normal_vin_360_vin_360_discharge_1,D:\作业\论文复现\基线模型\mtad-gat-pytorch\datasets\CH-BATTERY\LFP\normal\vin_360\vin_360_discharge_1.csv,LFP/normal/vin_360/vin_360_discharge_1.csv,LFP,normal,vin_360,discharge,1,0,,,,
LFP_normal_vin_360_vin_360_discharge_2,D:\作业\论文复现\基线模型\mtad-gat-pytorch\datasets\CH-BATTERY\LFP\normal\vin_360\vin_360_discharge_2.csv,LFP/normal/vin_360/vin_360_discharge_2.csv,LFP,normal,vin_360,discharge,2,0,,,,
LFP_normal_vin_360_vin_360_discharge_3,D:\作业\论文复现\基线模型\mtad-gat-pytorch\datasets\CH-BATTERY\LFP\normal\vin_360\vin_360_discharge_3.csv,LFP/normal/vin_360/vin_360_discharge_3.csv,LFP,normal,vin_360,discharge,3,0,,,,
LFP_normal_vin_360_vin_360_discharge_4,D:\作业\论文复现\基线模型\mtad-gat-pytorch\datasets\CH-BATTERY\LFP\normal\vin_360\vin_360_discharge_4.csv,LFP/normal/vin_360/vin_360_discharge_4.csv,LFP,normal,vin_360,discharge,4,0,,,,
LFP_normal_vin_360_vin_360_discharge_5,D:\作业\论文复现\基线模型\mtad-gat-pytorch\datasets\CH-BATTERY\LFP\normal\vin_360\vin_360_discharge_5.csv,LFP/normal/vin_360/vin_360_discharge_5.csv,LFP,normal,vin_360,discharge,5,0,,,,
LFP_normal_vin_360_vin_360_discharge_6,D:\作业\论文复现\基线模型\mtad-gat-pytorch\datasets\CH-BATTERY\LFP\normal\vin_360\vin_360_discharge_6.csv,LFP/normal/vin_360/vin_360_discharge_6.csv,LFP,normal,vin_360,discharge,6,0,,,,
LFP_normal_vin_360_vin_360_discharge_7,D:\作业\论文复现\基线模型\mtad-gat-pytorch\datasets\CH-BATTERY\LFP\normal\vin_360\vin_360_discharge_7.csv,LFP/normal/vin_360/vin_360_discharge_7.csv,LFP,normal,vin_360,discharge,7,0,,,,
LFP_normal_vin_360_vin_360_discharge_8,D:\作业\论文复现\基线模型\mtad-gat-pytorch\datasets\CH-BATTERY\LFP\normal\vin_360\vin_360_discharge_8.csv,LFP/normal/vin_360/vin_360_discharge_8.csv,LFP,normal,vin_360,discharge,8,0,,,,
LFP_normal_vin_360_vin_360_discharge_9,D:\作业\论文复现\基线模型\mtad-gat-pytorch\datasets\CH-BATTERY\LFP\normal\vin_360\vin_360_discharge_9.csv,LFP/normal/vin_360/vin_360_discharge_9.csv,LFP,normal,vin_360,discharge,9,0,,,,
LFP_normal_vin_360_vin_360_discharge_10,D:\作业\论文复现\基线模型\mtad-gat-pytorch\datasets\CH-BATTERY\LFP\normal\vin_360\vin_360_discharge_10.csv,LFP/normal/vin_360/vin_360_discharge_10.csv,LFP,normal,vin_360,discharge,10,0,,,,
LFP_normal_vin_361_vin_361_discharge_1,D:\作业\论文复现\基线模型\mtad-gat-pytorch\datasets\CH-BATTERY\LFP\normal\vin_361\vin_361_discharge_1.csv,LFP/normal/vin_361/vin_361_discharge_1.csv,LFP,normal,vin_361,discharge,1,0,,,,
LFP_normal_vin_361_vin_361_discharge_2,D:\作业\论文复现\基线模型\mtad-gat-pytorch\datasets\CH-BATTERY\LFP\normal\vin_361\vin_361_discharge_2.csv,LFP/normal/vin_361/vin_361_discharge_2.csv,LFP,normal,vin_361,discharge,2,0,,,,
LFP_normal_vin_361_vin_361_discharge_3,D:\作业\论文复现\基线模型\mtad-gat-pytorch\datasets\CH-BATTERY\LFP\normal\vin_361\vin_361_discharge_3.csv,LFP/normal/vin_361/vin_361_discharge_3.csv,LFP,normal,vin_361,discharge,3,0,,,,
LFP_normal_vin_361_vin_361_discharge_4,D:\作业\论文复现\基线模型\mtad-gat-pytorch\datasets\CH-BATTERY\LFP\normal\vin_361\vin_361_discharge_4.csv,LFP/normal/vin_361/vin_361_discharge_4.csv,LFP,normal,vin_361,discharge,4,0,,,,
LFP_normal_vin_361_vin_361_discharge_5,D:\作业\论文复现\基线模型\mtad-gat-pytorch\datasets\CH-BATTERY\LFP\normal\vin_361\vin_361_discharge_5.csv,LFP/normal/vin_361/vin_361_discharge_5.csv,LFP,normal,vin_361,discharge,5,0,,,,
LFP_normal_vin_361_vin_361_discharge_6,D:\作业\论文复现\基线模型\mtad-gat-pytorch\datasets\CH-BATTERY\LFP\normal\vin_361\vin_361_discharge_6.csv,LFP/normal/vin_361/vin_361_discharge_6.csv,LFP,normal,vin_361,discharge,6,0,,,,
LFP_normal_vin_361_vin_361_discharge_7,D:\作业\论文复现\基线模型\mtad-gat-pytorch\datasets\CH-BATTERY\LFP\normal\vin_361\vin_361_discharge_7.csv,LFP/normal/vin_361/vin_361_discharge_7.csv,LFP,normal,vin_361,discharge,7,0,,,,
LFP_normal_vin_361_vin_361_discharge_8,D:\作业\论文复现\基线模型\mtad-gat-pytorch\datasets\CH-BATTERY\LFP\normal\vin_361\vin_361_discharge_8.csv,LFP/normal/vin_361/vin_361_discharge_8.csv,LFP,normal,vin_361,discharge,8,0,,,,
LFP_normal_vin_361_vin_361_discharge_9,D:\作业\论文复现\基线模型\mtad-gat-pytorch\datasets\CH-BATTERY\LFP\normal\vin_361\vin_361_discharge_9.csv,LFP/normal/vin_361/vin_361_discharge_9.csv,LFP,normal,vin_361,discharge,9,0,,,,
LFP_normal_vin_361_vin_361_discharge_10,D:\作业\论文复现\基线模型\mtad-gat-pytorch\datasets\CH-BATTERY\LFP\normal\vin_361\vin_361_discharge_10.csv,LFP/normal/vin_361/vin_361_discharge_10.csv,LFP,normal,vin_361,discharge,10,0,,,,
LFP_normal_vin_362_vin_362_discharge_1,D:\作业\论文复现\基线模型\mtad-gat-pytorch\datasets\CH-BATTERY\LFP\normal\vin_362\vin_362_discharge_1.csv,LFP/normal/vin_362/vin_362_discharge_1.csv,LFP,normal,vin_362,discharge,1,0,,,,
LFP_normal_vin_362_vin_362_discharge_2,D:\作业\论文复现\基线模型\mtad-gat-pytorch\datasets\CH-BATTERY\LFP\normal\vin_362\vin_362_discharge_2.csv,LFP/normal/vin_362/vin_362_discharge_2.csv,LFP,normal,vin_362,discharge,2,0,,,,
LFP_normal_vin_362_vin_362_discharge_3,D:\作业\论文复现\基线模型\mtad-gat-pytorch\datasets\CH-BATTERY\LFP\normal\vin_362\vin_362_discharge_3.csv,LFP/normal/vin_362/vin_362_discharge_3.csv,LFP,normal,vin_362,discharge,3,0,,,,
LFP_normal_vin_362_vin_362_discharge_4,D:\作业\论文复现\基线模型\mtad-gat-pytorch\datasets\CH-BATTERY\LFP\normal\vin_362\vin_362_discharge_4.csv,LFP/normal/vin_362/vin_362_discharge_4.csv,LFP,normal,vin_362,discharge,4,0,,,,
LFP_normal_vin_362_vin_362_discharge_5,D:\作业\论文复现\基线模型\mtad-gat-pytorch\datasets\CH-BATTERY\LFP\normal\vin_362\vin_362_discharge_5.csv,LFP/normal/vin_362/vin_362_discharge_5.csv,LFP,normal,vin_362,discharge,5,0,,,,
LFP_normal_vin_362_vin_362_discharge_6,D:\作业\论文复现\基线模型\mtad-gat-pytorch\datasets\CH-BATTERY\LFP\normal\vin_362\vin_362_discharge_6.csv,LFP/normal/vin_362/vin_362_discharge_6.csv,LFP,normal,vin_362,discharge,6,0,,,,
LFP_normal_vin_362_vin_362_discharge_7,D:\作业\论文复现\基线模型\mtad-gat-pytorch\datasets\CH-BATTERY\LFP\normal\vin_362\vin_362_discharge_7.csv,LFP/normal/vin_362/vin_362_discharge_7.csv,LFP,normal,vin_362,discharge,7,0,,,,
LFP_normal_vin_362_vin_362_discharge_8,D:\作业\论文复现\基线模型\mtad-gat-pytorch\datasets\CH-BATTERY\LFP\normal\vin_362\vin_362_discharge_8.csv,LFP/normal/vin_362/vin_362_discharge_8.csv,LFP,normal,vin_362,discharge,8,0,,,,
LFP_normal_vin_362_vin_362_discharge_9,D:\作业\论文复现\基线模型\mtad-gat-pytorch\datasets\CH-BATTERY\LFP\normal\vin_362\vin_362_discharge_9.csv,LFP/normal/vin_362/vin_362_discharge_9.csv,LFP,normal,vin_362,discharge,9,0,,,,
LFP_normal_vin_362_vin_362_discharge_10,D:\作业\论文复现\基线模型\mtad-gat-pytorch\datasets\CH-BATTERY\LFP\normal\vin_362\vin_362_discharge_10.csv,LFP/normal/vin_362/vin_362_discharge_10.csv,LFP,normal,vin_362,discharge,10,0,,,,
LFP_normal_vin_363_vin_363_discharge_1,D:\作业\论文复现\基线模型\mtad-gat-pytorch\datasets\CH-BATTERY\LFP\normal\vin_363\vin_363_discharge_1.csv,LFP/normal/vin_363/vin_363_discharge_1.csv,LFP,normal,vin_363,discharge,1,0,,,,
LFP_normal_vin_363_vin_363_discharge_2,D:\作业\论文复现\基线模型\mtad-gat-pytorch\datasets\CH-BATTERY\LFP\normal\vin_363\vin_363_discharge_2.csv,LFP/normal/vin_363/vin_363_discharge_2.csv,LFP,normal,vin_363,discharge,2,0,,,,
LFP_normal_vin_363_vin_363_discharge_3,D:\作业\论文复现\基线模型\mtad-gat-pytorch\datasets\CH-BATTERY\LFP\normal\vin_363\vin_363_discharge_3.csv,LFP/normal/vin_363/vin_363_discharge_3.csv,LFP,normal,vin_363,discharge,3,0,,,,
LFP_normal_vin_363_vin_363_discharge_4,D:\作业\论文复现\基线模型\mtad-gat-pytorch\datasets\CH-BATTERY\LFP\normal\vin_363\vin_363_discharge_4.csv,LFP/normal/vin_363/vin_363_discharge_4.csv,LFP,normal,vin_363,discharge,4,0,,,,
LFP_normal_vin_363_vin_363_discharge_5,D:\作业\论文复现\基线模型\mtad-gat-pytorch\datasets\CH-BATTERY\LFP\normal\vin_363\vin_363_discharge_5.csv,LFP/normal/vin_363/vin_363_discharge_5.csv,LFP,normal,vin_363,discharge,5,0,,,,
LFP_normal_vin_363_vin_363_discharge_6,D:\作业\论文复现\基线模型\mtad-gat-pytorch\datasets\CH-BATTERY\LFP\normal\vin_363\vin_363_discharge_6.csv,LFP/normal/vin_363/vin_363_discharge_6.csv,LFP,normal,vin_363,discharge,6,0,,,,
LFP_normal_vin_363_vin_363_discharge_7,D:\作业\论文复现\基线模型\mtad-gat-pytorch\datasets\CH-BATTERY\LFP\normal\vin_363\vin_363_discharge_7.csv,LFP/normal/vin_363/vin_363_discharge_7.csv,LFP,normal,vin_363,discharge,7,0,,,,
LFP_normal_vin_363_vin_363_discharge_8,D:\作业\论文复现\基线模型\mtad-gat-pytorch\datasets\CH-BATTERY\LFP\normal\vin_363\vin_363_discharge_8.csv,LFP/normal/vin_363/vin_363_discharge_8.csv,LFP,normal,vin_363,discharge,8,0,,,,
LFP_normal_vin_363_vin_363_discharge_9,D:\作业\论文复现\基线模型\mtad-gat-pytorch\datasets\CH-BATTERY\LFP\normal\vin_363\vin_363_discharge_9.csv,LFP/normal/vin_363/vin_363_discharge_9.csv,LFP,normal,vin_363,discharge,9,0,,,,
LFP_normal_vin_363_vin_363_discharge_10,D:\作业\论文复现\基线模型\mtad-gat-pytorch\datasets\CH-BATTERY\LFP\normal\vin_363\vin_363_discharge_10.csv,LFP/normal/vin_363/vin_363_discharge_10.csv,LFP,normal,vin_363,discharge,10,0,,,,
LFP_normal_vin_364_vin_364_discharge_1,D:\作业\论文复现\基线模型\mtad-gat-pytorch\datasets\CH-BATTERY\LFP\normal\vin_364\vin_364_discharge_1.csv,LFP/normal/vin_364/vin_364_discharge_1.csv,LFP,normal,vin_364,discharge,1,0,,,,
LFP_normal_vin_364_vin_364_discharge_2,D:\作业\论文复现\基线模型\mtad-gat-pytorch\datasets\CH-BATTERY\LFP\normal\vin_364\vin_364_discharge_2.csv,LFP/normal/vin_364/vin_364_discharge_2.csv,LFP,normal,vin_364,discharge,2,0,,,,
LFP_normal_vin_364_vin_364_discharge_3,D:\作业\论文复现\基线模型\mtad-gat-pytorch\datasets\CH-BATTERY\LFP\normal\vin_364\vin_364_discharge_3.csv,LFP/normal/vin_364/vin_364_discharge_3.csv,LFP,normal,vin_364,discharge,3,0,,,,
LFP_normal_vin_364_vin_364_discharge_4,D:\作业\论文复现\基线模型\mtad-gat-pytorch\datasets\CH-BATTERY\LFP\normal\vin_364\vin_364_discharge_4.csv,LFP/normal/vin_364/vin_364_discharge_4.csv,LFP,normal,vin_364,discharge,4,0,,,,
LFP_normal_vin_364_vin_364_discharge_5,D:\作业\论文复现\基线模型\mtad-gat-pytorch\datasets\CH-BATTERY\LFP\normal\vin_364\vin_364_discharge_5.csv,LFP/normal/vin_364/vin_364_discharge_5.csv,LFP,normal,vin_364,discharge,5,0,,,,
LFP_normal_vin_364_vin_364_discharge_6,D:\作业\论文复现\基线模型\mtad-gat-pytorch\datasets\CH-BATTERY\LFP\normal\vin_364\vin_364_discharge_6.csv,LFP/normal/vin_364/vin_364_discharge_6.csv,LFP,normal,vin_364,discharge,6,0,,,,
LFP_normal_vin_364_vin_364_discharge_7,D:\作业\论文复现\基线模型\mtad-gat-pytorch\datasets\CH-BATTERY\LFP\normal\vin_364\vin_364_discharge_7.csv,LFP/normal/vin_364/vin_364_discharge_7.csv,LFP,normal,vin_364,discharge,7,0,,,,
LFP_normal_vin_364_vin_364_discharge_8,D:\作业\论文复现\基线模型\mtad-gat-pytorch\datasets\CH-BATTERY\LFP\normal\vin_364\vin_364_discharge_8.csv,LFP/normal/vin_364/vin_364_discharge_8.csv,LFP,normal,vin_364,discharge,8,0,,,,
LFP_normal_vin_364_vin_364_discharge_9,D:\作业\论文复现\基线模型\mtad-gat-pytorch\datasets\CH-BATTERY\LFP\normal\vin_364\vin_364_discharge_9.csv,LFP/normal/vin_364/vin_364_discharge_9.csv,LFP,normal,vin_364,discharge,9,0,,,,
LFP_normal_vin_364_vin_364_discharge_10,D:\作业\论文复现\基线模型\mtad-gat-pytorch\datasets\CH-BATTERY\LFP\normal\vin_364\vin_364_discharge_10.csv,LFP/normal/vin_364/vin_364_discharge_10.csv,LFP,normal,vin_364,discharge,10,0,,,,
LFP_normal_vin_366_vin_366_discharge_1,D:\作业\论文复现\基线模型\mtad-gat-pytorch\datasets\CH-BATTERY\LFP\normal\vin_366\vin_366_discharge_1.csv,LFP/normal/vin_366/vin_366_discharge_1.csv,LFP,normal,vin_366,discharge,1,0,,,,
LFP_normal_vin_366_vin_366_discharge_2,D:\作业\论文复现\基线模型\mtad-gat-pytorch\datasets\CH-BATTERY\LFP\normal\vin_366\vin_366_discharge_2.csv,LFP/normal/vin_366/vin_366_discharge_2.csv,LFP,normal,vin_366,discharge,2,0,,,,
LFP_normal_vin_366_vin_366_discharge_3,D:\作业\论文复现\基线模型\mtad-gat-pytorch\datasets\CH-BATTERY\LFP\normal\vin_366\vin_366_discharge_3.csv,LFP/normal/vin_366/vin_366_discharge_3.csv,LFP,normal,vin_366,discharge,3,0,,,,
LFP_normal_vin_366_vin_366_discharge_4,D:\作业\论文复现\基线模型\mtad-gat-pytorch\datasets\CH-BATTERY\LFP\normal\vin_366\vin_366_discharge_4.csv,LFP/normal/vin_366/vin_366_discharge_4.csv,LFP,normal,vin_366,discharge,4,0,,,,
LFP_normal_vin_366_vin_366_discharge_5,D:\作业\论文复现\基线模型\mtad-gat-pytorch\datasets\CH-BATTERY\LFP\normal\vin_366\vin_366_discharge_5.csv,LFP/normal/vin_366/vin_366_discharge_5.csv,LFP,normal,vin_366,discharge,5,0,,,,
LFP_normal_vin_366_vin_366_discharge_6,D:\作业\论文复现\基线模型\mtad-gat-pytorch\datasets\CH-BATTERY\LFP\normal\vin_366\vin_366_discharge_6.csv,LFP/normal/vin_366/vin_366_discharge_6.csv,LFP,normal,vin_366,discharge,6,0,,,,
LFP_normal_vin_366_vin_366_discharge_7,D:\作业\论文复现\基线模型\mtad-gat-pytorch\datasets\CH-BATTERY\LFP\normal\vin_366\vin_366_discharge_7.csv,LFP/normal/vin_366/vin_366_discharge_7.csv,LFP,normal,vin_366,discharge,7,0,,,,
LFP_normal_vin_366_vin_366_discharge_8,D:\作业\论文复现\基线模型\mtad-gat-pytorch\datasets\CH-BATTERY\LFP\normal\vin_366\vin_366_discharge_8.csv,LFP/normal/vin_366/vin_366_discharge_8.csv,LFP,normal,vin_366,discharge,8,0,,,,
LFP_normal_vin_366_vin_366_discharge_9,D:\作业\论文复现\基线模型\mtad-gat-pytorch\datasets\CH-BATTERY\LFP\normal\vin_366\vin_366_discharge_9.csv,LFP/normal/vin_366/vin_366_discharge_9.csv,LFP,normal,vin_366,discharge,9,0,,,,
LFP_normal_vin_366_vin_366_discharge_10,D:\作业\论文复现\基线模型\mtad-gat-pytorch\datasets\CH-BATTERY\LFP\normal\vin_366\vin_366_discharge_10.csv,LFP/normal/vin_366/vin_366_discharge_10.csv,LFP,normal,vin_366,discharge,10,0,,,,
LFP_normal_vin_367_vin_367_discharge_1,D:\作业\论文复现\基线模型\mtad-gat-pytorch\datasets\CH-BATTERY\LFP\normal\vin_367\vin_367_discharge_1.csv,LFP/normal/vin_367/vin_367_discharge_1.csv,LFP,normal,vin_367,discharge,1,0,,,,
LFP_normal_vin_367_vin_367_discharge_2,D:\作业\论文复现\基线模型\mtad-gat-pytorch\datasets\CH-BATTERY\LFP\normal\vin_367\vin_367_discharge_2.csv,LFP/normal/vin_367/vin_367_discharge_2.csv,LFP,normal,vin_367,discharge,2,0,,,,
LFP_normal_vin_367_vin_367_discharge_3,D:\作业\论文复现\基线模型\mtad-gat-pytorch\datasets\CH-BATTERY\LFP\normal\vin_367\vin_367_discharge_3.csv,LFP/normal/vin_367/vin_367_discharge_3.csv,LFP,normal,vin_367,discharge,3,0,,,,
LFP_normal_vin_367_vin_367_discharge_4,D:\作业\论文复现\基线模型\mtad-gat-pytorch\datasets\CH-BATTERY\LFP\normal\vin_367\vin_367_discharge_4.csv,LFP/normal/vin_367/vin_367_discharge_4.csv,LFP,normal,vin_367,discharge,4,0,,,,
LFP_normal_vin_367_vin_367_discharge_5,D:\作业\论文复现\基线模型\mtad-gat-pytorch\datasets\CH-BATTERY\LFP\normal\vin_367\vin_367_discharge_5.csv,LFP/normal/vin_367/vin_367_discharge_5.csv,LFP,normal,vin_367,discharge,5,0,,,,
LFP_normal_vin_367_vin_367_discharge_6,D:\作业\论文复现\基线模型\mtad-gat-pytorch\datasets\CH-BATTERY\LFP\normal\vin_367\vin_367_discharge_6.csv,LFP/normal/vin_367/vin_367_discharge_6.csv,LFP,normal,vin_367,discharge,6,0,,,,
LFP_normal_vin_367_vin_367_discharge_7,D:\作业\论文复现\基线模型\mtad-gat-pytorch\datasets\CH-BATTERY\LFP\normal\vin_367\vin_367_discharge_7.csv,LFP/normal/vin_367/vin_367_discharge_7.csv,LFP,normal,vin_367,discharge,7,0,,,,
LFP_normal_vin_367_vin_367_discharge_8,D:\作业\论文复现\基线模型\mtad-gat-pytorch\datasets\CH-BATTERY\LFP\normal\vin_367\vin_367_discharge_8.csv,LFP/normal/vin_367/vin_367_discharge_8.csv,LFP,normal,vin_367,discharge,8,0,,,,
LFP_normal_vin_367_vin_367_discharge_9,D:\作业\论文复现\基线模型\mtad-gat-pytorch\datasets\CH-BATTERY\LFP\normal\vin_367\vin_367_discharge_9.csv,LFP/normal/vin_367/vin_367_discharge_9.csv,LFP,normal,vin_367,discharge,9,0,,,,
LFP_normal_vin_367_vin_367_discharge_10,D:\作业\论文复现\基线模型\mtad-gat-pytorch\datasets\CH-BATTERY\LFP\normal\vin_367\vin_367_discharge_10.csv,LFP/normal/vin_367/vin_367_discharge_10.csv,LFP,normal,vin_367,discharge,10,0,,,,
LFP_normal_vin_368_vin_368_discharge_1,D:\作业\论文复现\基线模型\mtad-gat-pytorch\datasets\CH-BATTERY\LFP\normal\vin_368\vin_368_discharge_1.csv,LFP/normal/vin_368/vin_368_discharge_1.csv,LFP,normal,vin_368,discharge,1,0,,,,
LFP_normal_vin_368_vin_368_discharge_2,D:\作业\论文复现\基线模型\mtad-gat-pytorch\datasets\CH-BATTERY\LFP\normal\vin_368\vin_368_discharge_2.csv,LFP/normal/vin_368/vin_368_discharge_2.csv,LFP,normal,vin_368,discharge,2,0,,,,
LFP_normal_vin_368_vin_368_discharge_3,D:\作业\论文复现\基线模型\mtad-gat-pytorch\datasets\CH-BATTERY\LFP\normal\vin_368\vin_368_discharge_3.csv,LFP/normal/vin_368/vin_368_discharge_3.csv,LFP,normal,vin_368,discharge,3,0,,,,
LFP_normal_vin_368_vin_368_discharge_4,D:\作业\论文复现\基线模型\mtad-gat-pytorch\datasets\CH-BATTERY\LFP\normal\vin_368\vin_368_discharge_4.csv,LFP/normal/vin_368/vin_368_discharge_4.csv,LFP,normal,vin_368,discharge,4,0,,,,
LFP_normal_vin_368_vin_368_discharge_5,D:\作业\论文复现\基线模型\mtad-gat-pytorch\datasets\CH-BATTERY\LFP\normal\vin_368\vin_368_discharge_5.csv,LFP/normal/vin_368/vin_368_discharge_5.csv,LFP,normal,vin_368,discharge,5,0,,,,
LFP_normal_vin_368_vin_368_discharge_6,D:\作业\论文复现\基线模型\mtad-gat-pytorch\datasets\CH-BATTERY\LFP\normal\vin_368\vin_368_discharge_6.csv,LFP/normal/vin_368/vin_368_discharge_6.csv,LFP,normal,vin_368,discharge,6,0,,,,
LFP_normal_vin_368_vin_368_discharge_7,D:\作业\论文复现\基线模型\mtad-gat-pytorch\datasets\CH-BATTERY\LFP\normal\vin_368\vin_368_discharge_7.csv,LFP/normal/vin_368/vin_368_discharge_7.csv,LFP,normal,vin_368,discharge,7,0,,,,
LFP_normal_vin_368_vin_368_discharge_8,D:\作业\论文复现\基线模型\mtad-gat-pytorch\datasets\CH-BATTERY\LFP\normal\vin_368\vin_368_discharge_8.csv,LFP/normal/vin_368/vin_368_discharge_8.csv,LFP,normal,vin_368,discharge,8,0,,,,
LFP_normal_vin_368_vin_368_discharge_9,D:\作业\论文复现\基线模型\mtad-gat-pytorch\datasets\CH-BATTERY\LFP\normal\vin_368\vin_368_discharge_9.csv,LFP/normal/vin_368/vin_368_discharge_9.csv,LFP,normal,vin_368,discharge,9,0,,,,
LFP_normal_vin_368_vin_368_discharge_10,D:\作业\论文复现\基线模型\mtad-gat-pytorch\datasets\CH-BATTERY\LFP\normal\vin_368\vin_368_discharge_10.csv,LFP/normal/vin_368/vin_368_discharge_10.csv,LFP,normal,vin_368,discharge,10,0,,,,
LFP_normal_vin_371_vin_371_discharge_1,D:\作业\论文复现\基线模型\mtad-gat-pytorch\datasets\CH-BATTERY\LFP\normal\vin_371\vin_371_discharge_1.csv,LFP/normal/vin_371/vin_371_discharge_1.csv,LFP,normal,vin_371,discharge,1,0,,,,
LFP_normal_vin_371_vin_371_discharge_2,D:\作业\论文复现\基线模型\mtad-gat-pytorch\datasets\CH-BATTERY\LFP\normal\vin_371\vin_371_discharge_2.csv,LFP/normal/vin_371/vin_371_discharge_2.csv,LFP,normal,vin_371,discharge,2,0,,,,
LFP_normal_vin_371_vin_371_discharge_3,D:\作业\论文复现\基线模型\mtad-gat-pytorch\datasets\CH-BATTERY\LFP\normal\vin_371\vin_371_discharge_3.csv,LFP/normal/vin_371/vin_371_discharge_3.csv,LFP,normal,vin_371,discharge,3,0,,,,
LFP_normal_vin_371_vin_371_discharge_4,D:\作业\论文复现\基线模型\mtad-gat-pytorch\datasets\CH-BATTERY\LFP\normal\vin_371\vin_371_discharge_4.csv,LFP/normal/vin_371/vin_371_discharge_4.csv,LFP,normal,vin_371,discharge,4,0,,,,
LFP_normal_vin_371_vin_371_discharge_5,D:\作业\论文复现\基线模型\mtad-gat-pytorch\datasets\CH-BATTERY\LFP\normal\vin_371\vin_371_discharge_5.csv,LFP/normal/vin_371/vin_371_discharge_5.csv,LFP,normal,vin_371,discharge,5,0,,,,
LFP_normal_vin_371_vin_371_discharge_6,D:\作业\论文复现\基线模型\mtad-gat-pytorch\datasets\CH-BATTERY\LFP\normal\vin_371\vin_371_discharge_6.csv,LFP/normal/vin_371/vin_371_discharge_6.csv,LFP,normal,vin_371,discharge,6,0,,,,
LFP_normal_vin_371_vin_371_discharge_7,D:\作业\论文复现\基线模型\mtad-gat-pytorch\datasets\CH-BATTERY\LFP\normal\vin_371\vin_371_discharge_7.csv,LFP/normal/vin_371/vin_371_discharge_7.csv,LFP,normal,vin_371,discharge,7,0,,,,
LFP_normal_vin_371_vin_371_discharge_8,D:\作业\论文复现\基线模型\mtad-gat-pytorch\datasets\CH-BATTERY\LFP\normal\vin_371\vin_371_discharge_8.csv,LFP/normal/vin_371/vin_371_discharge_8.csv,LFP,normal,vin_371,discharge,8,0,,,,
LFP_normal_vin_371_vin_371_discharge_9,D:\作业\论文复现\基线模型\mtad-gat-pytorch\datasets\CH-BATTERY\LFP\normal\vin_371\vin_371_discharge_9.csv,LFP/normal/vin_371/vin_371_discharge_9.csv,LFP,normal,vin_371,discharge,9,0,,,,
LFP_normal_vin_371_vin_371_discharge_10,D:\作业\论文复现\基线模型\mtad-gat-pytorch\datasets\CH-BATTERY\LFP\normal\vin_371\vin_371_discharge_10.csv,LFP/normal/vin_371/vin_371_discharge_10.csv,LFP,normal,vin_371,discharge,10,0,,,,
LFP_normal_vin_372_vin_372_discharge_1,D:\作业\论文复现\基线模型\mtad-gat-pytorch\datasets\CH-BATTERY\LFP\normal\vin_372\vin_372_discharge_1.csv,LFP/normal/vin_372/vin_372_discharge_1.csv,LFP,normal,vin_372,discharge,1,0,,,,
LFP_normal_vin_372_vin_372_discharge_2,D:\作业\论文复现\基线模型\mtad-gat-pytorch\datasets\CH-BATTERY\LFP\normal\vin_372\vin_372_discharge_2.csv,LFP/normal/vin_372/vin_372_discharge_2.csv,LFP,normal,vin_372,discharge,2,0,,,,
LFP_normal_vin_372_vin_372_discharge_3,D:\作业\论文复现\基线模型\mtad-gat-pytorch\datasets\CH-BATTERY\LFP\normal\vin_372\vin_372_discharge_3.csv,LFP/normal/vin_372/vin_372_discharge_3.csv,LFP,normal,vin_372,discharge,3,0,,,,
LFP_normal_vin_372_vin_372_discharge_4,D:\作业\论文复现\基线模型\mtad-gat-pytorch\datasets\CH-BATTERY\LFP\normal\vin_372\vin_372_discharge_4.csv,LFP/normal/vin_372/vin_372_discharge_4.csv,LFP,normal,vin_372,discharge,4,0,,,,
LFP_normal_vin_372_vin_372_discharge_5,D:\作业\论文复现\基线模型\mtad-gat-pytorch\datasets\CH-BATTERY\LFP\normal\vin_372\vin_372_discharge_5.csv,LFP/normal/vin_372/vin_372_discharge_5.csv,LFP,normal,vin_372,discharge,5,0,,,,
LFP_normal_vin_372_vin_372_discharge_6,D:\作业\论文复现\基线模型\mtad-gat-pytorch\datasets\CH-BATTERY\LFP\normal\vin_372\vin_372_discharge_6.csv,LFP/normal/vin_372/vin_372_discharge_6.csv,LFP,normal,vin_372,discharge,6,0,,,,
LFP_normal_vin_372_vin_372_discharge_7,D:\作业\论文复现\基线模型\mtad-gat-pytorch\datasets\CH-BATTERY\LFP\normal\vin_372\vin_372_discharge_7.csv,LFP/normal/vin_372/vin_372_discharge_7.csv,LFP,normal,vin_372,discharge,7,0,,,,
LFP_normal_vin_372_vin_372_discharge_8,D:\作业\论文复现\基线模型\mtad-gat-pytorch\datasets\CH-BATTERY\LFP\normal\vin_372\vin_372_discharge_8.csv,LFP/normal/vin_372/vin_372_discharge_8.csv,LFP,normal,vin_372,discharge,8,0,,,,
LFP_normal_vin_372_vin_372_discharge_9,D:\作业\论文复现\基线模型\mtad-gat-pytorch\datasets\CH-BATTERY\LFP\normal\vin_372\vin_372_discharge_9.csv,LFP/normal/vin_372/vin_372_discharge_9.csv,LFP,normal,vin_372,discharge,9,0,,,,
LFP_normal_vin_372_vin_372_discharge_10,D:\作业\论文复现\基线模型\mtad-gat-pytorch\datasets\CH-BATTERY\LFP\normal\vin_372\vin_372_discharge_10.csv,LFP/normal/vin_372/vin_372_discharge_10.csv,LFP,normal,vin_372,discharge,10,0,,,,
LFP_normal_vin_375_vin_375_discharge_1,D:\作业\论文复现\基线模型\mtad-gat-pytorch\datasets\CH-BATTERY\LFP\normal\vin_375\vin_375_discharge_1.csv,LFP/normal/vin_375/vin_375_discharge_1.csv,LFP,normal,vin_375,discharge,1,0,,,,
LFP_normal_vin_375_vin_375_discharge_2,D:\作业\论文复现\基线模型\mtad-gat-pytorch\datasets\CH-BATTERY\LFP\normal\vin_375\vin_375_discharge_2.csv,LFP/normal/vin_375/vin_375_discharge_2.csv,LFP,normal,vin_375,discharge,2,0,,,,
LFP_normal_vin_375_vin_375_discharge_3,D:\作业\论文复现\基线模型\mtad-gat-pytorch\datasets\CH-BATTERY\LFP\normal\vin_375\vin_375_discharge_3.csv,LFP/normal/vin_375/vin_375_discharge_3.csv,LFP,normal,vin_375,discharge,3,0,,,,
LFP_normal_vin_375_vin_375_discharge_4,D:\作业\论文复现\基线模型\mtad-gat-pytorch\datasets\CH-BATTERY\LFP\normal\vin_375\vin_375_discharge_4.csv,LFP/normal/vin_375/vin_375_discharge_4.csv,LFP,normal,vin_375,discharge,4,0,,,,
LFP_normal_vin_375_vin_375_discharge_5,D:\作业\论文复现\基线模型\mtad-gat-pytorch\datasets\CH-BATTERY\LFP\normal\vin_375\vin_375_discharge_5.csv,LFP/normal/vin_375/vin_375_discharge_5.csv,LFP,normal,vin_375,discharge,5,0,,,,
LFP_normal_vin_375_vin_375_discharge_6,D:\作业\论文复现\基线模型\mtad-gat-pytorch\datasets\CH-BATTERY\LFP\normal\vin_375\vin_375_discharge_6.csv,LFP/normal/vin_375/vin_375_discharge_6.csv,LFP,normal,vin_375,discharge,6,0,,,,
LFP_normal_vin_375_vin_375_discharge_7,D:\作业\论文复现\基线模型\mtad-gat-pytorch\datasets\CH-BATTERY\LFP\normal\vin_375\vin_375_discharge_7.csv,LFP/normal/vin_375/vin_375_discharge_7.csv,LFP,normal,vin_375,discharge,7,0,,,,
LFP_normal_vin_375_vin_375_discharge_8,D:\作业\论文复现\基线模型\mtad-gat-pytorch\datasets\CH-BATTERY\LFP\normal\vin_375\vin_375_discharge_8.csv,LFP/normal/vin_375/vin_375_discharge_8.csv,LFP,normal,vin_375,discharge,8,0,,,,
LFP_normal_vin_375_vin_375_discharge_9,D:\作业\论文复现\基线模型\mtad-gat-pytorch\datasets\CH-BATTERY\LFP\normal\vin_375\vin_375_discharge_9.csv,LFP/normal/vin_375/vin_375_discharge_9.csv,LFP,normal,vin_375,discharge,9,0,,,,
LFP_normal_vin_375_vin_375_discharge_10,D:\作业\论文复现\基线模型\mtad-gat-pytorch\datasets\CH-BATTERY\LFP\normal\vin_375\vin_375_discharge_10.csv,LFP/normal/vin_375/vin_375_discharge_10.csv,LFP,normal,vin_375,discharge,10,0,,,,
LFP_normal_vin_376_vin_376_discharge_1,D:\作业\论文复现\基线模型\mtad-gat-pytorch\datasets\CH-BATTERY\LFP\normal\vin_376\vin_376_discharge_1.csv,LFP/normal/vin_376/vin_376_discharge_1.csv,LFP,normal,vin_376,discharge,1,0,,,,
LFP_normal_vin_376_vin_376_discharge_2,D:\作业\论文复现\基线模型\mtad-gat-pytorch\datasets\CH-BATTERY\LFP\normal\vin_376\vin_376_discharge_2.csv,LFP/normal/vin_376/vin_376_discharge_2.csv,LFP,normal,vin_376,discharge,2,0,,,,
LFP_normal_vin_376_vin_376_discharge_3,D:\作业\论文复现\基线模型\mtad-gat-pytorch\datasets\CH-BATTERY\LFP\normal\vin_376\vin_376_discharge_3.csv,LFP/normal/vin_376/vin_376_discharge_3.csv,LFP,normal,vin_376,discharge,3,0,,,,
LFP_normal_vin_376_vin_376_discharge_4,D:\作业\论文复现\基线模型\mtad-gat-pytorch\datasets\CH-BATTERY\LFP\normal\vin_376\vin_376_discharge_4.csv,LFP/normal/vin_376/vin_376_discharge_4.csv,LFP,normal,vin_376,discharge,4,0,,,,
LFP_normal_vin_376_vin_376_discharge_5,D:\作业\论文复现\基线模型\mtad-gat-pytorch\datasets\CH-BATTERY\LFP\normal\vin_376\vin_376_discharge_5.csv,LFP/normal/vin_376/vin_376_discharge_5.csv,LFP,normal,vin_376,discharge,5,0,,,,
LFP_normal_vin_376_vin_376_discharge_6,D:\作业\论文复现\基线模型\mtad-gat-pytorch\datasets\CH-BATTERY\LFP\normal\vin_376\vin_376_discharge_6.csv,LFP/normal/vin_376/vin_376_discharge_6.csv,LFP,normal,vin_376,discharge,6,0,,,,
LFP_normal_vin_376_vin_376_discharge_7,D:\作业\论文复现\基线模型\mtad-gat-pytorch\datasets\CH-BATTERY\LFP\normal\vin_376\vin_376_discharge_7.csv,LFP/normal/vin_376/vin_376_discharge_7.csv,LFP,normal,vin_376,discharge,7,0,,,,
LFP_normal_vin_376_vin_376_discharge_8,D:\作业\论文复现\基线模型\mtad-gat-pytorch\datasets\CH-BATTERY\LFP\normal\vin_376\vin_376_discharge_8.csv,LFP/normal/vin_376/vin_376_discharge_8.csv,LFP,normal,vin_376,discharge,8,0,,,,
LFP_normal_vin_376_vin_376_discharge_9,D:\作业\论文复现\基线模型\mtad-gat-pytorch\datasets\CH-BATTERY\LFP\normal\vin_376\vin_376_discharge_9.csv,LFP/normal/vin_376/vin_376_discharge_9.csv,LFP,normal,vin_376,discharge,9,0,,,,
LFP_normal_vin_376_vin_376_discharge_10,D:\作业\论文复现\基线模型\mtad-gat-pytorch\datasets\CH-BATTERY\LFP\normal\vin_376\vin_376_discharge_10.csv,LFP/normal/vin_376/vin_376_discharge_10.csv,LFP,normal,vin_376,discharge,10,0,,,,
LFP_normal_vin_378_vin_378_discharge_1,D:\作业\论文复现\基线模型\mtad-gat-pytorch\datasets\CH-BATTERY\LFP\normal\vin_378\vin_378_discharge_1.csv,LFP/normal/vin_378/vin_378_discharge_1.csv,LFP,normal,vin_378,discharge,1,0,,,,
LFP_normal_vin_378_vin_378_discharge_2,D:\作业\论文复现\基线模型\mtad-gat-pytorch\datasets\CH-BATTERY\LFP\normal\vin_378\vin_378_discharge_2.csv,LFP/normal/vin_378/vin_378_discharge_2.csv,LFP,normal,vin_378,discharge,2,0,,,,
LFP_normal_vin_378_vin_378_discharge_3,D:\作业\论文复现\基线模型\mtad-gat-pytorch\datasets\CH-BATTERY\LFP\normal\vin_378\vin_378_discharge_3.csv,LFP/normal/vin_378/vin_378_discharge_3.csv,LFP,normal,vin_378,discharge,3,0,,,,
LFP_normal_vin_378_vin_378_discharge_4,D:\作业\论文复现\基线模型\mtad-gat-pytorch\datasets\CH-BATTERY\LFP\normal\vin_378\vin_378_discharge_4.csv,LFP/normal/vin_378/vin_378_discharge_4.csv,LFP,normal,vin_378,discharge,4,0,,,,
LFP_normal_vin_378_vin_378_discharge_5,D:\作业\论文复现\基线模型\mtad-gat-pytorch\datasets\CH-BATTERY\LFP\normal\vin_378\vin_378_discharge_5.csv,LFP/normal/vin_378/vin_378_discharge_5.csv,LFP,normal,vin_378,discharge,5,0,,,,
LFP_normal_vin_378_vin_378_discharge_6,D:\作业\论文复现\基线模型\mtad-gat-pytorch\datasets\CH-BATTERY\LFP\normal\vin_378\vin_378_discharge_6.csv,LFP/normal/vin_378/vin_378_discharge_6.csv,LFP,normal,vin_378,discharge,6,0,,,,
LFP_normal_vin_378_vin_378_discharge_7,D:\作业\论文复现\基线模型\mtad-gat-pytorch\datasets\CH-BATTERY\LFP\normal\vin_378\vin_378_discharge_7.csv,LFP/normal/vin_378/vin_378_discharge_7.csv,LFP,normal,vin_378,discharge,7,0,,,,
LFP_normal_vin_378_vin_378_discharge_8,D:\作业\论文复现\基线模型\mtad-gat-pytorch\datasets\CH-BATTERY\LFP\normal\vin_378\vin_378_discharge_8.csv,LFP/normal/vin_378/vin_378_discharge_8.csv,LFP,normal,vin_378,discharge,8,0,,,,
LFP_normal_vin_378_vin_378_discharge_9,D:\作业\论文复现\基线模型\mtad-gat-pytorch\datasets\CH-BATTERY\LFP\normal\vin_378\vin_378_discharge_9.csv,LFP/normal/vin_378/vin_378_discharge_9.csv,LFP,normal,vin_378,discharge,9,0,,,,
LFP_normal_vin_378_vin_378_discharge_10,D:\作业\论文复现\基线模型\mtad-gat-pytorch\datasets\CH-BATTERY\LFP\normal\vin_378\vin_378_discharge_10.csv,LFP/normal/vin_378/vin_378_discharge_10.csv,LFP,normal,vin_378,discharge,10,0,,,,
LFP_normal_vin_382_vin_382_discharge_1,D:\作业\论文复现\基线模型\mtad-gat-pytorch\datasets\CH-BATTERY\LFP\normal\vin_382\vin_382_discharge_1.csv,LFP/normal/vin_382/vin_382_discharge_1.csv,LFP,normal,vin_382,discharge,1,0,,,,
LFP_normal_vin_382_vin_382_discharge_2,D:\作业\论文复现\基线模型\mtad-gat-pytorch\datasets\CH-BATTERY\LFP\normal\vin_382\vin_382_discharge_2.csv,LFP/normal/vin_382/vin_382_discharge_2.csv,LFP,normal,vin_382,discharge,2,0,,,,
LFP_normal_vin_382_vin_382_discharge_3,D:\作业\论文复现\基线模型\mtad-gat-pytorch\datasets\CH-BATTERY\LFP\normal\vin_382\vin_382_discharge_3.csv,LFP/normal/vin_382/vin_382_discharge_3.csv,LFP,normal,vin_382,discharge,3,0,,,,
LFP_normal_vin_382_vin_382_discharge_4,D:\作业\论文复现\基线模型\mtad-gat-pytorch\datasets\CH-BATTERY\LFP\normal\vin_382\vin_382_discharge_4.csv,LFP/normal/vin_382/vin_382_discharge_4.csv,LFP,normal,vin_382,discharge,4,0,,,,
LFP_normal_vin_382_vin_382_discharge_5,D:\作业\论文复现\基线模型\mtad-gat-pytorch\datasets\CH-BATTERY\LFP\normal\vin_382\vin_382_discharge_5.csv,LFP/normal/vin_382/vin_382_discharge_5.csv,LFP,normal,vin_382,discharge,5,0,,,,
LFP_normal_vin_382_vin_382_discharge_6,D:\作业\论文复现\基线模型\mtad-gat-pytorch\datasets\CH-BATTERY\LFP\normal\vin_382\vin_382_discharge_6.csv,LFP/normal/vin_382/vin_382_discharge_6.csv,LFP,normal,vin_382,discharge,6,0,,,,
LFP_normal_vin_382_vin_382_discharge_7,D:\作业\论文复现\基线模型\mtad-gat-pytorch\datasets\CH-BATTERY\LFP\normal\vin_382\vin_382_discharge_7.csv,LFP/normal/vin_382/vin_382_discharge_7.csv,LFP,normal,vin_382,discharge,7,0,,,,
LFP_normal_vin_382_vin_382_discharge_8,D:\作业\论文复现\基线模型\mtad-gat-pytorch\datasets\CH-BATTERY\LFP\normal\vin_382\vin_382_discharge_8.csv,LFP/normal/vin_382/vin_382_discharge_8.csv,LFP,normal,vin_382,discharge,8,0,,,,
LFP_normal_vin_382_vin_382_discharge_9,D:\作业\论文复现\基线模型\mtad-gat-pytorch\datasets\CH-BATTERY\LFP\normal\vin_382\vin_382_discharge_9.csv,LFP/normal/vin_382/vin_382_discharge_9.csv,LFP,normal,vin_382,discharge,9,0,,,,
LFP_normal_vin_382_vin_382_discharge_10,D:\作业\论文复现\基线模型\mtad-gat-pytorch\datasets\CH-BATTERY\LFP\normal\vin_382\vin_382_discharge_10.csv,LFP/normal/vin_382/vin_382_discharge_10.csv,LFP,normal,vin_382,discharge,10,0,,,,
LFP_normal_vin_383_vin_383_discharge_1,D:\作业\论文复现\基线模型\mtad-gat-pytorch\datasets\CH-BATTERY\LFP\normal\vin_383\vin_383_discharge_1.csv,LFP/normal/vin_383/vin_383_discharge_1.csv,LFP,normal,vin_383,discharge,1,0,,,,
LFP_normal_vin_383_vin_383_discharge_2,D:\作业\论文复现\基线模型\mtad-gat-pytorch\datasets\CH-BATTERY\LFP\normal\vin_383\vin_383_discharge_2.csv,LFP/normal/vin_383/vin_383_discharge_2.csv,LFP,normal,vin_383,discharge,2,0,,,,
LFP_normal_vin_383_vin_383_discharge_3,D:\作业\论文复现\基线模型\mtad-gat-pytorch\datasets\CH-BATTERY\LFP\normal\vin_383\vin_383_discharge_3.csv,LFP/normal/vin_383/vin_383_discharge_3.csv,LFP,normal,vin_383,discharge,3,0,,,,
LFP_normal_vin_383_vin_383_discharge_4,D:\作业\论文复现\基线模型\mtad-gat-pytorch\datasets\CH-BATTERY\LFP\normal\vin_383\vin_383_discharge_4.csv,LFP/normal/vin_383/vin_383_discharge_4.csv,LFP,normal,vin_383,discharge,4,0,,,,
LFP_normal_vin_383_vin_383_discharge_5,D:\作业\论文复现\基线模型\mtad-gat-pytorch\datasets\CH-BATTERY\LFP\normal\vin_383\vin_383_discharge_5.csv,LFP/normal/vin_383/vin_383_discharge_5.csv,LFP,normal,vin_383,discharge,5,0,,,,
LFP_normal_vin_383_vin_383_discharge_6,D:\作业\论文复现\基线模型\mtad-gat-pytorch\datasets\CH-BATTERY\LFP\normal\vin_383\vin_383_discharge_6.csv,LFP/normal/vin_383/vin_383_discharge_6.csv,LFP,normal,vin_383,discharge,6,0,,,,
LFP_normal_vin_383_vin_383_discharge_7,D:\作业\论文复现\基线模型\mtad-gat-pytorch\datasets\CH-BATTERY\LFP\normal\vin_383\vin_383_discharge_7.csv,LFP/normal/vin_383/vin_383_discharge_7.csv,LFP,normal,vin_383,discharge,7,0,,,,
LFP_normal_vin_383_vin_383_discharge_8,D:\作业\论文复现\基线模型\mtad-gat-pytorch\datasets\CH-BATTERY\LFP\normal\vin_383\vin_383_discharge_8.csv,LFP/normal/vin_383/vin_383_discharge_8.csv,LFP,normal,vin_383,discharge,8,0,,,,
LFP_normal_vin_383_vin_383_discharge_9,D:\作业\论文复现\基线模型\mtad-gat-pytorch\datasets\CH-BATTERY\LFP\normal\vin_383\vin_383_discharge_9.csv,LFP/normal/vin_383/vin_383_discharge_9.csv,LFP,normal,vin_383,discharge,9,0,,,,
LFP_normal_vin_383_vin_383_discharge_10,D:\作业\论文复现\基线模型\mtad-gat-pytorch\datasets\CH-BATTERY\LFP\normal\vin_383\vin_383_discharge_10.csv,LFP/normal/vin_383/vin_383_discharge_10.csv,LFP,normal,vin_383,discharge,10,0,,,,
LFP_normal_vin_384_vin_384_discharge_1,D:\作业\论文复现\基线模型\mtad-gat-pytorch\datasets\CH-BATTERY\LFP\normal\vin_384\vin_384_discharge_1.csv,LFP/normal/vin_384/vin_384_discharge_1.csv,LFP,normal,vin_384,discharge,1,0,,,,
LFP_normal_vin_384_vin_384_discharge_2,D:\作业\论文复现\基线模型\mtad-gat-pytorch\datasets\CH-BATTERY\LFP\normal\vin_384\vin_384_discharge_2.csv,LFP/normal/vin_384/vin_384_discharge_2.csv,LFP,normal,vin_384,discharge,2,0,,,,
LFP_normal_vin_384_vin_384_discharge_3,D:\作业\论文复现\基线模型\mtad-gat-pytorch\datasets\CH-BATTERY\LFP\normal\vin_384\vin_384_discharge_3.csv,LFP/normal/vin_384/vin_384_discharge_3.csv,LFP,normal,vin_384,discharge,3,0,,,,
LFP_normal_vin_384_vin_384_discharge_4,D:\作业\论文复现\基线模型\mtad-gat-pytorch\datasets\CH-BATTERY\LFP\normal\vin_384\vin_384_discharge_4.csv,LFP/normal/vin_384/vin_384_discharge_4.csv,LFP,normal,vin_384,discharge,4,0,,,,
LFP_normal_vin_384_vin_384_discharge_5,D:\作业\论文复现\基线模型\mtad-gat-pytorch\datasets\CH-BATTERY\LFP\normal\vin_384\vin_384_discharge_5.csv,LFP/normal/vin_384/vin_384_discharge_5.csv,LFP,normal,vin_384,discharge,5,0,,,,
LFP_normal_vin_384_vin_384_discharge_6,D:\作业\论文复现\基线模型\mtad-gat-pytorch\datasets\CH-BATTERY\LFP\normal\vin_384\vin_384_discharge_6.csv,LFP/normal/vin_384/vin_384_discharge_6.csv,LFP,normal,vin_384,discharge,6,0,,,,
LFP_normal_vin_384_vin_384_discharge_7,D:\作业\论文复现\基线模型\mtad-gat-pytorch\datasets\CH-BATTERY\LFP\normal\vin_384\vin_384_discharge_7.csv,LFP/normal/vin_384/vin_384_discharge_7.csv,LFP,normal,vin_384,discharge,7,0,,,,
LFP_normal_vin_384_vin_384_discharge_8,D:\作业\论文复现\基线模型\mtad-gat-pytorch\datasets\CH-BATTERY\LFP\normal\vin_384\vin_384_discharge_8.csv,LFP/normal/vin_384/vin_384_discharge_8.csv,LFP,normal,vin_384,discharge,8,0,,,,
LFP_normal_vin_384_vin_384_discharge_9,D:\作业\论文复现\基线模型\mtad-gat-pytorch\datasets\CH-BATTERY\LFP\normal\vin_384\vin_384_discharge_9.csv,LFP/normal/vin_384/vin_384_discharge_9.csv,LFP,normal,vin_384,discharge,9,0,,,,
LFP_normal_vin_384_vin_384_discharge_10,D:\作业\论文复现\基线模型\mtad-gat-pytorch\datasets\CH-BATTERY\LFP\normal\vin_384\vin_384_discharge_10.csv,LFP/normal/vin_384/vin_384_discharge_10.csv,LFP,normal,vin_384,discharge,10,0,,,,
LFP_normal_vin_385_vin_385_discharge_1,D:\作业\论文复现\基线模型\mtad-gat-pytorch\datasets\CH-BATTERY\LFP\normal\vin_385\vin_385_discharge_1.csv,LFP/normal/vin_385/vin_385_discharge_1.csv,LFP,normal,vin_385,discharge,1,0,,,,
LFP_normal_vin_385_vin_385_discharge_2,D:\作业\论文复现\基线模型\mtad-gat-pytorch\datasets\CH-BATTERY\LFP\normal\vin_385\vin_385_discharge_2.csv,LFP/normal/vin_385/vin_385_discharge_2.csv,LFP,normal,vin_385,discharge,2,0,,,,
LFP_normal_vin_385_vin_385_discharge_3,D:\作业\论文复现\基线模型\mtad-gat-pytorch\datasets\CH-BATTERY\LFP\normal\vin_385\vin_385_discharge_3.csv,LFP/normal/vin_385/vin_385_discharge_3.csv,LFP,normal,vin_385,discharge,3,0,,,,
LFP_normal_vin_385_vin_385_discharge_4,D:\作业\论文复现\基线模型\mtad-gat-pytorch\datasets\CH-BATTERY\LFP\normal\vin_385\vin_385_discharge_4.csv,LFP/normal/vin_385/vin_385_discharge_4.csv,LFP,normal,vin_385,discharge,4,0,,,,
LFP_normal_vin_385_vin_385_discharge_5,D:\作业\论文复现\基线模型\mtad-gat-pytorch\datasets\CH-BATTERY\LFP\normal\vin_385\vin_385_discharge_5.csv,LFP/normal/vin_385/vin_385_discharge_5.csv,LFP,normal,vin_385,discharge,5,0,,,,
LFP_normal_vin_385_vin_385_discharge_6,D:\作业\论文复现\基线模型\mtad-gat-pytorch\datasets\CH-BATTERY\LFP\normal\vin_385\vin_385_discharge_6.csv,LFP/normal/vin_385/vin_385_discharge_6.csv,LFP,normal,vin_385,discharge,6,0,,,,
LFP_normal_vin_385_vin_385_discharge_7,D:\作业\论文复现\基线模型\mtad-gat-pytorch\datasets\CH-BATTERY\LFP\normal\vin_385\vin_385_discharge_7.csv,LFP/normal/vin_385/vin_385_discharge_7.csv,LFP,normal,vin_385,discharge,7,0,,,,
LFP_normal_vin_385_vin_385_discharge_8,D:\作业\论文复现\基线模型\mtad-gat-pytorch\datasets\CH-BATTERY\LFP\normal\vin_385\vin_385_discharge_8.csv,LFP/normal/vin_385/vin_385_discharge_8.csv,LFP,normal,vin_385,discharge,8,0,,,,
LFP_normal_vin_385_vin_385_discharge_9,D:\作业\论文复现\基线模型\mtad-gat-pytorch\datasets\CH-BATTERY\LFP\normal\vin_385\vin_385_discharge_9.csv,LFP/normal/vin_385/vin_385_discharge_9.csv,LFP,normal,vin_385,discharge,9,0,,,,
LFP_normal_vin_385_vin_385_discharge_10,D:\作业\论文复现\基线模型\mtad-gat-pytorch\datasets\CH-BATTERY\LFP\normal\vin_385\vin_385_discharge_10.csv,LFP/normal/vin_385/vin_385_discharge_10.csv,LFP,normal,vin_385,discharge,10,0,,,,
LFP_normal_vin_386_vin_386_discharge_1,D:\作业\论文复现\基线模型\mtad-gat-pytorch\datasets\CH-BATTERY\LFP\normal\vin_386\vin_386_discharge_1.csv,LFP/normal/vin_386/vin_386_discharge_1.csv,LFP,normal,vin_386,discharge,1,0,,,,
LFP_normal_vin_386_vin_386_discharge_2,D:\作业\论文复现\基线模型\mtad-gat-pytorch\datasets\CH-BATTERY\LFP\normal\vin_386\vin_386_discharge_2.csv,LFP/normal/vin_386/vin_386_discharge_2.csv,LFP,normal,vin_386,discharge,2,0,,,,
LFP_normal_vin_386_vin_386_discharge_3,D:\作业\论文复现\基线模型\mtad-gat-pytorch\datasets\CH-BATTERY\LFP\normal\vin_386\vin_386_discharge_3.csv,LFP/normal/vin_386/vin_386_discharge_3.csv,LFP,normal,vin_386,discharge,3,0,,,,
LFP_normal_vin_386_vin_386_discharge_4,D:\作业\论文复现\基线模型\mtad-gat-pytorch\datasets\CH-BATTERY\LFP\normal\vin_386\vin_386_discharge_4.csv,LFP/normal/vin_386/vin_386_discharge_4.csv,LFP,normal,vin_386,discharge,4,0,,,,
LFP_normal_vin_386_vin_386_discharge_5,D:\作业\论文复现\基线模型\mtad-gat-pytorch\datasets\CH-BATTERY\LFP\normal\vin_386\vin_386_discharge_5.csv,LFP/normal/vin_386/vin_386_discharge_5.csv,LFP,normal,vin_386,discharge,5,0,,,,
LFP_normal_vin_386_vin_386_discharge_6,D:\作业\论文复现\基线模型\mtad-gat-pytorch\datasets\CH-BATTERY\LFP\normal\vin_386\vin_386_discharge_6.csv,LFP/normal/vin_386/vin_386_discharge_6.csv,LFP,normal,vin_386,discharge,6,0,,,,
LFP_normal_vin_386_vin_386_discharge_7,D:\作业\论文复现\基线模型\mtad-gat-pytorch\datasets\CH-BATTERY\LFP\normal\vin_386\vin_386_discharge_7.csv,LFP/normal/vin_386/vin_386_discharge_7.csv,LFP,normal,vin_386,discharge,7,0,,,,
LFP_normal_vin_386_vin_386_discharge_8,D:\作业\论文复现\基线模型\mtad-gat-pytorch\datasets\CH-BATTERY\LFP\normal\vin_386\vin_386_discharge_8.csv,LFP/normal/vin_386/vin_386_discharge_8.csv,LFP,normal,vin_386,discharge,8,0,,,,
LFP_normal_vin_386_vin_386_discharge_9,D:\作业\论文复现\基线模型\mtad-gat-pytorch\datasets\CH-BATTERY\LFP\normal\vin_386\vin_386_discharge_9.csv,LFP/normal/vin_386/vin_386_discharge_9.csv,LFP,normal,vin_386,discharge,9,0,,,,
LFP_normal_vin_386_vin_386_discharge_10,D:\作业\论文复现\基线模型\mtad-gat-pytorch\datasets\CH-BATTERY\LFP\normal\vin_386\vin_386_discharge_10.csv,LFP/normal/vin_386/vin_386_discharge_10.csv,LFP,normal,vin_386,discharge,10,0,,,,
LFP_normal_vin_387_vin_387_discharge_1,D:\作业\论文复现\基线模型\mtad-gat-pytorch\datasets\CH-BATTERY\LFP\normal\vin_387\vin_387_discharge_1.csv,LFP/normal/vin_387/vin_387_discharge_1.csv,LFP,normal,vin_387,discharge,1,0,,,,
LFP_normal_vin_387_vin_387_discharge_2,D:\作业\论文复现\基线模型\mtad-gat-pytorch\datasets\CH-BATTERY\LFP\normal\vin_387\vin_387_discharge_2.csv,LFP/normal/vin_387/vin_387_discharge_2.csv,LFP,normal,vin_387,discharge,2,0,,,,
LFP_normal_vin_387_vin_387_discharge_3,D:\作业\论文复现\基线模型\mtad-gat-pytorch\datasets\CH-BATTERY\LFP\normal\vin_387\vin_387_discharge_3.csv,LFP/normal/vin_387/vin_387_discharge_3.csv,LFP,normal,vin_387,discharge,3,0,,,,
LFP_normal_vin_387_vin_387_discharge_4,D:\作业\论文复现\基线模型\mtad-gat-pytorch\datasets\CH-BATTERY\LFP\normal\vin_387\vin_387_discharge_4.csv,LFP/normal/vin_387/vin_387_discharge_4.csv,LFP,normal,vin_387,discharge,4,0,,,,
LFP_normal_vin_387_vin_387_discharge_5,D:\作业\论文复现\基线模型\mtad-gat-pytorch\datasets\CH-BATTERY\LFP\normal\vin_387\vin_387_discharge_5.csv,LFP/normal/vin_387/vin_387_discharge_5.csv,LFP,normal,vin_387,discharge,5,0,,,,
LFP_normal_vin_387_vin_387_discharge_6,D:\作业\论文复现\基线模型\mtad-gat-pytorch\datasets\CH-BATTERY\LFP\normal\vin_387\vin_387_discharge_6.csv,LFP/normal/vin_387/vin_387_discharge_6.csv,LFP,normal,vin_387,discharge,6,0,,,,
LFP_normal_vin_387_vin_387_discharge_7,D:\作业\论文复现\基线模型\mtad-gat-pytorch\datasets\CH-BATTERY\LFP\normal\vin_387\vin_387_discharge_7.csv,LFP/normal/vin_387/vin_387_discharge_7.csv,LFP,normal,vin_387,discharge,7,0,,,,
LFP_normal_vin_387_vin_387_discharge_8,D:\作业\论文复现\基线模型\mtad-gat-pytorch\datasets\CH-BATTERY\LFP\normal\vin_387\vin_387_discharge_8.csv,LFP/normal/vin_387/vin_387_discharge_8.csv,LFP,normal,vin_387,discharge,8,0,,,,
LFP_normal_vin_387_vin_387_discharge_9,D:\作业\论文复现\基线模型\mtad-gat-pytorch\datasets\CH-BATTERY\LFP\normal\vin_387\vin_387_discharge_9.csv,LFP/normal/vin_387/vin_387_discharge_9.csv,LFP,normal,vin_387,discharge,9,0,,,,
LFP_normal_vin_387_vin_387_discharge_10,D:\作业\论文复现\基线模型\mtad-gat-pytorch\datasets\CH-BATTERY\LFP\normal\vin_387\vin_387_discharge_10.csv,LFP/normal/vin_387/vin_387_discharge_10.csv,LFP,normal,vin_387,discharge,10,0,,,,
LFP_normal_vin_388_vin_388_discharge_1,D:\作业\论文复现\基线模型\mtad-gat-pytorch\datasets\CH-BATTERY\LFP\normal\vin_388\vin_388_discharge_1.csv,LFP/normal/vin_388/vin_388_discharge_1.csv,LFP,normal,vin_388,discharge,1,0,,,,
LFP_normal_vin_388_vin_388_discharge_2,D:\作业\论文复现\基线模型\mtad-gat-pytorch\datasets\CH-BATTERY\LFP\normal\vin_388\vin_388_discharge_2.csv,LFP/normal/vin_388/vin_388_discharge_2.csv,LFP,normal,vin_388,discharge,2,0,,,,
LFP_normal_vin_388_vin_388_discharge_3,D:\作业\论文复现\基线模型\mtad-gat-pytorch\datasets\CH-BATTERY\LFP\normal\vin_388\vin_388_discharge_3.csv,LFP/normal/vin_388/vin_388_discharge_3.csv,LFP,normal,vin_388,discharge,3,0,,,,
LFP_normal_vin_388_vin_388_discharge_4,D:\作业\论文复现\基线模型\mtad-gat-pytorch\datasets\CH-BATTERY\LFP\normal\vin_388\vin_388_discharge_4.csv,LFP/normal/vin_388/vin_388_discharge_4.csv,LFP,normal,vin_388,discharge,4,0,,,,
LFP_normal_vin_388_vin_388_discharge_5,D:\作业\论文复现\基线模型\mtad-gat-pytorch\datasets\CH-BATTERY\LFP\normal\vin_388\vin_388_discharge_5.csv,LFP/normal/vin_388/vin_388_discharge_5.csv,LFP,normal,vin_388,discharge,5,0,,,,
LFP_normal_vin_388_vin_388_discharge_6,D:\作业\论文复现\基线模型\mtad-gat-pytorch\datasets\CH-BATTERY\LFP\normal\vin_388\vin_388_discharge_6.csv,LFP/normal/vin_388/vin_388_discharge_6.csv,LFP,normal,vin_388,discharge,6,0,,,,
LFP_normal_vin_388_vin_388_discharge_7,D:\作业\论文复现\基线模型\mtad-gat-pytorch\datasets\CH-BATTERY\LFP\normal\vin_388\vin_388_discharge_7.csv,LFP/normal/vin_388/vin_388_discharge_7.csv,LFP,normal,vin_388,discharge,7,0,,,,
LFP_normal_vin_388_vin_388_discharge_8,D:\作业\论文复现\基线模型\mtad-gat-pytorch\datasets\CH-BATTERY\LFP\normal\vin_388\vin_388_discharge_8.csv,LFP/normal/vin_388/vin_388_discharge_8.csv,LFP,normal,vin_388,discharge,8,0,,,,
LFP_normal_vin_388_vin_388_discharge_9,D:\作业\论文复现\基线模型\mtad-gat-pytorch\datasets\CH-BATTERY\LFP\normal\vin_388\vin_388_discharge_9.csv,LFP/normal/vin_388/vin_388_discharge_9.csv,LFP,normal,vin_388,discharge,9,0,,,,
LFP_normal_vin_388_vin_388_discharge_10,D:\作业\论文复现\基线模型\mtad-gat-pytorch\datasets\CH-BATTERY\LFP\normal\vin_388\vin_388_discharge_10.csv,LFP/normal/vin_388/vin_388_discharge_10.csv,LFP,normal,vin_388,discharge,10,0,,,,
LFP_normal_vin_389_vin_389_discharge_1,D:\作业\论文复现\基线模型\mtad-gat-pytorch\datasets\CH-BATTERY\LFP\normal\vin_389\vin_389_discharge_1.csv,LFP/normal/vin_389/vin_389_discharge_1.csv,LFP,normal,vin_389,discharge,1,0,,,,
LFP_normal_vin_389_vin_389_discharge_2,D:\作业\论文复现\基线模型\mtad-gat-pytorch\datasets\CH-BATTERY\LFP\normal\vin_389\vin_389_discharge_2.csv,LFP/normal/vin_389/vin_389_discharge_2.csv,LFP,normal,vin_389,discharge,2,0,,,,
LFP_normal_vin_389_vin_389_discharge_3,D:\作业\论文复现\基线模型\mtad-gat-pytorch\datasets\CH-BATTERY\LFP\normal\vin_389\vin_389_discharge_3.csv,LFP/normal/vin_389/vin_389_discharge_3.csv,LFP,normal,vin_389,discharge,3,0,,,,
LFP_normal_vin_389_vin_389_discharge_4,D:\作业\论文复现\基线模型\mtad-gat-pytorch\datasets\CH-BATTERY\LFP\normal\vin_389\vin_389_discharge_4.csv,LFP/normal/vin_389/vin_389_discharge_4.csv,LFP,normal,vin_389,discharge,4,0,,,,
LFP_normal_vin_389_vin_389_discharge_5,D:\作业\论文复现\基线模型\mtad-gat-pytorch\datasets\CH-BATTERY\LFP\normal\vin_389\vin_389_discharge_5.csv,LFP/normal/vin_389/vin_389_discharge_5.csv,LFP,normal,vin_389,discharge,5,0,,,,
LFP_normal_vin_389_vin_389_discharge_6,D:\作业\论文复现\基线模型\mtad-gat-pytorch\datasets\CH-BATTERY\LFP\normal\vin_389\vin_389_discharge_6.csv,LFP/normal/vin_389/vin_389_discharge_6.csv,LFP,normal,vin_389,discharge,6,0,,,,
LFP_normal_vin_389_vin_389_discharge_7,D:\作业\论文复现\基线模型\mtad-gat-pytorch\datasets\CH-BATTERY\LFP\normal\vin_389\vin_389_discharge_7.csv,LFP/normal/vin_389/vin_389_discharge_7.csv,LFP,normal,vin_389,discharge,7,0,,,,
LFP_normal_vin_389_vin_389_discharge_8,D:\作业\论文复现\基线模型\mtad-gat-pytorch\datasets\CH-BATTERY\LFP\normal\vin_389\vin_389_discharge_8.csv,LFP/normal/vin_389/vin_389_discharge_8.csv,LFP,normal,vin_389,discharge,8,0,,,,
LFP_normal_vin_389_vin_389_discharge_9,D:\作业\论文复现\基线模型\mtad-gat-pytorch\datasets\CH-BATTERY\LFP\normal\vin_389\vin_389_discharge_9.csv,LFP/normal/vin_389/vin_389_discharge_9.csv,LFP,normal,vin_389,discharge,9,0,,,,
LFP_normal_vin_389_vin_389_discharge_10,D:\作业\论文复现\基线模型\mtad-gat-pytorch\datasets\CH-BATTERY\LFP\normal\vin_389\vin_389_discharge_10.csv,LFP/normal/vin_389/vin_389_discharge_10.csv,LFP,normal,vin_389,discharge,10,0,,,,
LFP_normal_vin_390_vin_390_discharge_1,D:\作业\论文复现\基线模型\mtad-gat-pytorch\datasets\CH-BATTERY\LFP\normal\vin_390\vin_390_discharge_1.csv,LFP/normal/vin_390/vin_390_discharge_1.csv,LFP,normal,vin_390,discharge,1,0,,,,
LFP_normal_vin_390_vin_390_discharge_2,D:\作业\论文复现\基线模型\mtad-gat-pytorch\datasets\CH-BATTERY\LFP\normal\vin_390\vin_390_discharge_2.csv,LFP/normal/vin_390/vin_390_discharge_2.csv,LFP,normal,vin_390,discharge,2,0,,,,
LFP_normal_vin_390_vin_390_discharge_3,D:\作业\论文复现\基线模型\mtad-gat-pytorch\datasets\CH-BATTERY\LFP\normal\vin_390\vin_390_discharge_3.csv,LFP/normal/vin_390/vin_390_discharge_3.csv,LFP,normal,vin_390,discharge,3,0,,,,
LFP_normal_vin_390_vin_390_discharge_4,D:\作业\论文复现\基线模型\mtad-gat-pytorch\datasets\CH-BATTERY\LFP\normal\vin_390\vin_390_discharge_4.csv,LFP/normal/vin_390/vin_390_discharge_4.csv,LFP,normal,vin_390,discharge,4,0,,,,
LFP_normal_vin_390_vin_390_discharge_5,D:\作业\论文复现\基线模型\mtad-gat-pytorch\datasets\CH-BATTERY\LFP\normal\vin_390\vin_390_discharge_5.csv,LFP/normal/vin_390/vin_390_discharge_5.csv,LFP,normal,vin_390,discharge,5,0,,,,
LFP_normal_vin_390_vin_390_discharge_6,D:\作业\论文复现\基线模型\mtad-gat-pytorch\datasets\CH-BATTERY\LFP\normal\vin_390\vin_390_discharge_6.csv,LFP/normal/vin_390/vin_390_discharge_6.csv,LFP,normal,vin_390,discharge,6,0,,,,
LFP_normal_vin_390_vin_390_discharge_7,D:\作业\论文复现\基线模型\mtad-gat-pytorch\datasets\CH-BATTERY\LFP\normal\vin_390\vin_390_discharge_7.csv,LFP/normal/vin_390/vin_390_discharge_7.csv,LFP,normal,vin_390,discharge,7,0,,,,
LFP_normal_vin_390_vin_390_discharge_8,D:\作业\论文复现\基线模型\mtad-gat-pytorch\datasets\CH-BATTERY\LFP\normal\vin_390\vin_390_discharge_8.csv,LFP/normal/vin_390/vin_390_discharge_8.csv,LFP,normal,vin_390,discharge,8,0,,,,
LFP_normal_vin_390_vin_390_discharge_9,D:\作业\论文复现\基线模型\mtad-gat-pytorch\datasets\CH-BATTERY\LFP\normal\vin_390\vin_390_discharge_9.csv,LFP/normal/vin_390/vin_390_discharge_9.csv,LFP,normal,vin_390,discharge,9,0,,,,
LFP_normal_vin_390_vin_390_discharge_10,D:\作业\论文复现\基线模型\mtad-gat-pytorch\datasets\CH-BATTERY\LFP\normal\vin_390\vin_390_discharge_10.csv,LFP/normal/vin_390/vin_390_discharge_10.csv,LFP,normal,vin_390,discharge,10,0,,,,
LFP_normal_vin_392_vin_392_discharge_1,D:\作业\论文复现\基线模型\mtad-gat-pytorch\datasets\CH-BATTERY\LFP\normal\vin_392\vin_392_discharge_1.csv,LFP/normal/vin_392/vin_392_discharge_1.csv,LFP,normal,vin_392,discharge,1,0,,,,
LFP_normal_vin_392_vin_392_discharge_2,D:\作业\论文复现\基线模型\mtad-gat-pytorch\datasets\CH-BATTERY\LFP\normal\vin_392\vin_392_discharge_2.csv,LFP/normal/vin_392/vin_392_discharge_2.csv,LFP,normal,vin_392,discharge,2,0,,,,
LFP_normal_vin_392_vin_392_discharge_3,D:\作业\论文复现\基线模型\mtad-gat-pytorch\datasets\CH-BATTERY\LFP\normal\vin_392\vin_392_discharge_3.csv,LFP/normal/vin_392/vin_392_discharge_3.csv,LFP,normal,vin_392,discharge,3,0,,,,
LFP_normal_vin_392_vin_392_discharge_4,D:\作业\论文复现\基线模型\mtad-gat-pytorch\datasets\CH-BATTERY\LFP\normal\vin_392\vin_392_discharge_4.csv,LFP/normal/vin_392/vin_392_discharge_4.csv,LFP,normal,vin_392,discharge,4,0,,,,
LFP_normal_vin_392_vin_392_discharge_5,D:\作业\论文复现\基线模型\mtad-gat-pytorch\datasets\CH-BATTERY\LFP\normal\vin_392\vin_392_discharge_5.csv,LFP/normal/vin_392/vin_392_discharge_5.csv,LFP,normal,vin_392,discharge,5,0,,,,
LFP_normal_vin_392_vin_392_discharge_6,D:\作业\论文复现\基线模型\mtad-gat-pytorch\datasets\CH-BATTERY\LFP\normal\vin_392\vin_392_discharge_6.csv,LFP/normal/vin_392/vin_392_discharge_6.csv,LFP,normal,vin_392,discharge,6,0,,,,
LFP_normal_vin_392_vin_392_discharge_7,D:\作业\论文复现\基线模型\mtad-gat-pytorch\datasets\CH-BATTERY\LFP\normal\vin_392\vin_392_discharge_7.csv,LFP/normal/vin_392/vin_392_discharge_7.csv,LFP,normal,vin_392,discharge,7,0,,,,
LFP_normal_vin_392_vin_392_discharge_8,D:\作业\论文复现\基线模型\mtad-gat-pytorch\datasets\CH-BATTERY\LFP\normal\vin_392\vin_392_discharge_8.csv,LFP/normal/vin_392/vin_392_discharge_8.csv,LFP,normal,vin_392,discharge,8,0,,,,
LFP_normal_vin_392_vin_392_discharge_9,D:\作业\论文复现\基线模型\mtad-gat-pytorch\datasets\CH-BATTERY\LFP\normal\vin_392\vin_392_discharge_9.csv,LFP/normal/vin_392/vin_392_discharge_9.csv,LFP,normal,vin_392,discharge,9,0,,,,
LFP_normal_vin_392_vin_392_discharge_10,D:\作业\论文复现\基线模型\mtad-gat-pytorch\datasets\CH-BATTERY\LFP\normal\vin_392\vin_392_discharge_10.csv,LFP/normal/vin_392/vin_392_discharge_10.csv,LFP,normal,vin_392,discharge,10,0,,,,
LFP_normal_vin_393_vin_393_discharge_1,D:\作业\论文复现\基线模型\mtad-gat-pytorch\datasets\CH-BATTERY\LFP\normal\vin_393\vin_393_discharge_1.csv,LFP/normal/vin_393/vin_393_discharge_1.csv,LFP,normal,vin_393,discharge,1,0,,,,
LFP_normal_vin_393_vin_393_discharge_2,D:\作业\论文复现\基线模型\mtad-gat-pytorch\datasets\CH-BATTERY\LFP\normal\vin_393\vin_393_discharge_2.csv,LFP/normal/vin_393/vin_393_discharge_2.csv,LFP,normal,vin_393,discharge,2,0,,,,
LFP_normal_vin_393_vin_393_discharge_3,D:\作业\论文复现\基线模型\mtad-gat-pytorch\datasets\CH-BATTERY\LFP\normal\vin_393\vin_393_discharge_3.csv,LFP/normal/vin_393/vin_393_discharge_3.csv,LFP,normal,vin_393,discharge,3,0,,,,
LFP_normal_vin_393_vin_393_discharge_4,D:\作业\论文复现\基线模型\mtad-gat-pytorch\datasets\CH-BATTERY\LFP\normal\vin_393\vin_393_discharge_4.csv,LFP/normal/vin_393/vin_393_discharge_4.csv,LFP,normal,vin_393,discharge,4,0,,,,
LFP_normal_vin_393_vin_393_discharge_5,D:\作业\论文复现\基线模型\mtad-gat-pytorch\datasets\CH-BATTERY\LFP\normal\vin_393\vin_393_discharge_5.csv,LFP/normal/vin_393/vin_393_discharge_5.csv,LFP,normal,vin_393,discharge,5,0,,,,
LFP_normal_vin_393_vin_393_discharge_6,D:\作业\论文复现\基线模型\mtad-gat-pytorch\datasets\CH-BATTERY\LFP\normal\vin_393\vin_393_discharge_6.csv,LFP/normal/vin_393/vin_393_discharge_6.csv,LFP,normal,vin_393,discharge,6,0,,,,
LFP_normal_vin_393_vin_393_discharge_7,D:\作业\论文复现\基线模型\mtad-gat-pytorch\datasets\CH-BATTERY\LFP\normal\vin_393\vin_393_discharge_7.csv,LFP/normal/vin_393/vin_393_discharge_7.csv,LFP,normal,vin_393,discharge,7,0,,,,
LFP_normal_vin_393_vin_393_discharge_8,D:\作业\论文复现\基线模型\mtad-gat-pytorch\datasets\CH-BATTERY\LFP\normal\vin_393\vin_393_discharge_8.csv,LFP/normal/vin_393/vin_393_discharge_8.csv,LFP,normal,vin_393,discharge,8,0,,,,
LFP_normal_vin_393_vin_393_discharge_9,D:\作业\论文复现\基线模型\mtad-gat-pytorch\datasets\CH-BATTERY\LFP\normal\vin_393\vin_393_discharge_9.csv,LFP/normal/vin_393/vin_393_discharge_9.csv,LFP,normal,vin_393,discharge,9,0,,,,
LFP_normal_vin_393_vin_393_discharge_10,D:\作业\论文复现\基线模型\mtad-gat-pytorch\datasets\CH-BATTERY\LFP\normal\vin_393\vin_393_discharge_10.csv,LFP/normal/vin_393/vin_393_discharge_10.csv,LFP,normal,vin_393,discharge,10,0,,,,
LFP_normal_vin_395_vin_395_discharge_1,D:\作业\论文复现\基线模型\mtad-gat-pytorch\datasets\CH-BATTERY\LFP\normal\vin_395\vin_395_discharge_1.csv,LFP/normal/vin_395/vin_395_discharge_1.csv,LFP,normal,vin_395,discharge,1,0,,,,
LFP_normal_vin_395_vin_395_discharge_2,D:\作业\论文复现\基线模型\mtad-gat-pytorch\datasets\CH-BATTERY\LFP\normal\vin_395\vin_395_discharge_2.csv,LFP/normal/vin_395/vin_395_discharge_2.csv,LFP,normal,vin_395,discharge,2,0,,,,
LFP_normal_vin_395_vin_395_discharge_3,D:\作业\论文复现\基线模型\mtad-gat-pytorch\datasets\CH-BATTERY\LFP\normal\vin_395\vin_395_discharge_3.csv,LFP/normal/vin_395/vin_395_discharge_3.csv,LFP,normal,vin_395,discharge,3,0,,,,
LFP_normal_vin_395_vin_395_discharge_4,D:\作业\论文复现\基线模型\mtad-gat-pytorch\datasets\CH-BATTERY\LFP\normal\vin_395\vin_395_discharge_4.csv,LFP/normal/vin_395/vin_395_discharge_4.csv,LFP,normal,vin_395,discharge,4,0,,,,
LFP_normal_vin_395_vin_395_discharge_5,D:\作业\论文复现\基线模型\mtad-gat-pytorch\datasets\CH-BATTERY\LFP\normal\vin_395\vin_395_discharge_5.csv,LFP/normal/vin_395/vin_395_discharge_5.csv,LFP,normal,vin_395,discharge,5,0,,,,
LFP_normal_vin_395_vin_395_discharge_6,D:\作业\论文复现\基线模型\mtad-gat-pytorch\datasets\CH-BATTERY\LFP\normal\vin_395\vin_395_discharge_6.csv,LFP/normal/vin_395/vin_395_discharge_6.csv,LFP,normal,vin_395,discharge,6,0,,,,
LFP_normal_vin_395_vin_395_discharge_7,D:\作业\论文复现\基线模型\mtad-gat-pytorch\datasets\CH-BATTERY\LFP\normal\vin_395\vin_395_discharge_7.csv,LFP/normal/vin_395/vin_395_discharge_7.csv,LFP,normal,vin_395,discharge,7,0,,,,
LFP_normal_vin_395_vin_395_discharge_8,D:\作业\论文复现\基线模型\mtad-gat-pytorch\datasets\CH-BATTERY\LFP\normal\vin_395\vin_395_discharge_8.csv,LFP/normal/vin_395/vin_395_discharge_8.csv,LFP,normal,vin_395,discharge,8,0,,,,
LFP_normal_vin_395_vin_395_discharge_9,D:\作业\论文复现\基线模型\mtad-gat-pytorch\datasets\CH-BATTERY\LFP\normal\vin_395\vin_395_discharge_9.csv,LFP/normal/vin_395/vin_395_discharge_9.csv,LFP,normal,vin_395,discharge,9,0,,,,
LFP_normal_vin_395_vin_395_discharge_10,D:\作业\论文复现\基线模型\mtad-gat-pytorch\datasets\CH-BATTERY\LFP\normal\vin_395\vin_395_discharge_10.csv,LFP/normal/vin_395/vin_395_discharge_10.csv,LFP,normal,vin_395,discharge,10,0,,,,
LFP_normal_vin_396_vin_396_discharge_1,D:\作业\论文复现\基线模型\mtad-gat-pytorch\datasets\CH-BATTERY\LFP\normal\vin_396\vin_396_discharge_1.csv,LFP/normal/vin_396/vin_396_discharge_1.csv,LFP,normal,vin_396,discharge,1,0,,,,
LFP_normal_vin_396_vin_396_discharge_2,D:\作业\论文复现\基线模型\mtad-gat-pytorch\datasets\CH-BATTERY\LFP\normal\vin_396\vin_396_discharge_2.csv,LFP/normal/vin_396/vin_396_discharge_2.csv,LFP,normal,vin_396,discharge,2,0,,,,
LFP_normal_vin_396_vin_396_discharge_3,D:\作业\论文复现\基线模型\mtad-gat-pytorch\datasets\CH-BATTERY\LFP\normal\vin_396\vin_396_discharge_3.csv,LFP/normal/vin_396/vin_396_discharge_3.csv,LFP,normal,vin_396,discharge,3,0,,,,
LFP_normal_vin_396_vin_396_discharge_4,D:\作业\论文复现\基线模型\mtad-gat-pytorch\datasets\CH-BATTERY\LFP\normal\vin_396\vin_396_discharge_4.csv,LFP/normal/vin_396/vin_396_discharge_4.csv,LFP,normal,vin_396,discharge,4,0,,,,
LFP_normal_vin_396_vin_396_discharge_5,D:\作业\论文复现\基线模型\mtad-gat-pytorch\datasets\CH-BATTERY\LFP\normal\vin_396\vin_396_discharge_5.csv,LFP/normal/vin_396/vin_396_discharge_5.csv,LFP,normal,vin_396,discharge,5,0,,,,
LFP_normal_vin_396_vin_396_discharge_6,D:\作业\论文复现\基线模型\mtad-gat-pytorch\datasets\CH-BATTERY\LFP\normal\vin_396\vin_396_discharge_6.csv,LFP/normal/vin_396/vin_396_discharge_6.csv,LFP,normal,vin_396,discharge,6,0,,,,
LFP_normal_vin_396_vin_396_discharge_7,D:\作业\论文复现\基线模型\mtad-gat-pytorch\datasets\CH-BATTERY\LFP\normal\vin_396\vin_396_discharge_7.csv,LFP/normal/vin_396/vin_396_discharge_7.csv,LFP,normal,vin_396,discharge,7,0,,,,
LFP_normal_vin_396_vin_396_discharge_8,D:\作业\论文复现\基线模型\mtad-gat-pytorch\datasets\CH-BATTERY\LFP\normal\vin_396\vin_396_discharge_8.csv,LFP/normal/vin_396/vin_396_discharge_8.csv,LFP,normal,vin_396,discharge,8,0,,,,
LFP_normal_vin_396_vin_396_discharge_9,D:\作业\论文复现\基线模型\mtad-gat-pytorch\datasets\CH-BATTERY\LFP\normal\vin_396\vin_396_discharge_9.csv,LFP/normal/vin_396/vin_396_discharge_9.csv,LFP,normal,vin_396,discharge,9,0,,,,
LFP_normal_vin_396_vin_396_discharge_10,D:\作业\论文复现\基线模型\mtad-gat-pytorch\datasets\CH-BATTERY\LFP\normal\vin_396\vin_396_discharge_10.csv,LFP/normal/vin_396/vin_396_discharge_10.csv,LFP,normal,vin_396,discharge,10,0,,,,
LFP_normal_vin_397_vin_397_discharge_1,D:\作业\论文复现\基线模型\mtad-gat-pytorch\datasets\CH-BATTERY\LFP\normal\vin_397\vin_397_discharge_1.csv,LFP/normal/vin_397/vin_397_discharge_1.csv,LFP,normal,vin_397,discharge,1,0,,,,
LFP_normal_vin_397_vin_397_discharge_2,D:\作业\论文复现\基线模型\mtad-gat-pytorch\datasets\CH-BATTERY\LFP\normal\vin_397\vin_397_discharge_2.csv,LFP/normal/vin_397/vin_397_discharge_2.csv,LFP,normal,vin_397,discharge,2,0,,,,
LFP_normal_vin_397_vin_397_discharge_3,D:\作业\论文复现\基线模型\mtad-gat-pytorch\datasets\CH-BATTERY\LFP\normal\vin_397\vin_397_discharge_3.csv,LFP/normal/vin_397/vin_397_discharge_3.csv,LFP,normal,vin_397,discharge,3,0,,,,
LFP_normal_vin_397_vin_397_discharge_4,D:\作业\论文复现\基线模型\mtad-gat-pytorch\datasets\CH-BATTERY\LFP\normal\vin_397\vin_397_discharge_4.csv,LFP/normal/vin_397/vin_397_discharge_4.csv,LFP,normal,vin_397,discharge,4,0,,,,
LFP_normal_vin_397_vin_397_discharge_5,D:\作业\论文复现\基线模型\mtad-gat-pytorch\datasets\CH-BATTERY\LFP\normal\vin_397\vin_397_discharge_5.csv,LFP/normal/vin_397/vin_397_discharge_5.csv,LFP,normal,vin_397,discharge,5,0,,,,
LFP_normal_vin_397_vin_397_discharge_6,D:\作业\论文复现\基线模型\mtad-gat-pytorch\datasets\CH-BATTERY\LFP\normal\vin_397\vin_397_discharge_6.csv,LFP/normal/vin_397/vin_397_discharge_6.csv,LFP,normal,vin_397,discharge,6,0,,,,
LFP_normal_vin_397_vin_397_discharge_7,D:\作业\论文复现\基线模型\mtad-gat-pytorch\datasets\CH-BATTERY\LFP\normal\vin_397\vin_397_discharge_7.csv,LFP/normal/vin_397/vin_397_discharge_7.csv,LFP,normal,vin_397,discharge,7,0,,,,
LFP_normal_vin_397_vin_397_discharge_8,D:\作业\论文复现\基线模型\mtad-gat-pytorch\datasets\CH-BATTERY\LFP\normal\vin_397\vin_397_discharge_8.csv,LFP/normal/vin_397/vin_397_discharge_8.csv,LFP,normal,vin_397,discharge,8,0,,,,
LFP_normal_vin_397_vin_397_discharge_9,D:\作业\论文复现\基线模型\mtad-gat-pytorch\datasets\CH-BATTERY\LFP\normal\vin_397\vin_397_discharge_9.csv,LFP/normal/vin_397/vin_397_discharge_9.csv,LFP,normal,vin_397,discharge,9,0,,,,
LFP_normal_vin_397_vin_397_discharge_10,D:\作业\论文复现\基线模型\mtad-gat-pytorch\datasets\CH-BATTERY\LFP\normal\vin_397\vin_397_discharge_10.csv,LFP/normal/vin_397/vin_397_discharge_10.csv,LFP,normal,vin_397,discharge,10,0,,,,
LFP_normal_vin_400_vin_400_discharge_1,D:\作业\论文复现\基线模型\mtad-gat-pytorch\datasets\CH-BATTERY\LFP\normal\vin_400\vin_400_discharge_1.csv,LFP/normal/vin_400/vin_400_discharge_1.csv,LFP,normal,vin_400,discharge,1,0,,,,
LFP_normal_vin_400_vin_400_discharge_2,D:\作业\论文复现\基线模型\mtad-gat-pytorch\datasets\CH-BATTERY\LFP\normal\vin_400\vin_400_discharge_2.csv,LFP/normal/vin_400/vin_400_discharge_2.csv,LFP,normal,vin_400,discharge,2,0,,,,
LFP_normal_vin_400_vin_400_discharge_3,D:\作业\论文复现\基线模型\mtad-gat-pytorch\datasets\CH-BATTERY\LFP\normal\vin_400\vin_400_discharge_3.csv,LFP/normal/vin_400/vin_400_discharge_3.csv,LFP,normal,vin_400,discharge,3,0,,,,
LFP_normal_vin_400_vin_400_discharge_4,D:\作业\论文复现\基线模型\mtad-gat-pytorch\datasets\CH-BATTERY\LFP\normal\vin_400\vin_400_discharge_4.csv,LFP/normal/vin_400/vin_400_discharge_4.csv,LFP,normal,vin_400,discharge,4,0,,,,
LFP_normal_vin_400_vin_400_discharge_5,D:\作业\论文复现\基线模型\mtad-gat-pytorch\datasets\CH-BATTERY\LFP\normal\vin_400\vin_400_discharge_5.csv,LFP/normal/vin_400/vin_400_discharge_5.csv,LFP,normal,vin_400,discharge,5,0,,,,
LFP_normal_vin_400_vin_400_discharge_6,D:\作业\论文复现\基线模型\mtad-gat-pytorch\datasets\CH-BATTERY\LFP\normal\vin_400\vin_400_discharge_6.csv,LFP/normal/vin_400/vin_400_discharge_6.csv,LFP,normal,vin_400,discharge,6,0,,,,
LFP_normal_vin_400_vin_400_discharge_7,D:\作业\论文复现\基线模型\mtad-gat-pytorch\datasets\CH-BATTERY\LFP\normal\vin_400\vin_400_discharge_7.csv,LFP/normal/vin_400/vin_400_discharge_7.csv,LFP,normal,vin_400,discharge,7,0,,,,
LFP_normal_vin_400_vin_400_discharge_8,D:\作业\论文复现\基线模型\mtad-gat-pytorch\datasets\CH-BATTERY\LFP\normal\vin_400\vin_400_discharge_8.csv,LFP/normal/vin_400/vin_400_discharge_8.csv,LFP,normal,vin_400,discharge,8,0,,,,
LFP_normal_vin_400_vin_400_discharge_9,D:\作业\论文复现\基线模型\mtad-gat-pytorch\datasets\CH-BATTERY\LFP\normal\vin_400\vin_400_discharge_9.csv,LFP/normal/vin_400/vin_400_discharge_9.csv,LFP,normal,vin_400,discharge,9,0,,,,
LFP_normal_vin_400_vin_400_discharge_10,D:\作业\论文复现\基线模型\mtad-gat-pytorch\datasets\CH-BATTERY\LFP\normal\vin_400\vin_400_discharge_10.csv,LFP/normal/vin_400/vin_400_discharge_10.csv,LFP,normal,vin_400,discharge,10,0,,,,
LFP_normal_vin_401_vin_401_discharge_1,D:\作业\论文复现\基线模型\mtad-gat-pytorch\datasets\CH-BATTERY\LFP\normal\vin_401\vin_401_discharge_1.csv,LFP/normal/vin_401/vin_401_discharge_1.csv,LFP,normal,vin_401,discharge,1,0,,,,
LFP_normal_vin_401_vin_401_discharge_2,D:\作业\论文复现\基线模型\mtad-gat-pytorch\datasets\CH-BATTERY\LFP\normal\vin_401\vin_401_discharge_2.csv,LFP/normal/vin_401/vin_401_discharge_2.csv,LFP,normal,vin_401,discharge,2,0,,,,
LFP_normal_vin_401_vin_401_discharge_3,D:\作业\论文复现\基线模型\mtad-gat-pytorch\datasets\CH-BATTERY\LFP\normal\vin_401\vin_401_discharge_3.csv,LFP/normal/vin_401/vin_401_discharge_3.csv,LFP,normal,vin_401,discharge,3,0,,,,
LFP_normal_vin_401_vin_401_discharge_4,D:\作业\论文复现\基线模型\mtad-gat-pytorch\datasets\CH-BATTERY\LFP\normal\vin_401\vin_401_discharge_4.csv,LFP/normal/vin_401/vin_401_discharge_4.csv,LFP,normal,vin_401,discharge,4,0,,,,
LFP_normal_vin_401_vin_401_discharge_5,D:\作业\论文复现\基线模型\mtad-gat-pytorch\datasets\CH-BATTERY\LFP\normal\vin_401\vin_401_discharge_5.csv,LFP/normal/vin_401/vin_401_discharge_5.csv,LFP,normal,vin_401,discharge,5,0,,,,
LFP_normal_vin_401_vin_401_discharge_6,D:\作业\论文复现\基线模型\mtad-gat-pytorch\datasets\CH-BATTERY\LFP\normal\vin_401\vin_401_discharge_6.csv,LFP/normal/vin_401/vin_401_discharge_6.csv,LFP,normal,vin_401,discharge,6,0,,,,
LFP_normal_vin_401_vin_401_discharge_7,D:\作业\论文复现\基线模型\mtad-gat-pytorch\datasets\CH-BATTERY\LFP\normal\vin_401\vin_401_discharge_7.csv,LFP/normal/vin_401/vin_401_discharge_7.csv,LFP,normal,vin_401,discharge,7,0,,,,
LFP_normal_vin_401_vin_401_discharge_8,D:\作业\论文复现\基线模型\mtad-gat-pytorch\datasets\CH-BATTERY\LFP\normal\vin_401\vin_401_discharge_8.csv,LFP/normal/vin_401/vin_401_discharge_8.csv,LFP,normal,vin_401,discharge,8,0,,,,
LFP_normal_vin_401_vin_401_discharge_9,D:\作业\论文复现\基线模型\mtad-gat-pytorch\datasets\CH-BATTERY\LFP\normal\vin_401\vin_401_discharge_9.csv,LFP/normal/vin_401/vin_401_discharge_9.csv,LFP,normal,vin_401,discharge,9,0,,,,
LFP_normal_vin_401_vin_401_discharge_10,D:\作业\论文复现\基线模型\mtad-gat-pytorch\datasets\CH-BATTERY\LFP\normal\vin_401\vin_401_discharge_10.csv,LFP/normal/vin_401/vin_401_discharge_10.csv,LFP,normal,vin_401,discharge,10,0,,,,
LFP_normal_vin_404_vin_404_discharge_1,D:\作业\论文复现\基线模型\mtad-gat-pytorch\datasets\CH-BATTERY\LFP\normal\vin_404\vin_404_discharge_1.csv,LFP/normal/vin_404/vin_404_discharge_1.csv,LFP,normal,vin_404,discharge,1,0,,,,
LFP_normal_vin_404_vin_404_discharge_2,D:\作业\论文复现\基线模型\mtad-gat-pytorch\datasets\CH-BATTERY\LFP\normal\vin_404\vin_404_discharge_2.csv,LFP/normal/vin_404/vin_404_discharge_2.csv,LFP,normal,vin_404,discharge,2,0,,,,
LFP_normal_vin_404_vin_404_discharge_3,D:\作业\论文复现\基线模型\mtad-gat-pytorch\datasets\CH-BATTERY\LFP\normal\vin_404\vin_404_discharge_3.csv,LFP/normal/vin_404/vin_404_discharge_3.csv,LFP,normal,vin_404,discharge,3,0,,,,
LFP_normal_vin_404_vin_404_discharge_4,D:\作业\论文复现\基线模型\mtad-gat-pytorch\datasets\CH-BATTERY\LFP\normal\vin_404\vin_404_discharge_4.csv,LFP/normal/vin_404/vin_404_discharge_4.csv,LFP,normal,vin_404,discharge,4,0,,,,
LFP_normal_vin_404_vin_404_discharge_5,D:\作业\论文复现\基线模型\mtad-gat-pytorch\datasets\CH-BATTERY\LFP\normal\vin_404\vin_404_discharge_5.csv,LFP/normal/vin_404/vin_404_discharge_5.csv,LFP,normal,vin_404,discharge,5,0,,,,
LFP_normal_vin_404_vin_404_discharge_6,D:\作业\论文复现\基线模型\mtad-gat-pytorch\datasets\CH-BATTERY\LFP\normal\vin_404\vin_404_discharge_6.csv,LFP/normal/vin_404/vin_404_discharge_6.csv,LFP,normal,vin_404,discharge,6,0,,,,
LFP_normal_vin_404_vin_404_discharge_7,D:\作业\论文复现\基线模型\mtad-gat-pytorch\datasets\CH-BATTERY\LFP\normal\vin_404\vin_404_discharge_7.csv,LFP/normal/vin_404/vin_404_discharge_7.csv,LFP,normal,vin_404,discharge,7,0,,,,
LFP_normal_vin_404_vin_404_discharge_8,D:\作业\论文复现\基线模型\mtad-gat-pytorch\datasets\CH-BATTERY\LFP\normal\vin_404\vin_404_discharge_8.csv,LFP/normal/vin_404/vin_404_discharge_8.csv,LFP,normal,vin_404,discharge,8,0,,,,
LFP_normal_vin_404_vin_404_discharge_9,D:\作业\论文复现\基线模型\mtad-gat-pytorch\datasets\CH-BATTERY\LFP\normal\vin_404\vin_404_discharge_9.csv,LFP/normal/vin_404/vin_404_discharge_9.csv,LFP,normal,vin_404,discharge,9,0,,,,
LFP_normal_vin_404_vin_404_discharge_10,D:\作业\论文复现\基线模型\mtad-gat-pytorch\datasets\CH-BATTERY\LFP\normal\vin_404\vin_404_discharge_10.csv,LFP/normal/vin_404/vin_404_discharge_10.csv,LFP,normal,vin_404,discharge,10,0,,,,
LFP_normal_vin_406_vin_406_discharge_1,D:\作业\论文复现\基线模型\mtad-gat-pytorch\datasets\CH-BATTERY\LFP\normal\vin_406\vin_406_discharge_1.csv,LFP/normal/vin_406/vin_406_discharge_1.csv,LFP,normal,vin_406,discharge,1,0,,,,
LFP_normal_vin_406_vin_406_discharge_2,D:\作业\论文复现\基线模型\mtad-gat-pytorch\datasets\CH-BATTERY\LFP\normal\vin_406\vin_406_discharge_2.csv,LFP/normal/vin_406/vin_406_discharge_2.csv,LFP,normal,vin_406,discharge,2,0,,,,
LFP_normal_vin_406_vin_406_discharge_3,D:\作业\论文复现\基线模型\mtad-gat-pytorch\datasets\CH-BATTERY\LFP\normal\vin_406\vin_406_discharge_3.csv,LFP/normal/vin_406/vin_406_discharge_3.csv,LFP,normal,vin_406,discharge,3,0,,,,
LFP_normal_vin_406_vin_406_discharge_4,D:\作业\论文复现\基线模型\mtad-gat-pytorch\datasets\CH-BATTERY\LFP\normal\vin_406\vin_406_discharge_4.csv,LFP/normal/vin_406/vin_406_discharge_4.csv,LFP,normal,vin_406,discharge,4,0,,,,
LFP_normal_vin_406_vin_406_discharge_5,D:\作业\论文复现\基线模型\mtad-gat-pytorch\datasets\CH-BATTERY\LFP\normal\vin_406\vin_406_discharge_5.csv,LFP/normal/vin_406/vin_406_discharge_5.csv,LFP,normal,vin_406,discharge,5,0,,,,
LFP_normal_vin_406_vin_406_discharge_6,D:\作业\论文复现\基线模型\mtad-gat-pytorch\datasets\CH-BATTERY\LFP\normal\vin_406\vin_406_discharge_6.csv,LFP/normal/vin_406/vin_406_discharge_6.csv,LFP,normal,vin_406,discharge,6,0,,,,
LFP_normal_vin_406_vin_406_discharge_7,D:\作业\论文复现\基线模型\mtad-gat-pytorch\datasets\CH-BATTERY\LFP\normal\vin_406\vin_406_discharge_7.csv,LFP/normal/vin_406/vin_406_discharge_7.csv,LFP,normal,vin_406,discharge,7,0,,,,
LFP_normal_vin_406_vin_406_discharge_8,D:\作业\论文复现\基线模型\mtad-gat-pytorch\datasets\CH-BATTERY\LFP\normal\vin_406\vin_406_discharge_8.csv,LFP/normal/vin_406/vin_406_discharge_8.csv,LFP,normal,vin_406,discharge,8,0,,,,
LFP_normal_vin_406_vin_406_discharge_9,D:\作业\论文复现\基线模型\mtad-gat-pytorch\datasets\CH-BATTERY\LFP\normal\vin_406\vin_406_discharge_9.csv,LFP/normal/vin_406/vin_406_discharge_9.csv,LFP,normal,vin_406,discharge,9,0,,,,
LFP_normal_vin_406_vin_406_discharge_10,D:\作业\论文复现\基线模型\mtad-gat-pytorch\datasets\CH-BATTERY\LFP\normal\vin_406\vin_406_discharge_10.csv,LFP/normal/vin_406/vin_406_discharge_10.csv,LFP,normal,vin_406,discharge,10,0,,,,
LFP_normal_vin_409_vin_409_discharge_1,D:\作业\论文复现\基线模型\mtad-gat-pytorch\datasets\CH-BATTERY\LFP\normal\vin_409\vin_409_discharge_1.csv,LFP/normal/vin_409/vin_409_discharge_1.csv,LFP,normal,vin_409,discharge,1,0,,,,
LFP_normal_vin_409_vin_409_discharge_2,D:\作业\论文复现\基线模型\mtad-gat-pytorch\datasets\CH-BATTERY\LFP\normal\vin_409\vin_409_discharge_2.csv,LFP/normal/vin_409/vin_409_discharge_2.csv,LFP,normal,vin_409,discharge,2,0,,,,
LFP_normal_vin_409_vin_409_discharge_3,D:\作业\论文复现\基线模型\mtad-gat-pytorch\datasets\CH-BATTERY\LFP\normal\vin_409\vin_409_discharge_3.csv,LFP/normal/vin_409/vin_409_discharge_3.csv,LFP,normal,vin_409,discharge,3,0,,,,
LFP_normal_vin_409_vin_409_discharge_4,D:\作业\论文复现\基线模型\mtad-gat-pytorch\datasets\CH-BATTERY\LFP\normal\vin_409\vin_409_discharge_4.csv,LFP/normal/vin_409/vin_409_discharge_4.csv,LFP,normal,vin_409,discharge,4,0,,,,
LFP_normal_vin_409_vin_409_discharge_5,D:\作业\论文复现\基线模型\mtad-gat-pytorch\datasets\CH-BATTERY\LFP\normal\vin_409\vin_409_discharge_5.csv,LFP/normal/vin_409/vin_409_discharge_5.csv,LFP,normal,vin_409,discharge,5,0,,,,
LFP_normal_vin_409_vin_409_discharge_6,D:\作业\论文复现\基线模型\mtad-gat-pytorch\datasets\CH-BATTERY\LFP\normal\vin_409\vin_409_discharge_6.csv,LFP/normal/vin_409/vin_409_discharge_6.csv,LFP,normal,vin_409,discharge,6,0,,,,
LFP_normal_vin_409_vin_409_discharge_7,D:\作业\论文复现\基线模型\mtad-gat-pytorch\datasets\CH-BATTERY\LFP\normal\vin_409\vin_409_discharge_7.csv,LFP/normal/vin_409/vin_409_discharge_7.csv,LFP,normal,vin_409,discharge,7,0,,,,
LFP_normal_vin_409_vin_409_discharge_8,D:\作业\论文复现\基线模型\mtad-gat-pytorch\datasets\CH-BATTERY\LFP\normal\vin_409\vin_409_discharge_8.csv,LFP/normal/vin_409/vin_409_discharge_8.csv,LFP,normal,vin_409,discharge,8,0,,,,
LFP_normal_vin_409_vin_409_discharge_9,D:\作业\论文复现\基线模型\mtad-gat-pytorch\datasets\CH-BATTERY\LFP\normal\vin_409\vin_409_discharge_9.csv,LFP/normal/vin_409/vin_409_discharge_9.csv,LFP,normal,vin_409,discharge,9,0,,,,
LFP_normal_vin_409_vin_409_discharge_10,D:\作业\论文复现\基线模型\mtad-gat-pytorch\datasets\CH-BATTERY\LFP\normal\vin_409\vin_409_discharge_10.csv,LFP/normal/vin_409/vin_409_discharge_10.csv,LFP,normal,vin_409,discharge,10,0,,,,
LFP_normal_vin_410_vin_410_discharge_1,D:\作业\论文复现\基线模型\mtad-gat-pytorch\datasets\CH-BATTERY\LFP\normal\vin_410\vin_410_discharge_1.csv,LFP/normal/vin_410/vin_410_discharge_1.csv,LFP,normal,vin_410,discharge,1,0,,,,
LFP_normal_vin_410_vin_410_discharge_2,D:\作业\论文复现\基线模型\mtad-gat-pytorch\datasets\CH-BATTERY\LFP\normal\vin_410\vin_410_discharge_2.csv,LFP/normal/vin_410/vin_410_discharge_2.csv,LFP,normal,vin_410,discharge,2,0,,,,
LFP_normal_vin_410_vin_410_discharge_3,D:\作业\论文复现\基线模型\mtad-gat-pytorch\datasets\CH-BATTERY\LFP\normal\vin_410\vin_410_discharge_3.csv,LFP/normal/vin_410/vin_410_discharge_3.csv,LFP,normal,vin_410,discharge,3,0,,,,
LFP_normal_vin_410_vin_410_discharge_4,D:\作业\论文复现\基线模型\mtad-gat-pytorch\datasets\CH-BATTERY\LFP\normal\vin_410\vin_410_discharge_4.csv,LFP/normal/vin_410/vin_410_discharge_4.csv,LFP,normal,vin_410,discharge,4,0,,,,
LFP_normal_vin_410_vin_410_discharge_5,D:\作业\论文复现\基线模型\mtad-gat-pytorch\datasets\CH-BATTERY\LFP\normal\vin_410\vin_410_discharge_5.csv,LFP/normal/vin_410/vin_410_discharge_5.csv,LFP,normal,vin_410,discharge,5,0,,,,
LFP_normal_vin_410_vin_410_discharge_6,D:\作业\论文复现\基线模型\mtad-gat-pytorch\datasets\CH-BATTERY\LFP\normal\vin_410\vin_410_discharge_6.csv,LFP/normal/vin_410/vin_410_discharge_6.csv,LFP,normal,vin_410,discharge,6,0,,,,
LFP_normal_vin_410_vin_410_discharge_7,D:\作业\论文复现\基线模型\mtad-gat-pytorch\datasets\CH-BATTERY\LFP\normal\vin_410\vin_410_discharge_7.csv,LFP/normal/vin_410/vin_410_discharge_7.csv,LFP,normal,vin_410,discharge,7,0,,,,
LFP_normal_vin_410_vin_410_discharge_8,D:\作业\论文复现\基线模型\mtad-gat-pytorch\datasets\CH-BATTERY\LFP\normal\vin_410\vin_410_discharge_8.csv,LFP/normal/vin_410/vin_410_discharge_8.csv,LFP,normal,vin_410,discharge,8,0,,,,
LFP_normal_vin_410_vin_410_discharge_9,D:\作业\论文复现\基线模型\mtad-gat-pytorch\datasets\CH-BATTERY\LFP\normal\vin_410\vin_410_discharge_9.csv,LFP/normal/vin_410/vin_410_discharge_9.csv,LFP,normal,vin_410,discharge,9,0,,,,
LFP_normal_vin_410_vin_410_discharge_10,D:\作业\论文复现\基线模型\mtad-gat-pytorch\datasets\CH-BATTERY\LFP\normal\vin_410\vin_410_discharge_10.csv,LFP/normal/vin_410/vin_410_discharge_10.csv,LFP,normal,vin_410,discharge,10,0,,,,
LFP_normal_vin_411_vin_411_discharge_1,D:\作业\论文复现\基线模型\mtad-gat-pytorch\datasets\CH-BATTERY\LFP\normal\vin_411\vin_411_discharge_1.csv,LFP/normal/vin_411/vin_411_discharge_1.csv,LFP,normal,vin_411,discharge,1,0,,,,
LFP_normal_vin_411_vin_411_discharge_2,D:\作业\论文复现\基线模型\mtad-gat-pytorch\datasets\CH-BATTERY\LFP\normal\vin_411\vin_411_discharge_2.csv,LFP/normal/vin_411/vin_411_discharge_2.csv,LFP,normal,vin_411,discharge,2,0,,,,
LFP_normal_vin_411_vin_411_discharge_3,D:\作业\论文复现\基线模型\mtad-gat-pytorch\datasets\CH-BATTERY\LFP\normal\vin_411\vin_411_discharge_3.csv,LFP/normal/vin_411/vin_411_discharge_3.csv,LFP,normal,vin_411,discharge,3,0,,,,
LFP_normal_vin_411_vin_411_discharge_4,D:\作业\论文复现\基线模型\mtad-gat-pytorch\datasets\CH-BATTERY\LFP\normal\vin_411\vin_411_discharge_4.csv,LFP/normal/vin_411/vin_411_discharge_4.csv,LFP,normal,vin_411,discharge,4,0,,,,
LFP_normal_vin_411_vin_411_discharge_5,D:\作业\论文复现\基线模型\mtad-gat-pytorch\datasets\CH-BATTERY\LFP\normal\vin_411\vin_411_discharge_5.csv,LFP/normal/vin_411/vin_411_discharge_5.csv,LFP,normal,vin_411,discharge,5,0,,,,
LFP_normal_vin_411_vin_411_discharge_6,D:\作业\论文复现\基线模型\mtad-gat-pytorch\datasets\CH-BATTERY\LFP\normal\vin_411\vin_411_discharge_6.csv,LFP/normal/vin_411/vin_411_discharge_6.csv,LFP,normal,vin_411,discharge,6,0,,,,
LFP_normal_vin_411_vin_411_discharge_7,D:\作业\论文复现\基线模型\mtad-gat-pytorch\datasets\CH-BATTERY\LFP\normal\vin_411\vin_411_discharge_7.csv,LFP/normal/vin_411/vin_411_discharge_7.csv,LFP,normal,vin_411,discharge,7,0,,,,
LFP_normal_vin_411_vin_411_discharge_8,D:\作业\论文复现\基线模型\mtad-gat-pytorch\datasets\CH-BATTERY\LFP\normal\vin_411\vin_411_discharge_8.csv,LFP/normal/vin_411/vin_411_discharge_8.csv,LFP,normal,vin_411,discharge,8,0,,,,
LFP_normal_vin_411_vin_411_discharge_9,D:\作业\论文复现\基线模型\mtad-gat-pytorch\datasets\CH-BATTERY\LFP\normal\vin_411\vin_411_discharge_9.csv,LFP/normal/vin_411/vin_411_discharge_9.csv,LFP,normal,vin_411,discharge,9,0,,,,
LFP_normal_vin_411_vin_411_discharge_10,D:\作业\论文复现\基线模型\mtad-gat-pytorch\datasets\CH-BATTERY\LFP\normal\vin_411\vin_411_discharge_10.csv,LFP/normal/vin_411/vin_411_discharge_10.csv,LFP,normal,vin_411,discharge,10,0,,,,
LFP_normal_vin_412_vin_412_discharge_1,D:\作业\论文复现\基线模型\mtad-gat-pytorch\datasets\CH-BATTERY\LFP\normal\vin_412\vin_412_discharge_1.csv,LFP/normal/vin_412/vin_412_discharge_1.csv,LFP,normal,vin_412,discharge,1,0,,,,
LFP_normal_vin_412_vin_412_discharge_2,D:\作业\论文复现\基线模型\mtad-gat-pytorch\datasets\CH-BATTERY\LFP\normal\vin_412\vin_412_discharge_2.csv,LFP/normal/vin_412/vin_412_discharge_2.csv,LFP,normal,vin_412,discharge,2,0,,,,
LFP_normal_vin_412_vin_412_discharge_3,D:\作业\论文复现\基线模型\mtad-gat-pytorch\datasets\CH-BATTERY\LFP\normal\vin_412\vin_412_discharge_3.csv,LFP/normal/vin_412/vin_412_discharge_3.csv,LFP,normal,vin_412,discharge,3,0,,,,
LFP_normal_vin_412_vin_412_discharge_4,D:\作业\论文复现\基线模型\mtad-gat-pytorch\datasets\CH-BATTERY\LFP\normal\vin_412\vin_412_discharge_4.csv,LFP/normal/vin_412/vin_412_discharge_4.csv,LFP,normal,vin_412,discharge,4,0,,,,
LFP_normal_vin_412_vin_412_discharge_5,D:\作业\论文复现\基线模型\mtad-gat-pytorch\datasets\CH-BATTERY\LFP\normal\vin_412\vin_412_discharge_5.csv,LFP/normal/vin_412/vin_412_discharge_5.csv,LFP,normal,vin_412,discharge,5,0,,,,
LFP_normal_vin_412_vin_412_discharge_6,D:\作业\论文复现\基线模型\mtad-gat-pytorch\datasets\CH-BATTERY\LFP\normal\vin_412\vin_412_discharge_6.csv,LFP/normal/vin_412/vin_412_discharge_6.csv,LFP,normal,vin_412,discharge,6,0,,,,
LFP_normal_vin_412_vin_412_discharge_7,D:\作业\论文复现\基线模型\mtad-gat-pytorch\datasets\CH-BATTERY\LFP\normal\vin_412\vin_412_discharge_7.csv,LFP/normal/vin_412/vin_412_discharge_7.csv,LFP,normal,vin_412,discharge,7,0,,,,
LFP_normal_vin_412_vin_412_discharge_8,D:\作业\论文复现\基线模型\mtad-gat-pytorch\datasets\CH-BATTERY\LFP\normal\vin_412\vin_412_discharge_8.csv,LFP/normal/vin_412/vin_412_discharge_8.csv,LFP,normal,vin_412,discharge,8,0,,,,
LFP_normal_vin_412_vin_412_discharge_9,D:\作业\论文复现\基线模型\mtad-gat-pytorch\datasets\CH-BATTERY\LFP\normal\vin_412\vin_412_discharge_9.csv,LFP/normal/vin_412/vin_412_discharge_9.csv,LFP,normal,vin_412,discharge,9,0,,,,
LFP_normal_vin_412_vin_412_discharge_10,D:\作业\论文复现\基线模型\mtad-gat-pytorch\datasets\CH-BATTERY\LFP\normal\vin_412\vin_412_discharge_10.csv,LFP/normal/vin_412/vin_412_discharge_10.csv,LFP,normal,vin_412,discharge,10,0,,,,
LFP_normal_vin_413_vin_413_discharge_1,D:\作业\论文复现\基线模型\mtad-gat-pytorch\datasets\CH-BATTERY\LFP\normal\vin_413\vin_413_discharge_1.csv,LFP/normal/vin_413/vin_413_discharge_1.csv,LFP,normal,vin_413,discharge,1,0,,,,
LFP_normal_vin_413_vin_413_discharge_2,D:\作业\论文复现\基线模型\mtad-gat-pytorch\datasets\CH-BATTERY\LFP\normal\vin_413\vin_413_discharge_2.csv,LFP/normal/vin_413/vin_413_discharge_2.csv,LFP,normal,vin_413,discharge,2,0,,,,
LFP_normal_vin_413_vin_413_discharge_3,D:\作业\论文复现\基线模型\mtad-gat-pytorch\datasets\CH-BATTERY\LFP\normal\vin_413\vin_413_discharge_3.csv,LFP/normal/vin_413/vin_413_discharge_3.csv,LFP,normal,vin_413,discharge,3,0,,,,
LFP_normal_vin_413_vin_413_discharge_4,D:\作业\论文复现\基线模型\mtad-gat-pytorch\datasets\CH-BATTERY\LFP\normal\vin_413\vin_413_discharge_4.csv,LFP/normal/vin_413/vin_413_discharge_4.csv,LFP,normal,vin_413,discharge,4,0,,,,
LFP_normal_vin_413_vin_413_discharge_5,D:\作业\论文复现\基线模型\mtad-gat-pytorch\datasets\CH-BATTERY\LFP\normal\vin_413\vin_413_discharge_5.csv,LFP/normal/vin_413/vin_413_discharge_5.csv,LFP,normal,vin_413,discharge,5,0,,,,
LFP_normal_vin_413_vin_413_discharge_6,D:\作业\论文复现\基线模型\mtad-gat-pytorch\datasets\CH-BATTERY\LFP\normal\vin_413\vin_413_discharge_6.csv,LFP/normal/vin_413/vin_413_discharge_6.csv,LFP,normal,vin_413,discharge,6,0,,,,
LFP_normal_vin_413_vin_413_discharge_7,D:\作业\论文复现\基线模型\mtad-gat-pytorch\datasets\CH-BATTERY\LFP\normal\vin_413\vin_413_discharge_7.csv,LFP/normal/vin_413/vin_413_discharge_7.csv,LFP,normal,vin_413,discharge,7,0,,,,
LFP_normal_vin_413_vin_413_discharge_8,D:\作业\论文复现\基线模型\mtad-gat-pytorch\datasets\CH-BATTERY\LFP\normal\vin_413\vin_413_discharge_8.csv,LFP/normal/vin_413/vin_413_discharge_8.csv,LFP,normal,vin_413,discharge,8,0,,,,
LFP_normal_vin_413_vin_413_discharge_9,D:\作业\论文复现\基线模型\mtad-gat-pytorch\datasets\CH-BATTERY\LFP\normal\vin_413\vin_413_discharge_9.csv,LFP/normal/vin_413/vin_413_discharge_9.csv,LFP,normal,vin_413,discharge,9,0,,,,
LFP_normal_vin_413_vin_413_discharge_10,D:\作业\论文复现\基线模型\mtad-gat-pytorch\datasets\CH-BATTERY\LFP\normal\vin_413\vin_413_discharge_10.csv,LFP/normal/vin_413/vin_413_discharge_10.csv,LFP,normal,vin_413,discharge,10,0,,,,
LFP_normal_vin_414_vin_414_discharge_1,D:\作业\论文复现\基线模型\mtad-gat-pytorch\datasets\CH-BATTERY\LFP\normal\vin_414\vin_414_discharge_1.csv,LFP/normal/vin_414/vin_414_discharge_1.csv,LFP,normal,vin_414,discharge,1,0,,,,
LFP_normal_vin_414_vin_414_discharge_2,D:\作业\论文复现\基线模型\mtad-gat-pytorch\datasets\CH-BATTERY\LFP\normal\vin_414\vin_414_discharge_2.csv,LFP/normal/vin_414/vin_414_discharge_2.csv,LFP,normal,vin_414,discharge,2,0,,,,
LFP_normal_vin_414_vin_414_discharge_3,D:\作业\论文复现\基线模型\mtad-gat-pytorch\datasets\CH-BATTERY\LFP\normal\vin_414\vin_414_discharge_3.csv,LFP/normal/vin_414/vin_414_discharge_3.csv,LFP,normal,vin_414,discharge,3,0,,,,
LFP_normal_vin_414_vin_414_discharge_4,D:\作业\论文复现\基线模型\mtad-gat-pytorch\datasets\CH-BATTERY\LFP\normal\vin_414\vin_414_discharge_4.csv,LFP/normal/vin_414/vin_414_discharge_4.csv,LFP,normal,vin_414,discharge,4,0,,,,
LFP_normal_vin_414_vin_414_discharge_5,D:\作业\论文复现\基线模型\mtad-gat-pytorch\datasets\CH-BATTERY\LFP\normal\vin_414\vin_414_discharge_5.csv,LFP/normal/vin_414/vin_414_discharge_5.csv,LFP,normal,vin_414,discharge,5,0,,,,
LFP_normal_vin_414_vin_414_discharge_6,D:\作业\论文复现\基线模型\mtad-gat-pytorch\datasets\CH-BATTERY\LFP\normal\vin_414\vin_414_discharge_6.csv,LFP/normal/vin_414/vin_414_discharge_6.csv,LFP,normal,vin_414,discharge,6,0,,,,
LFP_normal_vin_414_vin_414_discharge_7,D:\作业\论文复现\基线模型\mtad-gat-pytorch\datasets\CH-BATTERY\LFP\normal\vin_414\vin_414_discharge_7.csv,LFP/normal/vin_414/vin_414_discharge_7.csv,LFP,normal,vin_414,discharge,7,0,,,,
LFP_normal_vin_414_vin_414_discharge_8,D:\作业\论文复现\基线模型\mtad-gat-pytorch\datasets\CH-BATTERY\LFP\normal\vin_414\vin_414_discharge_8.csv,LFP/normal/vin_414/vin_414_discharge_8.csv,LFP,normal,vin_414,discharge,8,0,,,,
LFP_normal_vin_414_vin_414_discharge_9,D:\作业\论文复现\基线模型\mtad-gat-pytorch\datasets\CH-BATTERY\LFP\normal\vin_414\vin_414_discharge_9.csv,LFP/normal/vin_414/vin_414_discharge_9.csv,LFP,normal,vin_414,discharge,9,0,,,,
LFP_normal_vin_414_vin_414_discharge_10,D:\作业\论文复现\基线模型\mtad-gat-pytorch\datasets\CH-BATTERY\LFP\normal\vin_414\vin_414_discharge_10.csv,LFP/normal/vin_414/vin_414_discharge_10.csv,LFP,normal,vin_414,discharge,10,0,,,,
LFP_normal_vin_415_vin_415_discharge_1,D:\作业\论文复现\基线模型\mtad-gat-pytorch\datasets\CH-BATTERY\LFP\normal\vin_415\vin_415_discharge_1.csv,LFP/normal/vin_415/vin_415_discharge_1.csv,LFP,normal,vin_415,discharge,1,0,,,,
LFP_normal_vin_415_vin_415_discharge_2,D:\作业\论文复现\基线模型\mtad-gat-pytorch\datasets\CH-BATTERY\LFP\normal\vin_415\vin_415_discharge_2.csv,LFP/normal/vin_415/vin_415_discharge_2.csv,LFP,normal,vin_415,discharge,2,0,,,,
LFP_normal_vin_415_vin_415_discharge_3,D:\作业\论文复现\基线模型\mtad-gat-pytorch\datasets\CH-BATTERY\LFP\normal\vin_415\vin_415_discharge_3.csv,LFP/normal/vin_415/vin_415_discharge_3.csv,LFP,normal,vin_415,discharge,3,0,,,,
LFP_normal_vin_415_vin_415_discharge_4,D:\作业\论文复现\基线模型\mtad-gat-pytorch\datasets\CH-BATTERY\LFP\normal\vin_415\vin_415_discharge_4.csv,LFP/normal/vin_415/vin_415_discharge_4.csv,LFP,normal,vin_415,discharge,4,0,,,,
LFP_normal_vin_415_vin_415_discharge_5,D:\作业\论文复现\基线模型\mtad-gat-pytorch\datasets\CH-BATTERY\LFP\normal\vin_415\vin_415_discharge_5.csv,LFP/normal/vin_415/vin_415_discharge_5.csv,LFP,normal,vin_415,discharge,5,0,,,,
LFP_normal_vin_415_vin_415_discharge_6,D:\作业\论文复现\基线模型\mtad-gat-pytorch\datasets\CH-BATTERY\LFP\normal\vin_415\vin_415_discharge_6.csv,LFP/normal/vin_415/vin_415_discharge_6.csv,LFP,normal,vin_415,discharge,6,0,,,,
LFP_normal_vin_415_vin_415_discharge_7,D:\作业\论文复现\基线模型\mtad-gat-pytorch\datasets\CH-BATTERY\LFP\normal\vin_415\vin_415_discharge_7.csv,LFP/normal/vin_415/vin_415_discharge_7.csv,LFP,normal,vin_415,discharge,7,0,,,,
LFP_normal_vin_415_vin_415_discharge_8,D:\作业\论文复现\基线模型\mtad-gat-pytorch\datasets\CH-BATTERY\LFP\normal\vin_415\vin_415_discharge_8.csv,LFP/normal/vin_415/vin_415_discharge_8.csv,LFP,normal,vin_415,discharge,8,0,,,,
LFP_normal_vin_415_vin_415_discharge_9,D:\作业\论文复现\基线模型\mtad-gat-pytorch\datasets\CH-BATTERY\LFP\normal\vin_415\vin_415_discharge_9.csv,LFP/normal/vin_415/vin_415_discharge_9.csv,LFP,normal,vin_415,discharge,9,0,,,,
LFP_normal_vin_415_vin_415_discharge_10,D:\作业\论文复现\基线模型\mtad-gat-pytorch\datasets\CH-BATTERY\LFP\normal\vin_415\vin_415_discharge_10.csv,LFP/normal/vin_415/vin_415_discharge_10.csv,LFP,normal,vin_415,discharge,10,0,,,,
LFP_normal_vin_416_vin_416_discharge_1,D:\作业\论文复现\基线模型\mtad-gat-pytorch\datasets\CH-BATTERY\LFP\normal\vin_416\vin_416_discharge_1.csv,LFP/normal/vin_416/vin_416_discharge_1.csv,LFP,normal,vin_416,discharge,1,0,,,,
LFP_normal_vin_416_vin_416_discharge_2,D:\作业\论文复现\基线模型\mtad-gat-pytorch\datasets\CH-BATTERY\LFP\normal\vin_416\vin_416_discharge_2.csv,LFP/normal/vin_416/vin_416_discharge_2.csv,LFP,normal,vin_416,discharge,2,0,,,,
LFP_normal_vin_416_vin_416_discharge_3,D:\作业\论文复现\基线模型\mtad-gat-pytorch\datasets\CH-BATTERY\LFP\normal\vin_416\vin_416_discharge_3.csv,LFP/normal/vin_416/vin_416_discharge_3.csv,LFP,normal,vin_416,discharge,3,0,,,,
LFP_normal_vin_416_vin_416_discharge_4,D:\作业\论文复现\基线模型\mtad-gat-pytorch\datasets\CH-BATTERY\LFP\normal\vin_416\vin_416_discharge_4.csv,LFP/normal/vin_416/vin_416_discharge_4.csv,LFP,normal,vin_416,discharge,4,0,,,,
LFP_normal_vin_416_vin_416_discharge_5,D:\作业\论文复现\基线模型\mtad-gat-pytorch\datasets\CH-BATTERY\LFP\normal\vin_416\vin_416_discharge_5.csv,LFP/normal/vin_416/vin_416_discharge_5.csv,LFP,normal,vin_416,discharge,5,0,,,,
LFP_normal_vin_416_vin_416_discharge_6,D:\作业\论文复现\基线模型\mtad-gat-pytorch\datasets\CH-BATTERY\LFP\normal\vin_416\vin_416_discharge_6.csv,LFP/normal/vin_416/vin_416_discharge_6.csv,LFP,normal,vin_416,discharge,6,0,,,,
LFP_normal_vin_416_vin_416_discharge_7,D:\作业\论文复现\基线模型\mtad-gat-pytorch\datasets\CH-BATTERY\LFP\normal\vin_416\vin_416_discharge_7.csv,LFP/normal/vin_416/vin_416_discharge_7.csv,LFP,normal,vin_416,discharge,7,0,,,,
LFP_normal_vin_416_vin_416_discharge_8,D:\作业\论文复现\基线模型\mtad-gat-pytorch\datasets\CH-BATTERY\LFP\normal\vin_416\vin_416_discharge_8.csv,LFP/normal/vin_416/vin_416_discharge_8.csv,LFP,normal,vin_416,discharge,8,0,,,,
LFP_normal_vin_416_vin_416_discharge_9,D:\作业\论文复现\基线模型\mtad-gat-pytorch\datasets\CH-BATTERY\LFP\normal\vin_416\vin_416_discharge_9.csv,LFP/normal/vin_416/vin_416_discharge_9.csv,LFP,normal,vin_416,discharge,9,0,,,,
LFP_normal_vin_416_vin_416_discharge_10,D:\作业\论文复现\基线模型\mtad-gat-pytorch\datasets\CH-BATTERY\LFP\normal\vin_416\vin_416_discharge_10.csv,LFP/normal/vin_416/vin_416_discharge_10.csv,LFP,normal,vin_416,discharge,10,0,,,,
LFP_normal_vin_417_vin_417_discharge_1,D:\作业\论文复现\基线模型\mtad-gat-pytorch\datasets\CH-BATTERY\LFP\normal\vin_417\vin_417_discharge_1.csv,LFP/normal/vin_417/vin_417_discharge_1.csv,LFP,normal,vin_417,discharge,1,0,,,,
LFP_normal_vin_417_vin_417_discharge_2,D:\作业\论文复现\基线模型\mtad-gat-pytorch\datasets\CH-BATTERY\LFP\normal\vin_417\vin_417_discharge_2.csv,LFP/normal/vin_417/vin_417_discharge_2.csv,LFP,normal,vin_417,discharge,2,0,,,,
LFP_normal_vin_417_vin_417_discharge_3,D:\作业\论文复现\基线模型\mtad-gat-pytorch\datasets\CH-BATTERY\LFP\normal\vin_417\vin_417_discharge_3.csv,LFP/normal/vin_417/vin_417_discharge_3.csv,LFP,normal,vin_417,discharge,3,0,,,,
LFP_normal_vin_417_vin_417_discharge_4,D:\作业\论文复现\基线模型\mtad-gat-pytorch\datasets\CH-BATTERY\LFP\normal\vin_417\vin_417_discharge_4.csv,LFP/normal/vin_417/vin_417_discharge_4.csv,LFP,normal,vin_417,discharge,4,0,,,,
LFP_normal_vin_417_vin_417_discharge_5,D:\作业\论文复现\基线模型\mtad-gat-pytorch\datasets\CH-BATTERY\LFP\normal\vin_417\vin_417_discharge_5.csv,LFP/normal/vin_417/vin_417_discharge_5.csv,LFP,normal,vin_417,discharge,5,0,,,,
LFP_normal_vin_417_vin_417_discharge_6,D:\作业\论文复现\基线模型\mtad-gat-pytorch\datasets\CH-BATTERY\LFP\normal\vin_417\vin_417_discharge_6.csv,LFP/normal/vin_417/vin_417_discharge_6.csv,LFP,normal,vin_417,discharge,6,0,,,,
LFP_normal_vin_417_vin_417_discharge_7,D:\作业\论文复现\基线模型\mtad-gat-pytorch\datasets\CH-BATTERY\LFP\normal\vin_417\vin_417_discharge_7.csv,LFP/normal/vin_417/vin_417_discharge_7.csv,LFP,normal,vin_417,discharge,7,0,,,,
LFP_normal_vin_417_vin_417_discharge_8,D:\作业\论文复现\基线模型\mtad-gat-pytorch\datasets\CH-BATTERY\LFP\normal\vin_417\vin_417_discharge_8.csv,LFP/normal/vin_417/vin_417_discharge_8.csv,LFP,normal,vin_417,discharge,8,0,,,,
LFP_normal_vin_417_vin_417_discharge_9,D:\作业\论文复现\基线模型\mtad-gat-pytorch\datasets\CH-BATTERY\LFP\normal\vin_417\vin_417_discharge_9.csv,LFP/normal/vin_417/vin_417_discharge_9.csv,LFP,normal,vin_417,discharge,9,0,,,,
LFP_normal_vin_417_vin_417_discharge_10,D:\作业\论文复现\基线模型\mtad-gat-pytorch\datasets\CH-BATTERY\LFP\normal\vin_417\vin_417_discharge_10.csv,LFP/normal/vin_417/vin_417_discharge_10.csv,LFP,normal,vin_417,discharge,10,0,,,,
LFP_normal_vin_418_vin_418_discharge_1,D:\作业\论文复现\基线模型\mtad-gat-pytorch\datasets\CH-BATTERY\LFP\normal\vin_418\vin_418_discharge_1.csv,LFP/normal/vin_418/vin_418_discharge_1.csv,LFP,normal,vin_418,discharge,1,0,,,,
LFP_normal_vin_418_vin_418_discharge_2,D:\作业\论文复现\基线模型\mtad-gat-pytorch\datasets\CH-BATTERY\LFP\normal\vin_418\vin_418_discharge_2.csv,LFP/normal/vin_418/vin_418_discharge_2.csv,LFP,normal,vin_418,discharge,2,0,,,,
LFP_normal_vin_418_vin_418_discharge_3,D:\作业\论文复现\基线模型\mtad-gat-pytorch\datasets\CH-BATTERY\LFP\normal\vin_418\vin_418_discharge_3.csv,LFP/normal/vin_418/vin_418_discharge_3.csv,LFP,normal,vin_418,discharge,3,0,,,,
LFP_normal_vin_418_vin_418_discharge_4,D:\作业\论文复现\基线模型\mtad-gat-pytorch\datasets\CH-BATTERY\LFP\normal\vin_418\vin_418_discharge_4.csv,LFP/normal/vin_418/vin_418_discharge_4.csv,LFP,normal,vin_418,discharge,4,0,,,,
LFP_normal_vin_418_vin_418_discharge_5,D:\作业\论文复现\基线模型\mtad-gat-pytorch\datasets\CH-BATTERY\LFP\normal\vin_418\vin_418_discharge_5.csv,LFP/normal/vin_418/vin_418_discharge_5.csv,LFP,normal,vin_418,discharge,5,0,,,,
LFP_normal_vin_418_vin_418_discharge_6,D:\作业\论文复现\基线模型\mtad-gat-pytorch\datasets\CH-BATTERY\LFP\normal\vin_418\vin_418_discharge_6.csv,LFP/normal/vin_418/vin_418_discharge_6.csv,LFP,normal,vin_418,discharge,6,0,,,,
LFP_normal_vin_418_vin_418_discharge_7,D:\作业\论文复现\基线模型\mtad-gat-pytorch\datasets\CH-BATTERY\LFP\normal\vin_418\vin_418_discharge_7.csv,LFP/normal/vin_418/vin_418_discharge_7.csv,LFP,normal,vin_418,discharge,7,0,,,,
LFP_normal_vin_418_vin_418_discharge_8,D:\作业\论文复现\基线模型\mtad-gat-pytorch\datasets\CH-BATTERY\LFP\normal\vin_418\vin_418_discharge_8.csv,LFP/normal/vin_418/vin_418_discharge_8.csv,LFP,normal,vin_418,discharge,8,0,,,,
LFP_normal_vin_418_vin_418_discharge_9,D:\作业\论文复现\基线模型\mtad-gat-pytorch\datasets\CH-BATTERY\LFP\normal\vin_418\vin_418_discharge_9.csv,LFP/normal/vin_418/vin_418_discharge_9.csv,LFP,normal,vin_418,discharge,9,0,,,,
LFP_normal_vin_418_vin_418_discharge_10,D:\作业\论文复现\基线模型\mtad-gat-pytorch\datasets\CH-BATTERY\LFP\normal\vin_418\vin_418_discharge_10.csv,LFP/normal/vin_418/vin_418_discharge_10.csv,LFP,normal,vin_418,discharge,10,0,,,,
LFP_normal_vin_419_vin_419_discharge_1,D:\作业\论文复现\基线模型\mtad-gat-pytorch\datasets\CH-BATTERY\LFP\normal\vin_419\vin_419_discharge_1.csv,LFP/normal/vin_419/vin_419_discharge_1.csv,LFP,normal,vin_419,discharge,1,0,,,,
LFP_normal_vin_419_vin_419_discharge_2,D:\作业\论文复现\基线模型\mtad-gat-pytorch\datasets\CH-BATTERY\LFP\normal\vin_419\vin_419_discharge_2.csv,LFP/normal/vin_419/vin_419_discharge_2.csv,LFP,normal,vin_419,discharge,2,0,,,,
LFP_normal_vin_419_vin_419_discharge_3,D:\作业\论文复现\基线模型\mtad-gat-pytorch\datasets\CH-BATTERY\LFP\normal\vin_419\vin_419_discharge_3.csv,LFP/normal/vin_419/vin_419_discharge_3.csv,LFP,normal,vin_419,discharge,3,0,,,,
LFP_normal_vin_419_vin_419_discharge_4,D:\作业\论文复现\基线模型\mtad-gat-pytorch\datasets\CH-BATTERY\LFP\normal\vin_419\vin_419_discharge_4.csv,LFP/normal/vin_419/vin_419_discharge_4.csv,LFP,normal,vin_419,discharge,4,0,,,,
LFP_normal_vin_419_vin_419_discharge_5,D:\作业\论文复现\基线模型\mtad-gat-pytorch\datasets\CH-BATTERY\LFP\normal\vin_419\vin_419_discharge_5.csv,LFP/normal/vin_419/vin_419_discharge_5.csv,LFP,normal,vin_419,discharge,5,0,,,,
LFP_normal_vin_419_vin_419_discharge_6,D:\作业\论文复现\基线模型\mtad-gat-pytorch\datasets\CH-BATTERY\LFP\normal\vin_419\vin_419_discharge_6.csv,LFP/normal/vin_419/vin_419_discharge_6.csv,LFP,normal,vin_419,discharge,6,0,,,,
LFP_normal_vin_419_vin_419_discharge_7,D:\作业\论文复现\基线模型\mtad-gat-pytorch\datasets\CH-BATTERY\LFP\normal\vin_419\vin_419_discharge_7.csv,LFP/normal/vin_419/vin_419_discharge_7.csv,LFP,normal,vin_419,discharge,7,0,,,,
LFP_normal_vin_419_vin_419_discharge_8,D:\作业\论文复现\基线模型\mtad-gat-pytorch\datasets\CH-BATTERY\LFP\normal\vin_419\vin_419_discharge_8.csv,LFP/normal/vin_419/vin_419_discharge_8.csv,LFP,normal,vin_419,discharge,8,0,,,,
LFP_normal_vin_419_vin_419_discharge_9,D:\作业\论文复现\基线模型\mtad-gat-pytorch\datasets\CH-BATTERY\LFP\normal\vin_419\vin_419_discharge_9.csv,LFP/normal/vin_419/vin_419_discharge_9.csv,LFP,normal,vin_419,discharge,9,0,,,,
LFP_normal_vin_419_vin_419_discharge_10,D:\作业\论文复现\基线模型\mtad-gat-pytorch\datasets\CH-BATTERY\LFP\normal\vin_419\vin_419_discharge_10.csv,LFP/normal/vin_419/vin_419_discharge_10.csv,LFP,normal,vin_419,discharge,10,0,,,,
LFP_normal_vin_420_vin_420_discharge_1,D:\作业\论文复现\基线模型\mtad-gat-pytorch\datasets\CH-BATTERY\LFP\normal\vin_420\vin_420_discharge_1.csv,LFP/normal/vin_420/vin_420_discharge_1.csv,LFP,normal,vin_420,discharge,1,0,,,,
LFP_normal_vin_420_vin_420_discharge_2,D:\作业\论文复现\基线模型\mtad-gat-pytorch\datasets\CH-BATTERY\LFP\normal\vin_420\vin_420_discharge_2.csv,LFP/normal/vin_420/vin_420_discharge_2.csv,LFP,normal,vin_420,discharge,2,0,,,,
LFP_normal_vin_420_vin_420_discharge_3,D:\作业\论文复现\基线模型\mtad-gat-pytorch\datasets\CH-BATTERY\LFP\normal\vin_420\vin_420_discharge_3.csv,LFP/normal/vin_420/vin_420_discharge_3.csv,LFP,normal,vin_420,discharge,3,0,,,,
LFP_normal_vin_420_vin_420_discharge_4,D:\作业\论文复现\基线模型\mtad-gat-pytorch\datasets\CH-BATTERY\LFP\normal\vin_420\vin_420_discharge_4.csv,LFP/normal/vin_420/vin_420_discharge_4.csv,LFP,normal,vin_420,discharge,4,0,,,,
LFP_normal_vin_420_vin_420_discharge_5,D:\作业\论文复现\基线模型\mtad-gat-pytorch\datasets\CH-BATTERY\LFP\normal\vin_420\vin_420_discharge_5.csv,LFP/normal/vin_420/vin_420_discharge_5.csv,LFP,normal,vin_420,discharge,5,0,,,,
LFP_normal_vin_420_vin_420_discharge_6,D:\作业\论文复现\基线模型\mtad-gat-pytorch\datasets\CH-BATTERY\LFP\normal\vin_420\vin_420_discharge_6.csv,LFP/normal/vin_420/vin_420_discharge_6.csv,LFP,normal,vin_420,discharge,6,0,,,,
LFP_normal_vin_420_vin_420_discharge_7,D:\作业\论文复现\基线模型\mtad-gat-pytorch\datasets\CH-BATTERY\LFP\normal\vin_420\vin_420_discharge_7.csv,LFP/normal/vin_420/vin_420_discharge_7.csv,LFP,normal,vin_420,discharge,7,0,,,,
LFP_normal_vin_420_vin_420_discharge_8,D:\作业\论文复现\基线模型\mtad-gat-pytorch\datasets\CH-BATTERY\LFP\normal\vin_420\vin_420_discharge_8.csv,LFP/normal/vin_420/vin_420_discharge_8.csv,LFP,normal,vin_420,discharge,8,0,,,,
LFP_normal_vin_420_vin_420_discharge_9,D:\作业\论文复现\基线模型\mtad-gat-pytorch\datasets\CH-BATTERY\LFP\normal\vin_420\vin_420_discharge_9.csv,LFP/normal/vin_420/vin_420_discharge_9.csv,LFP,normal,vin_420,discharge,9,0,,,,
LFP_normal_vin_420_vin_420_discharge_10,D:\作业\论文复现\基线模型\mtad-gat-pytorch\datasets\CH-BATTERY\LFP\normal\vin_420\vin_420_discharge_10.csv,LFP/normal/vin_420/vin_420_discharge_10.csv,LFP,normal,vin_420,discharge,10,0,,,,
LFP_normal_vin_421_vin_421_discharge_1,D:\作业\论文复现\基线模型\mtad-gat-pytorch\datasets\CH-BATTERY\LFP\normal\vin_421\vin_421_discharge_1.csv,LFP/normal/vin_421/vin_421_discharge_1.csv,LFP,normal,vin_421,discharge,1,0,,,,
LFP_normal_vin_421_vin_421_discharge_2,D:\作业\论文复现\基线模型\mtad-gat-pytorch\datasets\CH-BATTERY\LFP\normal\vin_421\vin_421_discharge_2.csv,LFP/normal/vin_421/vin_421_discharge_2.csv,LFP,normal,vin_421,discharge,2,0,,,,
LFP_normal_vin_421_vin_421_discharge_3,D:\作业\论文复现\基线模型\mtad-gat-pytorch\datasets\CH-BATTERY\LFP\normal\vin_421\vin_421_discharge_3.csv,LFP/normal/vin_421/vin_421_discharge_3.csv,LFP,normal,vin_421,discharge,3,0,,,,
LFP_normal_vin_421_vin_421_discharge_4,D:\作业\论文复现\基线模型\mtad-gat-pytorch\datasets\CH-BATTERY\LFP\normal\vin_421\vin_421_discharge_4.csv,LFP/normal/vin_421/vin_421_discharge_4.csv,LFP,normal,vin_421,discharge,4,0,,,,
LFP_normal_vin_421_vin_421_discharge_5,D:\作业\论文复现\基线模型\mtad-gat-pytorch\datasets\CH-BATTERY\LFP\normal\vin_421\vin_421_discharge_5.csv,LFP/normal/vin_421/vin_421_discharge_5.csv,LFP,normal,vin_421,discharge,5,0,,,,
LFP_normal_vin_421_vin_421_discharge_6,D:\作业\论文复现\基线模型\mtad-gat-pytorch\datasets\CH-BATTERY\LFP\normal\vin_421\vin_421_discharge_6.csv,LFP/normal/vin_421/vin_421_discharge_6.csv,LFP,normal,vin_421,discharge,6,0,,,,
LFP_normal_vin_421_vin_421_discharge_7,D:\作业\论文复现\基线模型\mtad-gat-pytorch\datasets\CH-BATTERY\LFP\normal\vin_421\vin_421_discharge_7.csv,LFP/normal/vin_421/vin_421_discharge_7.csv,LFP,normal,vin_421,discharge,7,0,,,,
LFP_normal_vin_421_vin_421_discharge_8,D:\作业\论文复现\基线模型\mtad-gat-pytorch\datasets\CH-BATTERY\LFP\normal\vin_421\vin_421_discharge_8.csv,LFP/normal/vin_421/vin_421_discharge_8.csv,LFP,normal,vin_421,discharge,8,0,,,,
LFP_normal_vin_421_vin_421_discharge_9,D:\作业\论文复现\基线模型\mtad-gat-pytorch\datasets\CH-BATTERY\LFP\normal\vin_421\vin_421_discharge_9.csv,LFP/normal/vin_421/vin_421_discharge_9.csv,LFP,normal,vin_421,discharge,9,0,,,,
LFP_normal_vin_421_vin_421_discharge_10,D:\作业\论文复现\基线模型\mtad-gat-pytorch\datasets\CH-BATTERY\LFP\normal\vin_421\vin_421_discharge_10.csv,LFP/normal/vin_421/vin_421_discharge_10.csv,LFP,normal,vin_421,discharge,10,0,,,,
LFP_normal_vin_422_vin_422_discharge_1,D:\作业\论文复现\基线模型\mtad-gat-pytorch\datasets\CH-BATTERY\LFP\normal\vin_422\vin_422_discharge_1.csv,LFP/normal/vin_422/vin_422_discharge_1.csv,LFP,normal,vin_422,discharge,1,0,,,,
LFP_normal_vin_422_vin_422_discharge_2,D:\作业\论文复现\基线模型\mtad-gat-pytorch\datasets\CH-BATTERY\LFP\normal\vin_422\vin_422_discharge_2.csv,LFP/normal/vin_422/vin_422_discharge_2.csv,LFP,normal,vin_422,discharge,2,0,,,,
LFP_normal_vin_422_vin_422_discharge_3,D:\作业\论文复现\基线模型\mtad-gat-pytorch\datasets\CH-BATTERY\LFP\normal\vin_422\vin_422_discharge_3.csv,LFP/normal/vin_422/vin_422_discharge_3.csv,LFP,normal,vin_422,discharge,3,0,,,,
LFP_normal_vin_422_vin_422_discharge_4,D:\作业\论文复现\基线模型\mtad-gat-pytorch\datasets\CH-BATTERY\LFP\normal\vin_422\vin_422_discharge_4.csv,LFP/normal/vin_422/vin_422_discharge_4.csv,LFP,normal,vin_422,discharge,4,0,,,,
LFP_normal_vin_422_vin_422_discharge_5,D:\作业\论文复现\基线模型\mtad-gat-pytorch\datasets\CH-BATTERY\LFP\normal\vin_422\vin_422_discharge_5.csv,LFP/normal/vin_422/vin_422_discharge_5.csv,LFP,normal,vin_422,discharge,5,0,,,,
LFP_normal_vin_422_vin_422_discharge_6,D:\作业\论文复现\基线模型\mtad-gat-pytorch\datasets\CH-BATTERY\LFP\normal\vin_422\vin_422_discharge_6.csv,LFP/normal/vin_422/vin_422_discharge_6.csv,LFP,normal,vin_422,discharge,6,0,,,,
LFP_normal_vin_422_vin_422_discharge_7,D:\作业\论文复现\基线模型\mtad-gat-pytorch\datasets\CH-BATTERY\LFP\normal\vin_422\vin_422_discharge_7.csv,LFP/normal/vin_422/vin_422_discharge_7.csv,LFP,normal,vin_422,discharge,7,0,,,,
LFP_normal_vin_422_vin_422_discharge_8,D:\作业\论文复现\基线模型\mtad-gat-pytorch\datasets\CH-BATTERY\LFP\normal\vin_422\vin_422_discharge_8.csv,LFP/normal/vin_422/vin_422_discharge_8.csv,LFP,normal,vin_422,discharge,8,0,,,,
LFP_normal_vin_422_vin_422_discharge_9,D:\作业\论文复现\基线模型\mtad-gat-pytorch\datasets\CH-BATTERY\LFP\normal\vin_422\vin_422_discharge_9.csv,LFP/normal/vin_422/vin_422_discharge_9.csv,LFP,normal,vin_422,discharge,9,0,,,,
LFP_normal_vin_422_vin_422_discharge_10,D:\作业\论文复现\基线模型\mtad-gat-pytorch\datasets\CH-BATTERY\LFP\normal\vin_422\vin_422_discharge_10.csv,LFP/normal/vin_422/vin_422_discharge_10.csv,LFP,normal,vin_422,discharge,10,0,,,,
LFP_normal_vin_423_vin_423_discharge_1,D:\作业\论文复现\基线模型\mtad-gat-pytorch\datasets\CH-BATTERY\LFP\normal\vin_423\vin_423_discharge_1.csv,LFP/normal/vin_423/vin_423_discharge_1.csv,LFP,normal,vin_423,discharge,1,0,,,,
LFP_normal_vin_423_vin_423_discharge_2,D:\作业\论文复现\基线模型\mtad-gat-pytorch\datasets\CH-BATTERY\LFP\normal\vin_423\vin_423_discharge_2.csv,LFP/normal/vin_423/vin_423_discharge_2.csv,LFP,normal,vin_423,discharge,2,0,,,,
LFP_normal_vin_423_vin_423_discharge_3,D:\作业\论文复现\基线模型\mtad-gat-pytorch\datasets\CH-BATTERY\LFP\normal\vin_423\vin_423_discharge_3.csv,LFP/normal/vin_423/vin_423_discharge_3.csv,LFP,normal,vin_423,discharge,3,0,,,,
LFP_normal_vin_423_vin_423_discharge_4,D:\作业\论文复现\基线模型\mtad-gat-pytorch\datasets\CH-BATTERY\LFP\normal\vin_423\vin_423_discharge_4.csv,LFP/normal/vin_423/vin_423_discharge_4.csv,LFP,normal,vin_423,discharge,4,0,,,,
LFP_normal_vin_423_vin_423_discharge_5,D:\作业\论文复现\基线模型\mtad-gat-pytorch\datasets\CH-BATTERY\LFP\normal\vin_423\vin_423_discharge_5.csv,LFP/normal/vin_423/vin_423_discharge_5.csv,LFP,normal,vin_423,discharge,5,0,,,,
LFP_normal_vin_423_vin_423_discharge_6,D:\作业\论文复现\基线模型\mtad-gat-pytorch\datasets\CH-BATTERY\LFP\normal\vin_423\vin_423_discharge_6.csv,LFP/normal/vin_423/vin_423_discharge_6.csv,LFP,normal,vin_423,discharge,6,0,,,,
LFP_normal_vin_423_vin_423_discharge_7,D:\作业\论文复现\基线模型\mtad-gat-pytorch\datasets\CH-BATTERY\LFP\normal\vin_423\vin_423_discharge_7.csv,LFP/normal/vin_423/vin_423_discharge_7.csv,LFP,normal,vin_423,discharge,7,0,,,,
LFP_normal_vin_423_vin_423_discharge_8,D:\作业\论文复现\基线模型\mtad-gat-pytorch\datasets\CH-BATTERY\LFP\normal\vin_423\vin_423_discharge_8.csv,LFP/normal/vin_423/vin_423_discharge_8.csv,LFP,normal,vin_423,discharge,8,0,,,,
LFP_normal_vin_423_vin_423_discharge_9,D:\作业\论文复现\基线模型\mtad-gat-pytorch\datasets\CH-BATTERY\LFP\normal\vin_423\vin_423_discharge_9.csv,LFP/normal/vin_423/vin_423_discharge_9.csv,LFP,normal,vin_423,discharge,9,0,,,,
LFP_normal_vin_423_vin_423_discharge_10,D:\作业\论文复现\基线模型\mtad-gat-pytorch\datasets\CH-BATTERY\LFP\normal\vin_423\vin_423_discharge_10.csv,LFP/normal/vin_423/vin_423_discharge_10.csv,LFP,normal,vin_423,discharge,10,0,,,,
LFP_normal_vin_425_vin_425_discharge_1,D:\作业\论文复现\基线模型\mtad-gat-pytorch\datasets\CH-BATTERY\LFP\normal\vin_425\vin_425_discharge_1.csv,LFP/normal/vin_425/vin_425_discharge_1.csv,LFP,normal,vin_425,discharge,1,0,,,,
LFP_normal_vin_425_vin_425_discharge_2,D:\作业\论文复现\基线模型\mtad-gat-pytorch\datasets\CH-BATTERY\LFP\normal\vin_425\vin_425_discharge_2.csv,LFP/normal/vin_425/vin_425_discharge_2.csv,LFP,normal,vin_425,discharge,2,0,,,,
LFP_normal_vin_425_vin_425_discharge_3,D:\作业\论文复现\基线模型\mtad-gat-pytorch\datasets\CH-BATTERY\LFP\normal\vin_425\vin_425_discharge_3.csv,LFP/normal/vin_425/vin_425_discharge_3.csv,LFP,normal,vin_425,discharge,3,0,,,,
LFP_normal_vin_425_vin_425_discharge_4,D:\作业\论文复现\基线模型\mtad-gat-pytorch\datasets\CH-BATTERY\LFP\normal\vin_425\vin_425_discharge_4.csv,LFP/normal/vin_425/vin_425_discharge_4.csv,LFP,normal,vin_425,discharge,4,0,,,,
LFP_normal_vin_425_vin_425_discharge_5,D:\作业\论文复现\基线模型\mtad-gat-pytorch\datasets\CH-BATTERY\LFP\normal\vin_425\vin_425_discharge_5.csv,LFP/normal/vin_425/vin_425_discharge_5.csv,LFP,normal,vin_425,discharge,5,0,,,,
LFP_normal_vin_425_vin_425_discharge_6,D:\作业\论文复现\基线模型\mtad-gat-pytorch\datasets\CH-BATTERY\LFP\normal\vin_425\vin_425_discharge_6.csv,LFP/normal/vin_425/vin_425_discharge_6.csv,LFP,normal,vin_425,discharge,6,0,,,,
LFP_normal_vin_425_vin_425_discharge_7,D:\作业\论文复现\基线模型\mtad-gat-pytorch\datasets\CH-BATTERY\LFP\normal\vin_425\vin_425_discharge_7.csv,LFP/normal/vin_425/vin_425_discharge_7.csv,LFP,normal,vin_425,discharge,7,0,,,,
LFP_normal_vin_425_vin_425_discharge_8,D:\作业\论文复现\基线模型\mtad-gat-pytorch\datasets\CH-BATTERY\LFP\normal\vin_425\vin_425_discharge_8.csv,LFP/normal/vin_425/vin_425_discharge_8.csv,LFP,normal,vin_425,discharge,8,0,,,,
LFP_normal_vin_425_vin_425_discharge_9,D:\作业\论文复现\基线模型\mtad-gat-pytorch\datasets\CH-BATTERY\LFP\normal\vin_425\vin_425_discharge_9.csv,LFP/normal/vin_425/vin_425_discharge_9.csv,LFP,normal,vin_425,discharge,9,0,,,,
LFP_normal_vin_425_vin_425_discharge_10,D:\作业\论文复现\基线模型\mtad-gat-pytorch\datasets\CH-BATTERY\LFP\normal\vin_425\vin_425_discharge_10.csv,LFP/normal/vin_425/vin_425_discharge_10.csv,LFP,normal,vin_425,discharge,10,0,,,,
LFP_normal_vin_427_vin_427_discharge_1,D:\作业\论文复现\基线模型\mtad-gat-pytorch\datasets\CH-BATTERY\LFP\normal\vin_427\vin_427_discharge_1.csv,LFP/normal/vin_427/vin_427_discharge_1.csv,LFP,normal,vin_427,discharge,1,0,,,,
LFP_normal_vin_427_vin_427_discharge_2,D:\作业\论文复现\基线模型\mtad-gat-pytorch\datasets\CH-BATTERY\LFP\normal\vin_427\vin_427_discharge_2.csv,LFP/normal/vin_427/vin_427_discharge_2.csv,LFP,normal,vin_427,discharge,2,0,,,,
LFP_normal_vin_427_vin_427_discharge_3,D:\作业\论文复现\基线模型\mtad-gat-pytorch\datasets\CH-BATTERY\LFP\normal\vin_427\vin_427_discharge_3.csv,LFP/normal/vin_427/vin_427_discharge_3.csv,LFP,normal,vin_427,discharge,3,0,,,,
LFP_normal_vin_427_vin_427_discharge_4,D:\作业\论文复现\基线模型\mtad-gat-pytorch\datasets\CH-BATTERY\LFP\normal\vin_427\vin_427_discharge_4.csv,LFP/normal/vin_427/vin_427_discharge_4.csv,LFP,normal,vin_427,discharge,4,0,,,,
LFP_normal_vin_427_vin_427_discharge_5,D:\作业\论文复现\基线模型\mtad-gat-pytorch\datasets\CH-BATTERY\LFP\normal\vin_427\vin_427_discharge_5.csv,LFP/normal/vin_427/vin_427_discharge_5.csv,LFP,normal,vin_427,discharge,5,0,,,,
LFP_normal_vin_427_vin_427_discharge_6,D:\作业\论文复现\基线模型\mtad-gat-pytorch\datasets\CH-BATTERY\LFP\normal\vin_427\vin_427_discharge_6.csv,LFP/normal/vin_427/vin_427_discharge_6.csv,LFP,normal,vin_427,discharge,6,0,,,,
LFP_normal_vin_427_vin_427_discharge_7,D:\作业\论文复现\基线模型\mtad-gat-pytorch\datasets\CH-BATTERY\LFP\normal\vin_427\vin_427_discharge_7.csv,LFP/normal/vin_427/vin_427_discharge_7.csv,LFP,normal,vin_427,discharge,7,0,,,,
LFP_normal_vin_427_vin_427_discharge_8,D:\作业\论文复现\基线模型\mtad-gat-pytorch\datasets\CH-BATTERY\LFP\normal\vin_427\vin_427_discharge_8.csv,LFP/normal/vin_427/vin_427_discharge_8.csv,LFP,normal,vin_427,discharge,8,0,,,,
LFP_normal_vin_427_vin_427_discharge_9,D:\作业\论文复现\基线模型\mtad-gat-pytorch\datasets\CH-BATTERY\LFP\normal\vin_427\vin_427_discharge_9.csv,LFP/normal/vin_427/vin_427_discharge_9.csv,LFP,normal,vin_427,discharge,9,0,,,,
LFP_normal_vin_427_vin_427_discharge_10,D:\作业\论文复现\基线模型\mtad-gat-pytorch\datasets\CH-BATTERY\LFP\normal\vin_427\vin_427_discharge_10.csv,LFP/normal/vin_427/vin_427_discharge_10.csv,LFP,normal,vin_427,discharge,10,0,,,,
LFP_normal_vin_429_vin_429_discharge_1,D:\作业\论文复现\基线模型\mtad-gat-pytorch\datasets\CH-BATTERY\LFP\normal\vin_429\vin_429_discharge_1.csv,LFP/normal/vin_429/vin_429_discharge_1.csv,LFP,normal,vin_429,discharge,1,0,,,,
LFP_normal_vin_429_vin_429_discharge_2,D:\作业\论文复现\基线模型\mtad-gat-pytorch\datasets\CH-BATTERY\LFP\normal\vin_429\vin_429_discharge_2.csv,LFP/normal/vin_429/vin_429_discharge_2.csv,LFP,normal,vin_429,discharge,2,0,,,,
LFP_normal_vin_429_vin_429_discharge_3,D:\作业\论文复现\基线模型\mtad-gat-pytorch\datasets\CH-BATTERY\LFP\normal\vin_429\vin_429_discharge_3.csv,LFP/normal/vin_429/vin_429_discharge_3.csv,LFP,normal,vin_429,discharge,3,0,,,,
LFP_normal_vin_429_vin_429_discharge_4,D:\作业\论文复现\基线模型\mtad-gat-pytorch\datasets\CH-BATTERY\LFP\normal\vin_429\vin_429_discharge_4.csv,LFP/normal/vin_429/vin_429_discharge_4.csv,LFP,normal,vin_429,discharge,4,0,,,,
LFP_normal_vin_429_vin_429_discharge_5,D:\作业\论文复现\基线模型\mtad-gat-pytorch\datasets\CH-BATTERY\LFP\normal\vin_429\vin_429_discharge_5.csv,LFP/normal/vin_429/vin_429_discharge_5.csv,LFP,normal,vin_429,discharge,5,0,,,,
LFP_normal_vin_429_vin_429_discharge_6,D:\作业\论文复现\基线模型\mtad-gat-pytorch\datasets\CH-BATTERY\LFP\normal\vin_429\vin_429_discharge_6.csv,LFP/normal/vin_429/vin_429_discharge_6.csv,LFP,normal,vin_429,discharge,6,0,,,,
LFP_normal_vin_429_vin_429_discharge_7,D:\作业\论文复现\基线模型\mtad-gat-pytorch\datasets\CH-BATTERY\LFP\normal\vin_429\vin_429_discharge_7.csv,LFP/normal/vin_429/vin_429_discharge_7.csv,LFP,normal,vin_429,discharge,7,0,,,,
LFP_normal_vin_429_vin_429_discharge_8,D:\作业\论文复现\基线模型\mtad-gat-pytorch\datasets\CH-BATTERY\LFP\normal\vin_429\vin_429_discharge_8.csv,LFP/normal/vin_429/vin_429_discharge_8.csv,LFP,normal,vin_429,discharge,8,0,,,,
LFP_normal_vin_429_vin_429_discharge_9,D:\作业\论文复现\基线模型\mtad-gat-pytorch\datasets\CH-BATTERY\LFP\normal\vin_429\vin_429_discharge_9.csv,LFP/normal/vin_429/vin_429_discharge_9.csv,LFP,normal,vin_429,discharge,9,0,,,,
LFP_normal_vin_429_vin_429_discharge_10,D:\作业\论文复现\基线模型\mtad-gat-pytorch\datasets\CH-BATTERY\LFP\normal\vin_429\vin_429_discharge_10.csv,LFP/normal/vin_429/vin_429_discharge_10.csv,LFP,normal,vin_429,discharge,10,0,,,,
LFP_normal_vin_430_vin_430_discharge_1,D:\作业\论文复现\基线模型\mtad-gat-pytorch\datasets\CH-BATTERY\LFP\normal\vin_430\vin_430_discharge_1.csv,LFP/normal/vin_430/vin_430_discharge_1.csv,LFP,normal,vin_430,discharge,1,0,,,,
LFP_normal_vin_430_vin_430_discharge_2,D:\作业\论文复现\基线模型\mtad-gat-pytorch\datasets\CH-BATTERY\LFP\normal\vin_430\vin_430_discharge_2.csv,LFP/normal/vin_430/vin_430_discharge_2.csv,LFP,normal,vin_430,discharge,2,0,,,,
LFP_normal_vin_430_vin_430_discharge_3,D:\作业\论文复现\基线模型\mtad-gat-pytorch\datasets\CH-BATTERY\LFP\normal\vin_430\vin_430_discharge_3.csv,LFP/normal/vin_430/vin_430_discharge_3.csv,LFP,normal,vin_430,discharge,3,0,,,,
LFP_normal_vin_430_vin_430_discharge_4,D:\作业\论文复现\基线模型\mtad-gat-pytorch\datasets\CH-BATTERY\LFP\normal\vin_430\vin_430_discharge_4.csv,LFP/normal/vin_430/vin_430_discharge_4.csv,LFP,normal,vin_430,discharge,4,0,,,,
LFP_normal_vin_430_vin_430_discharge_5,D:\作业\论文复现\基线模型\mtad-gat-pytorch\datasets\CH-BATTERY\LFP\normal\vin_430\vin_430_discharge_5.csv,LFP/normal/vin_430/vin_430_discharge_5.csv,LFP,normal,vin_430,discharge,5,0,,,,
LFP_normal_vin_430_vin_430_discharge_6,D:\作业\论文复现\基线模型\mtad-gat-pytorch\datasets\CH-BATTERY\LFP\normal\vin_430\vin_430_discharge_6.csv,LFP/normal/vin_430/vin_430_discharge_6.csv,LFP,normal,vin_430,discharge,6,0,,,,
LFP_normal_vin_430_vin_430_discharge_7,D:\作业\论文复现\基线模型\mtad-gat-pytorch\datasets\CH-BATTERY\LFP\normal\vin_430\vin_430_discharge_7.csv,LFP/normal/vin_430/vin_430_discharge_7.csv,LFP,normal,vin_430,discharge,7,0,,,,
LFP_normal_vin_430_vin_430_discharge_8,D:\作业\论文复现\基线模型\mtad-gat-pytorch\datasets\CH-BATTERY\LFP\normal\vin_430\vin_430_discharge_8.csv,LFP/normal/vin_430/vin_430_discharge_8.csv,LFP,normal,vin_430,discharge,8,0,,,,
LFP_normal_vin_430_vin_430_discharge_9,D:\作业\论文复现\基线模型\mtad-gat-pytorch\datasets\CH-BATTERY\LFP\normal\vin_430\vin_430_discharge_9.csv,LFP/normal/vin_430/vin_430_discharge_9.csv,LFP,normal,vin_430,discharge,9,0,,,,
LFP_normal_vin_430_vin_430_discharge_10,D:\作业\论文复现\基线模型\mtad-gat-pytorch\datasets\CH-BATTERY\LFP\normal\vin_430\vin_430_discharge_10.csv,LFP/normal/vin_430/vin_430_discharge_10.csv,LFP,normal,vin_430,discharge,10,0,,,,
LFP_normal_vin_431_vin_431_discharge_1,D:\作业\论文复现\基线模型\mtad-gat-pytorch\datasets\CH-BATTERY\LFP\normal\vin_431\vin_431_discharge_1.csv,LFP/normal/vin_431/vin_431_discharge_1.csv,LFP,normal,vin_431,discharge,1,0,,,,
LFP_normal_vin_431_vin_431_discharge_2,D:\作业\论文复现\基线模型\mtad-gat-pytorch\datasets\CH-BATTERY\LFP\normal\vin_431\vin_431_discharge_2.csv,LFP/normal/vin_431/vin_431_discharge_2.csv,LFP,normal,vin_431,discharge,2,0,,,,
LFP_normal_vin_431_vin_431_discharge_3,D:\作业\论文复现\基线模型\mtad-gat-pytorch\datasets\CH-BATTERY\LFP\normal\vin_431\vin_431_discharge_3.csv,LFP/normal/vin_431/vin_431_discharge_3.csv,LFP,normal,vin_431,discharge,3,0,,,,
LFP_normal_vin_431_vin_431_discharge_4,D:\作业\论文复现\基线模型\mtad-gat-pytorch\datasets\CH-BATTERY\LFP\normal\vin_431\vin_431_discharge_4.csv,LFP/normal/vin_431/vin_431_discharge_4.csv,LFP,normal,vin_431,discharge,4,0,,,,
LFP_normal_vin_431_vin_431_discharge_5,D:\作业\论文复现\基线模型\mtad-gat-pytorch\datasets\CH-BATTERY\LFP\normal\vin_431\vin_431_discharge_5.csv,LFP/normal/vin_431/vin_431_discharge_5.csv,LFP,normal,vin_431,discharge,5,0,,,,
LFP_normal_vin_431_vin_431_discharge_6,D:\作业\论文复现\基线模型\mtad-gat-pytorch\datasets\CH-BATTERY\LFP\normal\vin_431\vin_431_discharge_6.csv,LFP/normal/vin_431/vin_431_discharge_6.csv,LFP,normal,vin_431,discharge,6,0,,,,
LFP_normal_vin_431_vin_431_discharge_7,D:\作业\论文复现\基线模型\mtad-gat-pytorch\datasets\CH-BATTERY\LFP\normal\vin_431\vin_431_discharge_7.csv,LFP/normal/vin_431/vin_431_discharge_7.csv,LFP,normal,vin_431,discharge,7,0,,,,
LFP_normal_vin_431_vin_431_discharge_8,D:\作业\论文复现\基线模型\mtad-gat-pytorch\datasets\CH-BATTERY\LFP\normal\vin_431\vin_431_discharge_8.csv,LFP/normal/vin_431/vin_431_discharge_8.csv,LFP,normal,vin_431,discharge,8,0,,,,
LFP_normal_vin_431_vin_431_discharge_9,D:\作业\论文复现\基线模型\mtad-gat-pytorch\datasets\CH-BATTERY\LFP\normal\vin_431\vin_431_discharge_9.csv,LFP/normal/vin_431/vin_431_discharge_9.csv,LFP,normal,vin_431,discharge,9,0,,,,
LFP_normal_vin_431_vin_431_discharge_10,D:\作业\论文复现\基线模型\mtad-gat-pytorch\datasets\CH-BATTERY\LFP\normal\vin_431\vin_431_discharge_10.csv,LFP/normal/vin_431/vin_431_discharge_10.csv,LFP,normal,vin_431,discharge,10,0,,,,
LFP_normal_vin_432_vin_432_discharge_1,D:\作业\论文复现\基线模型\mtad-gat-pytorch\datasets\CH-BATTERY\LFP\normal\vin_432\vin_432_discharge_1.csv,LFP/normal/vin_432/vin_432_discharge_1.csv,LFP,normal,vin_432,discharge,1,0,,,,
LFP_normal_vin_432_vin_432_discharge_2,D:\作业\论文复现\基线模型\mtad-gat-pytorch\datasets\CH-BATTERY\LFP\normal\vin_432\vin_432_discharge_2.csv,LFP/normal/vin_432/vin_432_discharge_2.csv,LFP,normal,vin_432,discharge,2,0,,,,
LFP_normal_vin_432_vin_432_discharge_3,D:\作业\论文复现\基线模型\mtad-gat-pytorch\datasets\CH-BATTERY\LFP\normal\vin_432\vin_432_discharge_3.csv,LFP/normal/vin_432/vin_432_discharge_3.csv,LFP,normal,vin_432,discharge,3,0,,,,
LFP_normal_vin_432_vin_432_discharge_4,D:\作业\论文复现\基线模型\mtad-gat-pytorch\datasets\CH-BATTERY\LFP\normal\vin_432\vin_432_discharge_4.csv,LFP/normal/vin_432/vin_432_discharge_4.csv,LFP,normal,vin_432,discharge,4,0,,,,
LFP_normal_vin_432_vin_432_discharge_5,D:\作业\论文复现\基线模型\mtad-gat-pytorch\datasets\CH-BATTERY\LFP\normal\vin_432\vin_432_discharge_5.csv,LFP/normal/vin_432/vin_432_discharge_5.csv,LFP,normal,vin_432,discharge,5,0,,,,
LFP_normal_vin_432_vin_432_discharge_6,D:\作业\论文复现\基线模型\mtad-gat-pytorch\datasets\CH-BATTERY\LFP\normal\vin_432\vin_432_discharge_6.csv,LFP/normal/vin_432/vin_432_discharge_6.csv,LFP,normal,vin_432,discharge,6,0,,,,
LFP_normal_vin_432_vin_432_discharge_7,D:\作业\论文复现\基线模型\mtad-gat-pytorch\datasets\CH-BATTERY\LFP\normal\vin_432\vin_432_discharge_7.csv,LFP/normal/vin_432/vin_432_discharge_7.csv,LFP,normal,vin_432,discharge,7,0,,,,
LFP_normal_vin_432_vin_432_discharge_8,D:\作业\论文复现\基线模型\mtad-gat-pytorch\datasets\CH-BATTERY\LFP\normal\vin_432\vin_432_discharge_8.csv,LFP/normal/vin_432/vin_432_discharge_8.csv,LFP,normal,vin_432,discharge,8,0,,,,
LFP_normal_vin_432_vin_432_discharge_9,D:\作业\论文复现\基线模型\mtad-gat-pytorch\datasets\CH-BATTERY\LFP\normal\vin_432\vin_432_discharge_9.csv,LFP/normal/vin_432/vin_432_discharge_9.csv,LFP,normal,vin_432,discharge,9,0,,,,
LFP_normal_vin_432_vin_432_discharge_10,D:\作业\论文复现\基线模型\mtad-gat-pytorch\datasets\CH-BATTERY\LFP\normal\vin_432\vin_432_discharge_10.csv,LFP/normal/vin_432/vin_432_discharge_10.csv,LFP,normal,vin_432,discharge,10,0,,,,
LFP_normal_vin_433_vin_433_discharge_1,D:\作业\论文复现\基线模型\mtad-gat-pytorch\datasets\CH-BATTERY\LFP\normal\vin_433\vin_433_discharge_1.csv,LFP/normal/vin_433/vin_433_discharge_1.csv,LFP,normal,vin_433,discharge,1,0,,,,
LFP_normal_vin_433_vin_433_discharge_2,D:\作业\论文复现\基线模型\mtad-gat-pytorch\datasets\CH-BATTERY\LFP\normal\vin_433\vin_433_discharge_2.csv,LFP/normal/vin_433/vin_433_discharge_2.csv,LFP,normal,vin_433,discharge,2,0,,,,
LFP_normal_vin_433_vin_433_discharge_3,D:\作业\论文复现\基线模型\mtad-gat-pytorch\datasets\CH-BATTERY\LFP\normal\vin_433\vin_433_discharge_3.csv,LFP/normal/vin_433/vin_433_discharge_3.csv,LFP,normal,vin_433,discharge,3,0,,,,
LFP_normal_vin_433_vin_433_discharge_4,D:\作业\论文复现\基线模型\mtad-gat-pytorch\datasets\CH-BATTERY\LFP\normal\vin_433\vin_433_discharge_4.csv,LFP/normal/vin_433/vin_433_discharge_4.csv,LFP,normal,vin_433,discharge,4,0,,,,
LFP_normal_vin_433_vin_433_discharge_5,D:\作业\论文复现\基线模型\mtad-gat-pytorch\datasets\CH-BATTERY\LFP\normal\vin_433\vin_433_discharge_5.csv,LFP/normal/vin_433/vin_433_discharge_5.csv,LFP,normal,vin_433,discharge,5,0,,,,
LFP_normal_vin_433_vin_433_discharge_6,D:\作业\论文复现\基线模型\mtad-gat-pytorch\datasets\CH-BATTERY\LFP\normal\vin_433\vin_433_discharge_6.csv,LFP/normal/vin_433/vin_433_discharge_6.csv,LFP,normal,vin_433,discharge,6,0,,,,
LFP_normal_vin_433_vin_433_discharge_7,D:\作业\论文复现\基线模型\mtad-gat-pytorch\datasets\CH-BATTERY\LFP\normal\vin_433\vin_433_discharge_7.csv,LFP/normal/vin_433/vin_433_discharge_7.csv,LFP,normal,vin_433,discharge,7,0,,,,
LFP_normal_vin_433_vin_433_discharge_8,D:\作业\论文复现\基线模型\mtad-gat-pytorch\datasets\CH-BATTERY\LFP\normal\vin_433\vin_433_discharge_8.csv,LFP/normal/vin_433/vin_433_discharge_8.csv,LFP,normal,vin_433,discharge,8,0,,,,
LFP_normal_vin_433_vin_433_discharge_9,D:\作业\论文复现\基线模型\mtad-gat-pytorch\datasets\CH-BATTERY\LFP\normal\vin_433\vin_433_discharge_9.csv,LFP/normal/vin_433/vin_433_discharge_9.csv,LFP,normal,vin_433,discharge,9,0,,,,
LFP_normal_vin_433_vin_433_discharge_10,D:\作业\论文复现\基线模型\mtad-gat-pytorch\datasets\CH-BATTERY\LFP\normal\vin_433\vin_433_discharge_10.csv,LFP/normal/vin_433/vin_433_discharge_10.csv,LFP,normal,vin_433,discharge,10,0,,,,
LFP_normal_vin_435_vin_435_discharge_1,D:\作业\论文复现\基线模型\mtad-gat-pytorch\datasets\CH-BATTERY\LFP\normal\vin_435\vin_435_discharge_1.csv,LFP/normal/vin_435/vin_435_discharge_1.csv,LFP,normal,vin_435,discharge,1,0,,,,
LFP_normal_vin_435_vin_435_discharge_2,D:\作业\论文复现\基线模型\mtad-gat-pytorch\datasets\CH-BATTERY\LFP\normal\vin_435\vin_435_discharge_2.csv,LFP/normal/vin_435/vin_435_discharge_2.csv,LFP,normal,vin_435,discharge,2,0,,,,
LFP_normal_vin_435_vin_435_discharge_3,D:\作业\论文复现\基线模型\mtad-gat-pytorch\datasets\CH-BATTERY\LFP\normal\vin_435\vin_435_discharge_3.csv,LFP/normal/vin_435/vin_435_discharge_3.csv,LFP,normal,vin_435,discharge,3,0,,,,
LFP_normal_vin_435_vin_435_discharge_4,D:\作业\论文复现\基线模型\mtad-gat-pytorch\datasets\CH-BATTERY\LFP\normal\vin_435\vin_435_discharge_4.csv,LFP/normal/vin_435/vin_435_discharge_4.csv,LFP,normal,vin_435,discharge,4,0,,,,
LFP_normal_vin_435_vin_435_discharge_5,D:\作业\论文复现\基线模型\mtad-gat-pytorch\datasets\CH-BATTERY\LFP\normal\vin_435\vin_435_discharge_5.csv,LFP/normal/vin_435/vin_435_discharge_5.csv,LFP,normal,vin_435,discharge,5,0,,,,
LFP_normal_vin_435_vin_435_discharge_6,D:\作业\论文复现\基线模型\mtad-gat-pytorch\datasets\CH-BATTERY\LFP\normal\vin_435\vin_435_discharge_6.csv,LFP/normal/vin_435/vin_435_discharge_6.csv,LFP,normal,vin_435,discharge,6,0,,,,
LFP_normal_vin_435_vin_435_discharge_7,D:\作业\论文复现\基线模型\mtad-gat-pytorch\datasets\CH-BATTERY\LFP\normal\vin_435\vin_435_discharge_7.csv,LFP/normal/vin_435/vin_435_discharge_7.csv,LFP,normal,vin_435,discharge,7,0,,,,
LFP_normal_vin_435_vin_435_discharge_8,D:\作业\论文复现\基线模型\mtad-gat-pytorch\datasets\CH-BATTERY\LFP\normal\vin_435\vin_435_discharge_8.csv,LFP/normal/vin_435/vin_435_discharge_8.csv,LFP,normal,vin_435,discharge,8,0,,,,
LFP_normal_vin_435_vin_435_discharge_9,D:\作业\论文复现\基线模型\mtad-gat-pytorch\datasets\CH-BATTERY\LFP\normal\vin_435\vin_435_discharge_9.csv,LFP/normal/vin_435/vin_435_discharge_9.csv,LFP,normal,vin_435,discharge,9,0,,,,
LFP_normal_vin_435_vin_435_discharge_10,D:\作业\论文复现\基线模型\mtad-gat-pytorch\datasets\CH-BATTERY\LFP\normal\vin_435\vin_435_discharge_10.csv,LFP/normal/vin_435/vin_435_discharge_10.csv,LFP,normal,vin_435,discharge,10,0,,,,
LFP_normal_vin_436_vin_436_discharge_1,D:\作业\论文复现\基线模型\mtad-gat-pytorch\datasets\CH-BATTERY\LFP\normal\vin_436\vin_436_discharge_1.csv,LFP/normal/vin_436/vin_436_discharge_1.csv,LFP,normal,vin_436,discharge,1,0,,,,
LFP_normal_vin_436_vin_436_discharge_2,D:\作业\论文复现\基线模型\mtad-gat-pytorch\datasets\CH-BATTERY\LFP\normal\vin_436\vin_436_discharge_2.csv,LFP/normal/vin_436/vin_436_discharge_2.csv,LFP,normal,vin_436,discharge,2,0,,,,
LFP_normal_vin_436_vin_436_discharge_3,D:\作业\论文复现\基线模型\mtad-gat-pytorch\datasets\CH-BATTERY\LFP\normal\vin_436\vin_436_discharge_3.csv,LFP/normal/vin_436/vin_436_discharge_3.csv,LFP,normal,vin_436,discharge,3,0,,,,
LFP_normal_vin_436_vin_436_discharge_4,D:\作业\论文复现\基线模型\mtad-gat-pytorch\datasets\CH-BATTERY\LFP\normal\vin_436\vin_436_discharge_4.csv,LFP/normal/vin_436/vin_436_discharge_4.csv,LFP,normal,vin_436,discharge,4,0,,,,
LFP_normal_vin_436_vin_436_discharge_5,D:\作业\论文复现\基线模型\mtad-gat-pytorch\datasets\CH-BATTERY\LFP\normal\vin_436\vin_436_discharge_5.csv,LFP/normal/vin_436/vin_436_discharge_5.csv,LFP,normal,vin_436,discharge,5,0,,,,
LFP_normal_vin_436_vin_436_discharge_6,D:\作业\论文复现\基线模型\mtad-gat-pytorch\datasets\CH-BATTERY\LFP\normal\vin_436\vin_436_discharge_6.csv,LFP/normal/vin_436/vin_436_discharge_6.csv,LFP,normal,vin_436,discharge,6,0,,,,
LFP_normal_vin_436_vin_436_discharge_7,D:\作业\论文复现\基线模型\mtad-gat-pytorch\datasets\CH-BATTERY\LFP\normal\vin_436\vin_436_discharge_7.csv,LFP/normal/vin_436/vin_436_discharge_7.csv,LFP,normal,vin_436,discharge,7,0,,,,
LFP_normal_vin_436_vin_436_discharge_8,D:\作业\论文复现\基线模型\mtad-gat-pytorch\datasets\CH-BATTERY\LFP\normal\vin_436\vin_436_discharge_8.csv,LFP/normal/vin_436/vin_436_discharge_8.csv,LFP,normal,vin_436,discharge,8,0,,,,
LFP_normal_vin_436_vin_436_discharge_9,D:\作业\论文复现\基线模型\mtad-gat-pytorch\datasets\CH-BATTERY\LFP\normal\vin_436\vin_436_discharge_9.csv,LFP/normal/vin_436/vin_436_discharge_9.csv,LFP,normal,vin_436,discharge,9,0,,,,
LFP_normal_vin_436_vin_436_discharge_10,D:\作业\论文复现\基线模型\mtad-gat-pytorch\datasets\CH-BATTERY\LFP\normal\vin_436\vin_436_discharge_10.csv,LFP/normal/vin_436/vin_436_discharge_10.csv,LFP,normal,vin_436,discharge,10,0,,,,
LFP_normal_vin_437_vin_437_discharge_1,D:\作业\论文复现\基线模型\mtad-gat-pytorch\datasets\CH-BATTERY\LFP\normal\vin_437\vin_437_discharge_1.csv,LFP/normal/vin_437/vin_437_discharge_1.csv,LFP,normal,vin_437,discharge,1,0,,,,
LFP_normal_vin_437_vin_437_discharge_2,D:\作业\论文复现\基线模型\mtad-gat-pytorch\datasets\CH-BATTERY\LFP\normal\vin_437\vin_437_discharge_2.csv,LFP/normal/vin_437/vin_437_discharge_2.csv,LFP,normal,vin_437,discharge,2,0,,,,
LFP_normal_vin_437_vin_437_discharge_3,D:\作业\论文复现\基线模型\mtad-gat-pytorch\datasets\CH-BATTERY\LFP\normal\vin_437\vin_437_discharge_3.csv,LFP/normal/vin_437/vin_437_discharge_3.csv,LFP,normal,vin_437,discharge,3,0,,,,
LFP_normal_vin_437_vin_437_discharge_4,D:\作业\论文复现\基线模型\mtad-gat-pytorch\datasets\CH-BATTERY\LFP\normal\vin_437\vin_437_discharge_4.csv,LFP/normal/vin_437/vin_437_discharge_4.csv,LFP,normal,vin_437,discharge,4,0,,,,
LFP_normal_vin_437_vin_437_discharge_5,D:\作业\论文复现\基线模型\mtad-gat-pytorch\datasets\CH-BATTERY\LFP\normal\vin_437\vin_437_discharge_5.csv,LFP/normal/vin_437/vin_437_discharge_5.csv,LFP,normal,vin_437,discharge,5,0,,,,
LFP_normal_vin_437_vin_437_discharge_6,D:\作业\论文复现\基线模型\mtad-gat-pytorch\datasets\CH-BATTERY\LFP\normal\vin_437\vin_437_discharge_6.csv,LFP/normal/vin_437/vin_437_discharge_6.csv,LFP,normal,vin_437,discharge,6,0,,,,
LFP_normal_vin_437_vin_437_discharge_7,D:\作业\论文复现\基线模型\mtad-gat-pytorch\datasets\CH-BATTERY\LFP\normal\vin_437\vin_437_discharge_7.csv,LFP/normal/vin_437/vin_437_discharge_7.csv,LFP,normal,vin_437,discharge,7,0,,,,
LFP_normal_vin_437_vin_437_discharge_8,D:\作业\论文复现\基线模型\mtad-gat-pytorch\datasets\CH-BATTERY\LFP\normal\vin_437\vin_437_discharge_8.csv,LFP/normal/vin_437/vin_437_discharge_8.csv,LFP,normal,vin_437,discharge,8,0,,,,
LFP_normal_vin_437_vin_437_discharge_9,D:\作业\论文复现\基线模型\mtad-gat-pytorch\datasets\CH-BATTERY\LFP\normal\vin_437\vin_437_discharge_9.csv,LFP/normal/vin_437/vin_437_discharge_9.csv,LFP,normal,vin_437,discharge,9,0,,,,
LFP_normal_vin_437_vin_437_discharge_10,D:\作业\论文复现\基线模型\mtad-gat-pytorch\datasets\CH-BATTERY\LFP\normal\vin_437\vin_437_discharge_10.csv,LFP/normal/vin_437/vin_437_discharge_10.csv,LFP,normal,vin_437,discharge,10,0,,,,
LFP_normal_vin_438_vin_438_discharge_1,D:\作业\论文复现\基线模型\mtad-gat-pytorch\datasets\CH-BATTERY\LFP\normal\vin_438\vin_438_discharge_1.csv,LFP/normal/vin_438/vin_438_discharge_1.csv,LFP,normal,vin_438,discharge,1,0,,,,
LFP_normal_vin_438_vin_438_discharge_2,D:\作业\论文复现\基线模型\mtad-gat-pytorch\datasets\CH-BATTERY\LFP\normal\vin_438\vin_438_discharge_2.csv,LFP/normal/vin_438/vin_438_discharge_2.csv,LFP,normal,vin_438,discharge,2,0,,,,
LFP_normal_vin_438_vin_438_discharge_3,D:\作业\论文复现\基线模型\mtad-gat-pytorch\datasets\CH-BATTERY\LFP\normal\vin_438\vin_438_discharge_3.csv,LFP/normal/vin_438/vin_438_discharge_3.csv,LFP,normal,vin_438,discharge,3,0,,,,
LFP_normal_vin_438_vin_438_discharge_4,D:\作业\论文复现\基线模型\mtad-gat-pytorch\datasets\CH-BATTERY\LFP\normal\vin_438\vin_438_discharge_4.csv,LFP/normal/vin_438/vin_438_discharge_4.csv,LFP,normal,vin_438,discharge,4,0,,,,
LFP_normal_vin_438_vin_438_discharge_5,D:\作业\论文复现\基线模型\mtad-gat-pytorch\datasets\CH-BATTERY\LFP\normal\vin_438\vin_438_discharge_5.csv,LFP/normal/vin_438/vin_438_discharge_5.csv,LFP,normal,vin_438,discharge,5,0,,,,
LFP_normal_vin_438_vin_438_discharge_6,D:\作业\论文复现\基线模型\mtad-gat-pytorch\datasets\CH-BATTERY\LFP\normal\vin_438\vin_438_discharge_6.csv,LFP/normal/vin_438/vin_438_discharge_6.csv,LFP,normal,vin_438,discharge,6,0,,,,
LFP_normal_vin_438_vin_438_discharge_7,D:\作业\论文复现\基线模型\mtad-gat-pytorch\datasets\CH-BATTERY\LFP\normal\vin_438\vin_438_discharge_7.csv,LFP/normal/vin_438/vin_438_discharge_7.csv,LFP,normal,vin_438,discharge,7,0,,,,
LFP_normal_vin_438_vin_438_discharge_8,D:\作业\论文复现\基线模型\mtad-gat-pytorch\datasets\CH-BATTERY\LFP\normal\vin_438\vin_438_discharge_8.csv,LFP/normal/vin_438/vin_438_discharge_8.csv,LFP,normal,vin_438,discharge,8,0,,,,
LFP_normal_vin_438_vin_438_discharge_9,D:\作业\论文复现\基线模型\mtad-gat-pytorch\datasets\CH-BATTERY\LFP\normal\vin_438\vin_438_discharge_9.csv,LFP/normal/vin_438/vin_438_discharge_9.csv,LFP,normal,vin_438,discharge,9,0,,,,
LFP_normal_vin_438_vin_438_discharge_10,D:\作业\论文复现\基线模型\mtad-gat-pytorch\datasets\CH-BATTERY\LFP\normal\vin_438\vin_438_discharge_10.csv,LFP/normal/vin_438/vin_438_discharge_10.csv,LFP,normal,vin_438,discharge,10,0,,,,
LFP_normal_vin_439_vin_439_discharge_1,D:\作业\论文复现\基线模型\mtad-gat-pytorch\datasets\CH-BATTERY\LFP\normal\vin_439\vin_439_discharge_1.csv,LFP/normal/vin_439/vin_439_discharge_1.csv,LFP,normal,vin_439,discharge,1,0,,,,
LFP_normal_vin_439_vin_439_discharge_2,D:\作业\论文复现\基线模型\mtad-gat-pytorch\datasets\CH-BATTERY\LFP\normal\vin_439\vin_439_discharge_2.csv,LFP/normal/vin_439/vin_439_discharge_2.csv,LFP,normal,vin_439,discharge,2,0,,,,
LFP_normal_vin_439_vin_439_discharge_3,D:\作业\论文复现\基线模型\mtad-gat-pytorch\datasets\CH-BATTERY\LFP\normal\vin_439\vin_439_discharge_3.csv,LFP/normal/vin_439/vin_439_discharge_3.csv,LFP,normal,vin_439,discharge,3,0,,,,
LFP_normal_vin_439_vin_439_discharge_4,D:\作业\论文复现\基线模型\mtad-gat-pytorch\datasets\CH-BATTERY\LFP\normal\vin_439\vin_439_discharge_4.csv,LFP/normal/vin_439/vin_439_discharge_4.csv,LFP,normal,vin_439,discharge,4,0,,,,
LFP_normal_vin_439_vin_439_discharge_5,D:\作业\论文复现\基线模型\mtad-gat-pytorch\datasets\CH-BATTERY\LFP\normal\vin_439\vin_439_discharge_5.csv,LFP/normal/vin_439/vin_439_discharge_5.csv,LFP,normal,vin_439,discharge,5,0,,,,
LFP_normal_vin_439_vin_439_discharge_6,D:\作业\论文复现\基线模型\mtad-gat-pytorch\datasets\CH-BATTERY\LFP\normal\vin_439\vin_439_discharge_6.csv,LFP/normal/vin_439/vin_439_discharge_6.csv,LFP,normal,vin_439,discharge,6,0,,,,
LFP_normal_vin_439_vin_439_discharge_7,D:\作业\论文复现\基线模型\mtad-gat-pytorch\datasets\CH-BATTERY\LFP\normal\vin_439\vin_439_discharge_7.csv,LFP/normal/vin_439/vin_439_discharge_7.csv,LFP,normal,vin_439,discharge,7,0,,,,
LFP_normal_vin_439_vin_439_discharge_8,D:\作业\论文复现\基线模型\mtad-gat-pytorch\datasets\CH-BATTERY\LFP\normal\vin_439\vin_439_discharge_8.csv,LFP/normal/vin_439/vin_439_discharge_8.csv,LFP,normal,vin_439,discharge,8,0,,,,
LFP_normal_vin_439_vin_439_discharge_9,D:\作业\论文复现\基线模型\mtad-gat-pytorch\datasets\CH-BATTERY\LFP\normal\vin_439\vin_439_discharge_9.csv,LFP/normal/vin_439/vin_439_discharge_9.csv,LFP,normal,vin_439,discharge,9,0,,,,
LFP_normal_vin_439_vin_439_discharge_10,D:\作业\论文复现\基线模型\mtad-gat-pytorch\datasets\CH-BATTERY\LFP\normal\vin_439\vin_439_discharge_10.csv,LFP/normal/vin_439/vin_439_discharge_10.csv,LFP,normal,vin_439,discharge,10,0,,,,
LFP_normal_vin_440_vin_440_discharge_1,D:\作业\论文复现\基线模型\mtad-gat-pytorch\datasets\CH-BATTERY\LFP\normal\vin_440\vin_440_discharge_1.csv,LFP/normal/vin_440/vin_440_discharge_1.csv,LFP,normal,vin_440,discharge,1,0,,,,
LFP_normal_vin_440_vin_440_discharge_2,D:\作业\论文复现\基线模型\mtad-gat-pytorch\datasets\CH-BATTERY\LFP\normal\vin_440\vin_440_discharge_2.csv,LFP/normal/vin_440/vin_440_discharge_2.csv,LFP,normal,vin_440,discharge,2,0,,,,
LFP_normal_vin_440_vin_440_discharge_3,D:\作业\论文复现\基线模型\mtad-gat-pytorch\datasets\CH-BATTERY\LFP\normal\vin_440\vin_440_discharge_3.csv,LFP/normal/vin_440/vin_440_discharge_3.csv,LFP,normal,vin_440,discharge,3,0,,,,
LFP_normal_vin_440_vin_440_discharge_4,D:\作业\论文复现\基线模型\mtad-gat-pytorch\datasets\CH-BATTERY\LFP\normal\vin_440\vin_440_discharge_4.csv,LFP/normal/vin_440/vin_440_discharge_4.csv,LFP,normal,vin_440,discharge,4,0,,,,
LFP_normal_vin_440_vin_440_discharge_5,D:\作业\论文复现\基线模型\mtad-gat-pytorch\datasets\CH-BATTERY\LFP\normal\vin_440\vin_440_discharge_5.csv,LFP/normal/vin_440/vin_440_discharge_5.csv,LFP,normal,vin_440,discharge,5,0,,,,
LFP_normal_vin_440_vin_440_discharge_6,D:\作业\论文复现\基线模型\mtad-gat-pytorch\datasets\CH-BATTERY\LFP\normal\vin_440\vin_440_discharge_6.csv,LFP/normal/vin_440/vin_440_discharge_6.csv,LFP,normal,vin_440,discharge,6,0,,,,
LFP_normal_vin_440_vin_440_discharge_7,D:\作业\论文复现\基线模型\mtad-gat-pytorch\datasets\CH-BATTERY\LFP\normal\vin_440\vin_440_discharge_7.csv,LFP/normal/vin_440/vin_440_discharge_7.csv,LFP,normal,vin_440,discharge,7,0,,,,
LFP_normal_vin_440_vin_440_discharge_8,D:\作业\论文复现\基线模型\mtad-gat-pytorch\datasets\CH-BATTERY\LFP\normal\vin_440\vin_440_discharge_8.csv,LFP/normal/vin_440/vin_440_discharge_8.csv,LFP,normal,vin_440,discharge,8,0,,,,
LFP_normal_vin_440_vin_440_discharge_9,D:\作业\论文复现\基线模型\mtad-gat-pytorch\datasets\CH-BATTERY\LFP\normal\vin_440\vin_440_discharge_9.csv,LFP/normal/vin_440/vin_440_discharge_9.csv,LFP,normal,vin_440,discharge,9,0,,,,
LFP_normal_vin_440_vin_440_discharge_10,D:\作业\论文复现\基线模型\mtad-gat-pytorch\datasets\CH-BATTERY\LFP\normal\vin_440\vin_440_discharge_10.csv,LFP/normal/vin_440/vin_440_discharge_10.csv,LFP,normal,vin_440,discharge,10,0,,,,
LFP_normal_vin_442_vin_442_discharge_1,D:\作业\论文复现\基线模型\mtad-gat-pytorch\datasets\CH-BATTERY\LFP\normal\vin_442\vin_442_discharge_1.csv,LFP/normal/vin_442/vin_442_discharge_1.csv,LFP,normal,vin_442,discharge,1,0,,,,
LFP_normal_vin_442_vin_442_discharge_2,D:\作业\论文复现\基线模型\mtad-gat-pytorch\datasets\CH-BATTERY\LFP\normal\vin_442\vin_442_discharge_2.csv,LFP/normal/vin_442/vin_442_discharge_2.csv,LFP,normal,vin_442,discharge,2,0,,,,
LFP_normal_vin_442_vin_442_discharge_3,D:\作业\论文复现\基线模型\mtad-gat-pytorch\datasets\CH-BATTERY\LFP\normal\vin_442\vin_442_discharge_3.csv,LFP/normal/vin_442/vin_442_discharge_3.csv,LFP,normal,vin_442,discharge,3,0,,,,
LFP_normal_vin_442_vin_442_discharge_4,D:\作业\论文复现\基线模型\mtad-gat-pytorch\datasets\CH-BATTERY\LFP\normal\vin_442\vin_442_discharge_4.csv,LFP/normal/vin_442/vin_442_discharge_4.csv,LFP,normal,vin_442,discharge,4,0,,,,
LFP_normal_vin_442_vin_442_discharge_5,D:\作业\论文复现\基线模型\mtad-gat-pytorch\datasets\CH-BATTERY\LFP\normal\vin_442\vin_442_discharge_5.csv,LFP/normal/vin_442/vin_442_discharge_5.csv,LFP,normal,vin_442,discharge,5,0,,,,
LFP_normal_vin_442_vin_442_discharge_6,D:\作业\论文复现\基线模型\mtad-gat-pytorch\datasets\CH-BATTERY\LFP\normal\vin_442\vin_442_discharge_6.csv,LFP/normal/vin_442/vin_442_discharge_6.csv,LFP,normal,vin_442,discharge,6,0,,,,
LFP_normal_vin_442_vin_442_discharge_7,D:\作业\论文复现\基线模型\mtad-gat-pytorch\datasets\CH-BATTERY\LFP\normal\vin_442\vin_442_discharge_7.csv,LFP/normal/vin_442/vin_442_discharge_7.csv,LFP,normal,vin_442,discharge,7,0,,,,
LFP_normal_vin_442_vin_442_discharge_8,D:\作业\论文复现\基线模型\mtad-gat-pytorch\datasets\CH-BATTERY\LFP\normal\vin_442\vin_442_discharge_8.csv,LFP/normal/vin_442/vin_442_discharge_8.csv,LFP,normal,vin_442,discharge,8,0,,,,
LFP_normal_vin_442_vin_442_discharge_9,D:\作业\论文复现\基线模型\mtad-gat-pytorch\datasets\CH-BATTERY\LFP\normal\vin_442\vin_442_discharge_9.csv,LFP/normal/vin_442/vin_442_discharge_9.csv,LFP,normal,vin_442,discharge,9,0,,,,
LFP_normal_vin_442_vin_442_discharge_10,D:\作业\论文复现\基线模型\mtad-gat-pytorch\datasets\CH-BATTERY\LFP\normal\vin_442\vin_442_discharge_10.csv,LFP/normal/vin_442/vin_442_discharge_10.csv,LFP,normal,vin_442,discharge,10,0,,,,
LFP_normal_vin_443_vin_443_discharge_1,D:\作业\论文复现\基线模型\mtad-gat-pytorch\datasets\CH-BATTERY\LFP\normal\vin_443\vin_443_discharge_1.csv,LFP/normal/vin_443/vin_443_discharge_1.csv,LFP,normal,vin_443,discharge,1,0,,,,
LFP_normal_vin_443_vin_443_discharge_2,D:\作业\论文复现\基线模型\mtad-gat-pytorch\datasets\CH-BATTERY\LFP\normal\vin_443\vin_443_discharge_2.csv,LFP/normal/vin_443/vin_443_discharge_2.csv,LFP,normal,vin_443,discharge,2,0,,,,
LFP_normal_vin_443_vin_443_discharge_3,D:\作业\论文复现\基线模型\mtad-gat-pytorch\datasets\CH-BATTERY\LFP\normal\vin_443\vin_443_discharge_3.csv,LFP/normal/vin_443/vin_443_discharge_3.csv,LFP,normal,vin_443,discharge,3,0,,,,
LFP_normal_vin_443_vin_443_discharge_4,D:\作业\论文复现\基线模型\mtad-gat-pytorch\datasets\CH-BATTERY\LFP\normal\vin_443\vin_443_discharge_4.csv,LFP/normal/vin_443/vin_443_discharge_4.csv,LFP,normal,vin_443,discharge,4,0,,,,
LFP_normal_vin_443_vin_443_discharge_5,D:\作业\论文复现\基线模型\mtad-gat-pytorch\datasets\CH-BATTERY\LFP\normal\vin_443\vin_443_discharge_5.csv,LFP/normal/vin_443/vin_443_discharge_5.csv,LFP,normal,vin_443,discharge,5,0,,,,
LFP_normal_vin_443_vin_443_discharge_6,D:\作业\论文复现\基线模型\mtad-gat-pytorch\datasets\CH-BATTERY\LFP\normal\vin_443\vin_443_discharge_6.csv,LFP/normal/vin_443/vin_443_discharge_6.csv,LFP,normal,vin_443,discharge,6,0,,,,
LFP_normal_vin_443_vin_443_discharge_7,D:\作业\论文复现\基线模型\mtad-gat-pytorch\datasets\CH-BATTERY\LFP\normal\vin_443\vin_443_discharge_7.csv,LFP/normal/vin_443/vin_443_discharge_7.csv,LFP,normal,vin_443,discharge,7,0,,,,
LFP_normal_vin_443_vin_443_discharge_8,D:\作业\论文复现\基线模型\mtad-gat-pytorch\datasets\CH-BATTERY\LFP\normal\vin_443\vin_443_discharge_8.csv,LFP/normal/vin_443/vin_443_discharge_8.csv,LFP,normal,vin_443,discharge,8,0,,,,
LFP_normal_vin_443_vin_443_discharge_9,D:\作业\论文复现\基线模型\mtad-gat-pytorch\datasets\CH-BATTERY\LFP\normal\vin_443\vin_443_discharge_9.csv,LFP/normal/vin_443/vin_443_discharge_9.csv,LFP,normal,vin_443,discharge,9,0,,,,
LFP_normal_vin_443_vin_443_discharge_10,D:\作业\论文复现\基线模型\mtad-gat-pytorch\datasets\CH-BATTERY\LFP\normal\vin_443\vin_443_discharge_10.csv,LFP/normal/vin_443/vin_443_discharge_10.csv,LFP,normal,vin_443,discharge,10,0,,,,
LFP_normal_vin_444_vin_444_discharge_1,D:\作业\论文复现\基线模型\mtad-gat-pytorch\datasets\CH-BATTERY\LFP\normal\vin_444\vin_444_discharge_1.csv,LFP/normal/vin_444/vin_444_discharge_1.csv,LFP,normal,vin_444,discharge,1,0,,,,
LFP_normal_vin_444_vin_444_discharge_2,D:\作业\论文复现\基线模型\mtad-gat-pytorch\datasets\CH-BATTERY\LFP\normal\vin_444\vin_444_discharge_2.csv,LFP/normal/vin_444/vin_444_discharge_2.csv,LFP,normal,vin_444,discharge,2,0,,,,
LFP_normal_vin_444_vin_444_discharge_3,D:\作业\论文复现\基线模型\mtad-gat-pytorch\datasets\CH-BATTERY\LFP\normal\vin_444\vin_444_discharge_3.csv,LFP/normal/vin_444/vin_444_discharge_3.csv,LFP,normal,vin_444,discharge,3,0,,,,
LFP_normal_vin_444_vin_444_discharge_4,D:\作业\论文复现\基线模型\mtad-gat-pytorch\datasets\CH-BATTERY\LFP\normal\vin_444\vin_444_discharge_4.csv,LFP/normal/vin_444/vin_444_discharge_4.csv,LFP,normal,vin_444,discharge,4,0,,,,
LFP_normal_vin_444_vin_444_discharge_5,D:\作业\论文复现\基线模型\mtad-gat-pytorch\datasets\CH-BATTERY\LFP\normal\vin_444\vin_444_discharge_5.csv,LFP/normal/vin_444/vin_444_discharge_5.csv,LFP,normal,vin_444,discharge,5,0,,,,
LFP_normal_vin_444_vin_444_discharge_6,D:\作业\论文复现\基线模型\mtad-gat-pytorch\datasets\CH-BATTERY\LFP\normal\vin_444\vin_444_discharge_6.csv,LFP/normal/vin_444/vin_444_discharge_6.csv,LFP,normal,vin_444,discharge,6,0,,,,
LFP_normal_vin_444_vin_444_discharge_7,D:\作业\论文复现\基线模型\mtad-gat-pytorch\datasets\CH-BATTERY\LFP\normal\vin_444\vin_444_discharge_7.csv,LFP/normal/vin_444/vin_444_discharge_7.csv,LFP,normal,vin_444,discharge,7,0,,,,
LFP_normal_vin_444_vin_444_discharge_8,D:\作业\论文复现\基线模型\mtad-gat-pytorch\datasets\CH-BATTERY\LFP\normal\vin_444\vin_444_discharge_8.csv,LFP/normal/vin_444/vin_444_discharge_8.csv,LFP,normal,vin_444,discharge,8,0,,,,
LFP_normal_vin_444_vin_444_discharge_9,D:\作业\论文复现\基线模型\mtad-gat-pytorch\datasets\CH-BATTERY\LFP\normal\vin_444\vin_444_discharge_9.csv,LFP/normal/vin_444/vin_444_discharge_9.csv,LFP,normal,vin_444,discharge,9,0,,,,
LFP_normal_vin_444_vin_444_discharge_10,D:\作业\论文复现\基线模型\mtad-gat-pytorch\datasets\CH-BATTERY\LFP\normal\vin_444\vin_444_discharge_10.csv,LFP/normal/vin_444/vin_444_discharge_10.csv,LFP,normal,vin_444,discharge,10,0,,,,
LFP_normal_vin_445_vin_445_discharge_1,D:\作业\论文复现\基线模型\mtad-gat-pytorch\datasets\CH-BATTERY\LFP\normal\vin_445\vin_445_discharge_1.csv,LFP/normal/vin_445/vin_445_discharge_1.csv,LFP,normal,vin_445,discharge,1,0,,,,
LFP_normal_vin_445_vin_445_discharge_2,D:\作业\论文复现\基线模型\mtad-gat-pytorch\datasets\CH-BATTERY\LFP\normal\vin_445\vin_445_discharge_2.csv,LFP/normal/vin_445/vin_445_discharge_2.csv,LFP,normal,vin_445,discharge,2,0,,,,
LFP_normal_vin_445_vin_445_discharge_3,D:\作业\论文复现\基线模型\mtad-gat-pytorch\datasets\CH-BATTERY\LFP\normal\vin_445\vin_445_discharge_3.csv,LFP/normal/vin_445/vin_445_discharge_3.csv,LFP,normal,vin_445,discharge,3,0,,,,
LFP_normal_vin_445_vin_445_discharge_4,D:\作业\论文复现\基线模型\mtad-gat-pytorch\datasets\CH-BATTERY\LFP\normal\vin_445\vin_445_discharge_4.csv,LFP/normal/vin_445/vin_445_discharge_4.csv,LFP,normal,vin_445,discharge,4,0,,,,
LFP_normal_vin_445_vin_445_discharge_5,D:\作业\论文复现\基线模型\mtad-gat-pytorch\datasets\CH-BATTERY\LFP\normal\vin_445\vin_445_discharge_5.csv,LFP/normal/vin_445/vin_445_discharge_5.csv,LFP,normal,vin_445,discharge,5,0,,,,
LFP_normal_vin_445_vin_445_discharge_6,D:\作业\论文复现\基线模型\mtad-gat-pytorch\datasets\CH-BATTERY\LFP\normal\vin_445\vin_445_discharge_6.csv,LFP/normal/vin_445/vin_445_discharge_6.csv,LFP,normal,vin_445,discharge,6,0,,,,
LFP_normal_vin_445_vin_445_discharge_7,D:\作业\论文复现\基线模型\mtad-gat-pytorch\datasets\CH-BATTERY\LFP\normal\vin_445\vin_445_discharge_7.csv,LFP/normal/vin_445/vin_445_discharge_7.csv,LFP,normal,vin_445,discharge,7,0,,,,
LFP_normal_vin_445_vin_445_discharge_8,D:\作业\论文复现\基线模型\mtad-gat-pytorch\datasets\CH-BATTERY\LFP\normal\vin_445\vin_445_discharge_8.csv,LFP/normal/vin_445/vin_445_discharge_8.csv,LFP,normal,vin_445,discharge,8,0,,,,
LFP_normal_vin_445_vin_445_discharge_9,D:\作业\论文复现\基线模型\mtad-gat-pytorch\datasets\CH-BATTERY\LFP\normal\vin_445\vin_445_discharge_9.csv,LFP/normal/vin_445/vin_445_discharge_9.csv,LFP,normal,vin_445,discharge,9,0,,,,
LFP_normal_vin_445_vin_445_discharge_10,D:\作业\论文复现\基线模型\mtad-gat-pytorch\datasets\CH-BATTERY\LFP\normal\vin_445\vin_445_discharge_10.csv,LFP/normal/vin_445/vin_445_discharge_10.csv,LFP,normal,vin_445,discharge,10,0,,,,
LFP_normal_vin_446_vin_446_discharge_1,D:\作业\论文复现\基线模型\mtad-gat-pytorch\datasets\CH-BATTERY\LFP\normal\vin_446\vin_446_discharge_1.csv,LFP/normal/vin_446/vin_446_discharge_1.csv,LFP,normal,vin_446,discharge,1,0,,,,
LFP_normal_vin_446_vin_446_discharge_2,D:\作业\论文复现\基线模型\mtad-gat-pytorch\datasets\CH-BATTERY\LFP\normal\vin_446\vin_446_discharge_2.csv,LFP/normal/vin_446/vin_446_discharge_2.csv,LFP,normal,vin_446,discharge,2,0,,,,
LFP_normal_vin_446_vin_446_discharge_3,D:\作业\论文复现\基线模型\mtad-gat-pytorch\datasets\CH-BATTERY\LFP\normal\vin_446\vin_446_discharge_3.csv,LFP/normal/vin_446/vin_446_discharge_3.csv,LFP,normal,vin_446,discharge,3,0,,,,
LFP_normal_vin_446_vin_446_discharge_4,D:\作业\论文复现\基线模型\mtad-gat-pytorch\datasets\CH-BATTERY\LFP\normal\vin_446\vin_446_discharge_4.csv,LFP/normal/vin_446/vin_446_discharge_4.csv,LFP,normal,vin_446,discharge,4,0,,,,
LFP_normal_vin_446_vin_446_discharge_5,D:\作业\论文复现\基线模型\mtad-gat-pytorch\datasets\CH-BATTERY\LFP\normal\vin_446\vin_446_discharge_5.csv,LFP/normal/vin_446/vin_446_discharge_5.csv,LFP,normal,vin_446,discharge,5,0,,,,
LFP_normal_vin_446_vin_446_discharge_6,D:\作业\论文复现\基线模型\mtad-gat-pytorch\datasets\CH-BATTERY\LFP\normal\vin_446\vin_446_discharge_6.csv,LFP/normal/vin_446/vin_446_discharge_6.csv,LFP,normal,vin_446,discharge,6,0,,,,
LFP_normal_vin_446_vin_446_discharge_7,D:\作业\论文复现\基线模型\mtad-gat-pytorch\datasets\CH-BATTERY\LFP\normal\vin_446\vin_446_discharge_7.csv,LFP/normal/vin_446/vin_446_discharge_7.csv,LFP,normal,vin_446,discharge,7,0,,,,
LFP_normal_vin_446_vin_446_discharge_8,D:\作业\论文复现\基线模型\mtad-gat-pytorch\datasets\CH-BATTERY\LFP\normal\vin_446\vin_446_discharge_8.csv,LFP/normal/vin_446/vin_446_discharge_8.csv,LFP,normal,vin_446,discharge,8,0,,,,
LFP_normal_vin_446_vin_446_discharge_9,D:\作业\论文复现\基线模型\mtad-gat-pytorch\datasets\CH-BATTERY\LFP\normal\vin_446\vin_446_discharge_9.csv,LFP/normal/vin_446/vin_446_discharge_9.csv,LFP,normal,vin_446,discharge,9,0,,,,
LFP_normal_vin_446_vin_446_discharge_10,D:\作业\论文复现\基线模型\mtad-gat-pytorch\datasets\CH-BATTERY\LFP\normal\vin_446\vin_446_discharge_10.csv,LFP/normal/vin_446/vin_446_discharge_10.csv,LFP,normal,vin_446,discharge,10,0,,,,
LFP_normal_vin_448_vin_448_discharge_1,D:\作业\论文复现\基线模型\mtad-gat-pytorch\datasets\CH-BATTERY\LFP\normal\vin_448\vin_448_discharge_1.csv,LFP/normal/vin_448/vin_448_discharge_1.csv,LFP,normal,vin_448,discharge,1,0,,,,
LFP_normal_vin_448_vin_448_discharge_2,D:\作业\论文复现\基线模型\mtad-gat-pytorch\datasets\CH-BATTERY\LFP\normal\vin_448\vin_448_discharge_2.csv,LFP/normal/vin_448/vin_448_discharge_2.csv,LFP,normal,vin_448,discharge,2,0,,,,
LFP_normal_vin_448_vin_448_discharge_3,D:\作业\论文复现\基线模型\mtad-gat-pytorch\datasets\CH-BATTERY\LFP\normal\vin_448\vin_448_discharge_3.csv,LFP/normal/vin_448/vin_448_discharge_3.csv,LFP,normal,vin_448,discharge,3,0,,,,
LFP_normal_vin_448_vin_448_discharge_4,D:\作业\论文复现\基线模型\mtad-gat-pytorch\datasets\CH-BATTERY\LFP\normal\vin_448\vin_448_discharge_4.csv,LFP/normal/vin_448/vin_448_discharge_4.csv,LFP,normal,vin_448,discharge,4,0,,,,
LFP_normal_vin_448_vin_448_discharge_5,D:\作业\论文复现\基线模型\mtad-gat-pytorch\datasets\CH-BATTERY\LFP\normal\vin_448\vin_448_discharge_5.csv,LFP/normal/vin_448/vin_448_discharge_5.csv,LFP,normal,vin_448,discharge,5,0,,,,
LFP_normal_vin_448_vin_448_discharge_6,D:\作业\论文复现\基线模型\mtad-gat-pytorch\datasets\CH-BATTERY\LFP\normal\vin_448\vin_448_discharge_6.csv,LFP/normal/vin_448/vin_448_discharge_6.csv,LFP,normal,vin_448,discharge,6,0,,,,
LFP_normal_vin_448_vin_448_discharge_7,D:\作业\论文复现\基线模型\mtad-gat-pytorch\datasets\CH-BATTERY\LFP\normal\vin_448\vin_448_discharge_7.csv,LFP/normal/vin_448/vin_448_discharge_7.csv,LFP,normal,vin_448,discharge,7,0,,,,
LFP_normal_vin_448_vin_448_discharge_8,D:\作业\论文复现\基线模型\mtad-gat-pytorch\datasets\CH-BATTERY\LFP\normal\vin_448\vin_448_discharge_8.csv,LFP/normal/vin_448/vin_448_discharge_8.csv,LFP,normal,vin_448,discharge,8,0,,,,
LFP_normal_vin_448_vin_448_discharge_9,D:\作业\论文复现\基线模型\mtad-gat-pytorch\datasets\CH-BATTERY\LFP\normal\vin_448\vin_448_discharge_9.csv,LFP/normal/vin_448/vin_448_discharge_9.csv,LFP,normal,vin_448,discharge,9,0,,,,
LFP_normal_vin_448_vin_448_discharge_10,D:\作业\论文复现\基线模型\mtad-gat-pytorch\datasets\CH-BATTERY\LFP\normal\vin_448\vin_448_discharge_10.csv,LFP/normal/vin_448/vin_448_discharge_10.csv,LFP,normal,vin_448,discharge,10,0,,,,
LFP_normal_vin_449_vin_449_discharge_1,D:\作业\论文复现\基线模型\mtad-gat-pytorch\datasets\CH-BATTERY\LFP\normal\vin_449\vin_449_discharge_1.csv,LFP/normal/vin_449/vin_449_discharge_1.csv,LFP,normal,vin_449,discharge,1,0,,,,
LFP_normal_vin_449_vin_449_discharge_2,D:\作业\论文复现\基线模型\mtad-gat-pytorch\datasets\CH-BATTERY\LFP\normal\vin_449\vin_449_discharge_2.csv,LFP/normal/vin_449/vin_449_discharge_2.csv,LFP,normal,vin_449,discharge,2,0,,,,
LFP_normal_vin_449_vin_449_discharge_3,D:\作业\论文复现\基线模型\mtad-gat-pytorch\datasets\CH-BATTERY\LFP\normal\vin_449\vin_449_discharge_3.csv,LFP/normal/vin_449/vin_449_discharge_3.csv,LFP,normal,vin_449,discharge,3,0,,,,
LFP_normal_vin_449_vin_449_discharge_4,D:\作业\论文复现\基线模型\mtad-gat-pytorch\datasets\CH-BATTERY\LFP\normal\vin_449\vin_449_discharge_4.csv,LFP/normal/vin_449/vin_449_discharge_4.csv,LFP,normal,vin_449,discharge,4,0,,,,
LFP_normal_vin_449_vin_449_discharge_5,D:\作业\论文复现\基线模型\mtad-gat-pytorch\datasets\CH-BATTERY\LFP\normal\vin_449\vin_449_discharge_5.csv,LFP/normal/vin_449/vin_449_discharge_5.csv,LFP,normal,vin_449,discharge,5,0,,,,
LFP_normal_vin_449_vin_449_discharge_6,D:\作业\论文复现\基线模型\mtad-gat-pytorch\datasets\CH-BATTERY\LFP\normal\vin_449\vin_449_discharge_6.csv,LFP/normal/vin_449/vin_449_discharge_6.csv,LFP,normal,vin_449,discharge,6,0,,,,
LFP_normal_vin_449_vin_449_discharge_7,D:\作业\论文复现\基线模型\mtad-gat-pytorch\datasets\CH-BATTERY\LFP\normal\vin_449\vin_449_discharge_7.csv,LFP/normal/vin_449/vin_449_discharge_7.csv,LFP,normal,vin_449,discharge,7,0,,,,
LFP_normal_vin_449_vin_449_discharge_8,D:\作业\论文复现\基线模型\mtad-gat-pytorch\datasets\CH-BATTERY\LFP\normal\vin_449\vin_449_discharge_8.csv,LFP/normal/vin_449/vin_449_discharge_8.csv,LFP,normal,vin_449,discharge,8,0,,,,
LFP_normal_vin_449_vin_449_discharge_9,D:\作业\论文复现\基线模型\mtad-gat-pytorch\datasets\CH-BATTERY\LFP\normal\vin_449\vin_449_discharge_9.csv,LFP/normal/vin_449/vin_449_discharge_9.csv,LFP,normal,vin_449,discharge,9,0,,,,
LFP_normal_vin_449_vin_449_discharge_10,D:\作业\论文复现\基线模型\mtad-gat-pytorch\datasets\CH-BATTERY\LFP\normal\vin_449\vin_449_discharge_10.csv,LFP/normal/vin_449/vin_449_discharge_10.csv,LFP,normal,vin_449,discharge,10,0,,,,
LFP_normal_vin_450_vin_450_discharge_1,D:\作业\论文复现\基线模型\mtad-gat-pytorch\datasets\CH-BATTERY\LFP\normal\vin_450\vin_450_discharge_1.csv,LFP/normal/vin_450/vin_450_discharge_1.csv,LFP,normal,vin_450,discharge,1,0,,,,
LFP_normal_vin_450_vin_450_discharge_2,D:\作业\论文复现\基线模型\mtad-gat-pytorch\datasets\CH-BATTERY\LFP\normal\vin_450\vin_450_discharge_2.csv,LFP/normal/vin_450/vin_450_discharge_2.csv,LFP,normal,vin_450,discharge,2,0,,,,
LFP_normal_vin_450_vin_450_discharge_3,D:\作业\论文复现\基线模型\mtad-gat-pytorch\datasets\CH-BATTERY\LFP\normal\vin_450\vin_450_discharge_3.csv,LFP/normal/vin_450/vin_450_discharge_3.csv,LFP,normal,vin_450,discharge,3,0,,,,
LFP_normal_vin_450_vin_450_discharge_4,D:\作业\论文复现\基线模型\mtad-gat-pytorch\datasets\CH-BATTERY\LFP\normal\vin_450\vin_450_discharge_4.csv,LFP/normal/vin_450/vin_450_discharge_4.csv,LFP,normal,vin_450,discharge,4,0,,,,
LFP_normal_vin_450_vin_450_discharge_5,D:\作业\论文复现\基线模型\mtad-gat-pytorch\datasets\CH-BATTERY\LFP\normal\vin_450\vin_450_discharge_5.csv,LFP/normal/vin_450/vin_450_discharge_5.csv,LFP,normal,vin_450,discharge,5,0,,,,
LFP_normal_vin_450_vin_450_discharge_6,D:\作业\论文复现\基线模型\mtad-gat-pytorch\datasets\CH-BATTERY\LFP\normal\vin_450\vin_450_discharge_6.csv,LFP/normal/vin_450/vin_450_discharge_6.csv,LFP,normal,vin_450,discharge,6,0,,,,
LFP_normal_vin_450_vin_450_discharge_7,D:\作业\论文复现\基线模型\mtad-gat-pytorch\datasets\CH-BATTERY\LFP\normal\vin_450\vin_450_discharge_7.csv,LFP/normal/vin_450/vin_450_discharge_7.csv,LFP,normal,vin_450,discharge,7,0,,,,
LFP_normal_vin_450_vin_450_discharge_8,D:\作业\论文复现\基线模型\mtad-gat-pytorch\datasets\CH-BATTERY\LFP\normal\vin_450\vin_450_discharge_8.csv,LFP/normal/vin_450/vin_450_discharge_8.csv,LFP,normal,vin_450,discharge,8,0,,,,
LFP_normal_vin_450_vin_450_discharge_9,D:\作业\论文复现\基线模型\mtad-gat-pytorch\datasets\CH-BATTERY\LFP\normal\vin_450\vin_450_discharge_9.csv,LFP/normal/vin_450/vin_450_discharge_9.csv,LFP,normal,vin_450,discharge,9,0,,,,
LFP_normal_vin_450_vin_450_discharge_10,D:\作业\论文复现\基线模型\mtad-gat-pytorch\datasets\CH-BATTERY\LFP\normal\vin_450\vin_450_discharge_10.csv,LFP/normal/vin_450/vin_450_discharge_10.csv,LFP,normal,vin_450,discharge,10,0,,,,
LFP_normal_vin_451_vin_451_discharge_1,D:\作业\论文复现\基线模型\mtad-gat-pytorch\datasets\CH-BATTERY\LFP\normal\vin_451\vin_451_discharge_1.csv,LFP/normal/vin_451/vin_451_discharge_1.csv,LFP,normal,vin_451,discharge,1,0,,,,
LFP_normal_vin_451_vin_451_discharge_2,D:\作业\论文复现\基线模型\mtad-gat-pytorch\datasets\CH-BATTERY\LFP\normal\vin_451\vin_451_discharge_2.csv,LFP/normal/vin_451/vin_451_discharge_2.csv,LFP,normal,vin_451,discharge,2,0,,,,
LFP_normal_vin_451_vin_451_discharge_3,D:\作业\论文复现\基线模型\mtad-gat-pytorch\datasets\CH-BATTERY\LFP\normal\vin_451\vin_451_discharge_3.csv,LFP/normal/vin_451/vin_451_discharge_3.csv,LFP,normal,vin_451,discharge,3,0,,,,
LFP_normal_vin_451_vin_451_discharge_4,D:\作业\论文复现\基线模型\mtad-gat-pytorch\datasets\CH-BATTERY\LFP\normal\vin_451\vin_451_discharge_4.csv,LFP/normal/vin_451/vin_451_discharge_4.csv,LFP,normal,vin_451,discharge,4,0,,,,
LFP_normal_vin_451_vin_451_discharge_5,D:\作业\论文复现\基线模型\mtad-gat-pytorch\datasets\CH-BATTERY\LFP\normal\vin_451\vin_451_discharge_5.csv,LFP/normal/vin_451/vin_451_discharge_5.csv,LFP,normal,vin_451,discharge,5,0,,,,
LFP_normal_vin_451_vin_451_discharge_6,D:\作业\论文复现\基线模型\mtad-gat-pytorch\datasets\CH-BATTERY\LFP\normal\vin_451\vin_451_discharge_6.csv,LFP/normal/vin_451/vin_451_discharge_6.csv,LFP,normal,vin_451,discharge,6,0,,,,
LFP_normal_vin_451_vin_451_discharge_7,D:\作业\论文复现\基线模型\mtad-gat-pytorch\datasets\CH-BATTERY\LFP\normal\vin_451\vin_451_discharge_7.csv,LFP/normal/vin_451/vin_451_discharge_7.csv,LFP,normal,vin_451,discharge,7,0,,,,
LFP_normal_vin_451_vin_451_discharge_8,D:\作业\论文复现\基线模型\mtad-gat-pytorch\datasets\CH-BATTERY\LFP\normal\vin_451\vin_451_discharge_8.csv,LFP/normal/vin_451/vin_451_discharge_8.csv,LFP,normal,vin_451,discharge,8,0,,,,
LFP_normal_vin_451_vin_451_discharge_9,D:\作业\论文复现\基线模型\mtad-gat-pytorch\datasets\CH-BATTERY\LFP\normal\vin_451\vin_451_discharge_9.csv,LFP/normal/vin_451/vin_451_discharge_9.csv,LFP,normal,vin_451,discharge,9,0,,,,
LFP_normal_vin_451_vin_451_discharge_10,D:\作业\论文复现\基线模型\mtad-gat-pytorch\datasets\CH-BATTERY\LFP\normal\vin_451\vin_451_discharge_10.csv,LFP/normal/vin_451/vin_451_discharge_10.csv,LFP,normal,vin_451,discharge,10,0,,,,
LFP_normal_vin_452_vin_452_discharge_1,D:\作业\论文复现\基线模型\mtad-gat-pytorch\datasets\CH-BATTERY\LFP\normal\vin_452\vin_452_discharge_1.csv,LFP/normal/vin_452/vin_452_discharge_1.csv,LFP,normal,vin_452,discharge,1,0,,,,
LFP_normal_vin_452_vin_452_discharge_2,D:\作业\论文复现\基线模型\mtad-gat-pytorch\datasets\CH-BATTERY\LFP\normal\vin_452\vin_452_discharge_2.csv,LFP/normal/vin_452/vin_452_discharge_2.csv,LFP,normal,vin_452,discharge,2,0,,,,
LFP_normal_vin_452_vin_452_discharge_3,D:\作业\论文复现\基线模型\mtad-gat-pytorch\datasets\CH-BATTERY\LFP\normal\vin_452\vin_452_discharge_3.csv,LFP/normal/vin_452/vin_452_discharge_3.csv,LFP,normal,vin_452,discharge,3,0,,,,
LFP_normal_vin_452_vin_452_discharge_4,D:\作业\论文复现\基线模型\mtad-gat-pytorch\datasets\CH-BATTERY\LFP\normal\vin_452\vin_452_discharge_4.csv,LFP/normal/vin_452/vin_452_discharge_4.csv,LFP,normal,vin_452,discharge,4,0,,,,
LFP_normal_vin_452_vin_452_discharge_5,D:\作业\论文复现\基线模型\mtad-gat-pytorch\datasets\CH-BATTERY\LFP\normal\vin_452\vin_452_discharge_5.csv,LFP/normal/vin_452/vin_452_discharge_5.csv,LFP,normal,vin_452,discharge,5,0,,,,
LFP_normal_vin_452_vin_452_discharge_6,D:\作业\论文复现\基线模型\mtad-gat-pytorch\datasets\CH-BATTERY\LFP\normal\vin_452\vin_452_discharge_6.csv,LFP/normal/vin_452/vin_452_discharge_6.csv,LFP,normal,vin_452,discharge,6,0,,,,
LFP_normal_vin_452_vin_452_discharge_7,D:\作业\论文复现\基线模型\mtad-gat-pytorch\datasets\CH-BATTERY\LFP\normal\vin_452\vin_452_discharge_7.csv,LFP/normal/vin_452/vin_452_discharge_7.csv,LFP,normal,vin_452,discharge,7,0,,,,
LFP_normal_vin_452_vin_452_discharge_8,D:\作业\论文复现\基线模型\mtad-gat-pytorch\datasets\CH-BATTERY\LFP\normal\vin_452\vin_452_discharge_8.csv,LFP/normal/vin_452/vin_452_discharge_8.csv,LFP,normal,vin_452,discharge,8,0,,,,
LFP_normal_vin_452_vin_452_discharge_9,D:\作业\论文复现\基线模型\mtad-gat-pytorch\datasets\CH-BATTERY\LFP\normal\vin_452\vin_452_discharge_9.csv,LFP/normal/vin_452/vin_452_discharge_9.csv,LFP,normal,vin_452,discharge,9,0,,,,
LFP_normal_vin_452_vin_452_discharge_10,D:\作业\论文复现\基线模型\mtad-gat-pytorch\datasets\CH-BATTERY\LFP\normal\vin_452\vin_452_discharge_10.csv,LFP/normal/vin_452/vin_452_discharge_10.csv,LFP,normal,vin_452,discharge,10,0,,,,
LFP_normal_vin_453_vin_453_discharge_1,D:\作业\论文复现\基线模型\mtad-gat-pytorch\datasets\CH-BATTERY\LFP\normal\vin_453\vin_453_discharge_1.csv,LFP/normal/vin_453/vin_453_discharge_1.csv,LFP,normal,vin_453,discharge,1,0,,,,
LFP_normal_vin_453_vin_453_discharge_2,D:\作业\论文复现\基线模型\mtad-gat-pytorch\datasets\CH-BATTERY\LFP\normal\vin_453\vin_453_discharge_2.csv,LFP/normal/vin_453/vin_453_discharge_2.csv,LFP,normal,vin_453,discharge,2,0,,,,
LFP_normal_vin_453_vin_453_discharge_3,D:\作业\论文复现\基线模型\mtad-gat-pytorch\datasets\CH-BATTERY\LFP\normal\vin_453\vin_453_discharge_3.csv,LFP/normal/vin_453/vin_453_discharge_3.csv,LFP,normal,vin_453,discharge,3,0,,,,
LFP_normal_vin_453_vin_453_discharge_4,D:\作业\论文复现\基线模型\mtad-gat-pytorch\datasets\CH-BATTERY\LFP\normal\vin_453\vin_453_discharge_4.csv,LFP/normal/vin_453/vin_453_discharge_4.csv,LFP,normal,vin_453,discharge,4,0,,,,
LFP_normal_vin_453_vin_453_discharge_5,D:\作业\论文复现\基线模型\mtad-gat-pytorch\datasets\CH-BATTERY\LFP\normal\vin_453\vin_453_discharge_5.csv,LFP/normal/vin_453/vin_453_discharge_5.csv,LFP,normal,vin_453,discharge,5,0,,,,
LFP_normal_vin_453_vin_453_discharge_6,D:\作业\论文复现\基线模型\mtad-gat-pytorch\datasets\CH-BATTERY\LFP\normal\vin_453\vin_453_discharge_6.csv,LFP/normal/vin_453/vin_453_discharge_6.csv,LFP,normal,vin_453,discharge,6,0,,,,
LFP_normal_vin_453_vin_453_discharge_7,D:\作业\论文复现\基线模型\mtad-gat-pytorch\datasets\CH-BATTERY\LFP\normal\vin_453\vin_453_discharge_7.csv,LFP/normal/vin_453/vin_453_discharge_7.csv,LFP,normal,vin_453,discharge,7,0,,,,
LFP_normal_vin_453_vin_453_discharge_8,D:\作业\论文复现\基线模型\mtad-gat-pytorch\datasets\CH-BATTERY\LFP\normal\vin_453\vin_453_discharge_8.csv,LFP/normal/vin_453/vin_453_discharge_8.csv,LFP,normal,vin_453,discharge,8,0,,,,
LFP_normal_vin_453_vin_453_discharge_9,D:\作业\论文复现\基线模型\mtad-gat-pytorch\datasets\CH-BATTERY\LFP\normal\vin_453\vin_453_discharge_9.csv,LFP/normal/vin_453/vin_453_discharge_9.csv,LFP,normal,vin_453,discharge,9,0,,,,
LFP_normal_vin_453_vin_453_discharge_10,D:\作业\论文复现\基线模型\mtad-gat-pytorch\datasets\CH-BATTERY\LFP\normal\vin_453\vin_453_discharge_10.csv,LFP/normal/vin_453/vin_453_discharge_10.csv,LFP,normal,vin_453,discharge,10,0,,,,
LFP_normal_vin_455_vin_455_discharge_1,D:\作业\论文复现\基线模型\mtad-gat-pytorch\datasets\CH-BATTERY\LFP\normal\vin_455\vin_455_discharge_1.csv,LFP/normal/vin_455/vin_455_discharge_1.csv,LFP,normal,vin_455,discharge,1,0,,,,
LFP_normal_vin_455_vin_455_discharge_2,D:\作业\论文复现\基线模型\mtad-gat-pytorch\datasets\CH-BATTERY\LFP\normal\vin_455\vin_455_discharge_2.csv,LFP/normal/vin_455/vin_455_discharge_2.csv,LFP,normal,vin_455,discharge,2,0,,,,
LFP_normal_vin_455_vin_455_discharge_3,D:\作业\论文复现\基线模型\mtad-gat-pytorch\datasets\CH-BATTERY\LFP\normal\vin_455\vin_455_discharge_3.csv,LFP/normal/vin_455/vin_455_discharge_3.csv,LFP,normal,vin_455,discharge,3,0,,,,
LFP_normal_vin_455_vin_455_discharge_4,D:\作业\论文复现\基线模型\mtad-gat-pytorch\datasets\CH-BATTERY\LFP\normal\vin_455\vin_455_discharge_4.csv,LFP/normal/vin_455/vin_455_discharge_4.csv,LFP,normal,vin_455,discharge,4,0,,,,
LFP_normal_vin_455_vin_455_discharge_5,D:\作业\论文复现\基线模型\mtad-gat-pytorch\datasets\CH-BATTERY\LFP\normal\vin_455\vin_455_discharge_5.csv,LFP/normal/vin_455/vin_455_discharge_5.csv,LFP,normal,vin_455,discharge,5,0,,,,
LFP_normal_vin_455_vin_455_discharge_6,D:\作业\论文复现\基线模型\mtad-gat-pytorch\datasets\CH-BATTERY\LFP\normal\vin_455\vin_455_discharge_6.csv,LFP/normal/vin_455/vin_455_discharge_6.csv,LFP,normal,vin_455,discharge,6,0,,,,
LFP_normal_vin_455_vin_455_discharge_7,D:\作业\论文复现\基线模型\mtad-gat-pytorch\datasets\CH-BATTERY\LFP\normal\vin_455\vin_455_discharge_7.csv,LFP/normal/vin_455/vin_455_discharge_7.csv,LFP,normal,vin_455,discharge,7,0,,,,
LFP_normal_vin_455_vin_455_discharge_8,D:\作业\论文复现\基线模型\mtad-gat-pytorch\datasets\CH-BATTERY\LFP\normal\vin_455\vin_455_discharge_8.csv,LFP/normal/vin_455/vin_455_discharge_8.csv,LFP,normal,vin_455,discharge,8,0,,,,
LFP_normal_vin_455_vin_455_discharge_9,D:\作业\论文复现\基线模型\mtad-gat-pytorch\datasets\CH-BATTERY\LFP\normal\vin_455\vin_455_discharge_9.csv,LFP/normal/vin_455/vin_455_discharge_9.csv,LFP,normal,vin_455,discharge,9,0,,,,
LFP_normal_vin_455_vin_455_discharge_10,D:\作业\论文复现\基线模型\mtad-gat-pytorch\datasets\CH-BATTERY\LFP\normal\vin_455\vin_455_discharge_10.csv,LFP/normal/vin_455/vin_455_discharge_10.csv,LFP,normal,vin_455,discharge,10,0,,,,
LFP_normal_vin_456_vin_456_discharge_1,D:\作业\论文复现\基线模型\mtad-gat-pytorch\datasets\CH-BATTERY\LFP\normal\vin_456\vin_456_discharge_1.csv,LFP/normal/vin_456/vin_456_discharge_1.csv,LFP,normal,vin_456,discharge,1,0,,,,
LFP_normal_vin_456_vin_456_discharge_2,D:\作业\论文复现\基线模型\mtad-gat-pytorch\datasets\CH-BATTERY\LFP\normal\vin_456\vin_456_discharge_2.csv,LFP/normal/vin_456/vin_456_discharge_2.csv,LFP,normal,vin_456,discharge,2,0,,,,
LFP_normal_vin_456_vin_456_discharge_3,D:\作业\论文复现\基线模型\mtad-gat-pytorch\datasets\CH-BATTERY\LFP\normal\vin_456\vin_456_discharge_3.csv,LFP/normal/vin_456/vin_456_discharge_3.csv,LFP,normal,vin_456,discharge,3,0,,,,
LFP_normal_vin_456_vin_456_discharge_4,D:\作业\论文复现\基线模型\mtad-gat-pytorch\datasets\CH-BATTERY\LFP\normal\vin_456\vin_456_discharge_4.csv,LFP/normal/vin_456/vin_456_discharge_4.csv,LFP,normal,vin_456,discharge,4,0,,,,
LFP_normal_vin_456_vin_456_discharge_5,D:\作业\论文复现\基线模型\mtad-gat-pytorch\datasets\CH-BATTERY\LFP\normal\vin_456\vin_456_discharge_5.csv,LFP/normal/vin_456/vin_456_discharge_5.csv,LFP,normal,vin_456,discharge,5,0,,,,
LFP_normal_vin_456_vin_456_discharge_6,D:\作业\论文复现\基线模型\mtad-gat-pytorch\datasets\CH-BATTERY\LFP\normal\vin_456\vin_456_discharge_6.csv,LFP/normal/vin_456/vin_456_discharge_6.csv,LFP,normal,vin_456,discharge,6,0,,,,
LFP_normal_vin_456_vin_456_discharge_7,D:\作业\论文复现\基线模型\mtad-gat-pytorch\datasets\CH-BATTERY\LFP\normal\vin_456\vin_456_discharge_7.csv,LFP/normal/vin_456/vin_456_discharge_7.csv,LFP,normal,vin_456,discharge,7,0,,,,
LFP_normal_vin_456_vin_456_discharge_8,D:\作业\论文复现\基线模型\mtad-gat-pytorch\datasets\CH-BATTERY\LFP\normal\vin_456\vin_456_discharge_8.csv,LFP/normal/vin_456/vin_456_discharge_8.csv,LFP,normal,vin_456,discharge,8,0,,,,
LFP_normal_vin_456_vin_456_discharge_9,D:\作业\论文复现\基线模型\mtad-gat-pytorch\datasets\CH-BATTERY\LFP\normal\vin_456\vin_456_discharge_9.csv,LFP/normal/vin_456/vin_456_discharge_9.csv,LFP,normal,vin_456,discharge,9,0,,,,
LFP_normal_vin_456_vin_456_discharge_10,D:\作业\论文复现\基线模型\mtad-gat-pytorch\datasets\CH-BATTERY\LFP\normal\vin_456\vin_456_discharge_10.csv,LFP/normal/vin_456/vin_456_discharge_10.csv,LFP,normal,vin_456,discharge,10,0,,,,
LFP_normal_vin_457_vin_457_discharge_1,D:\作业\论文复现\基线模型\mtad-gat-pytorch\datasets\CH-BATTERY\LFP\normal\vin_457\vin_457_discharge_1.csv,LFP/normal/vin_457/vin_457_discharge_1.csv,LFP,normal,vin_457,discharge,1,0,,,,
LFP_normal_vin_457_vin_457_discharge_2,D:\作业\论文复现\基线模型\mtad-gat-pytorch\datasets\CH-BATTERY\LFP\normal\vin_457\vin_457_discharge_2.csv,LFP/normal/vin_457/vin_457_discharge_2.csv,LFP,normal,vin_457,discharge,2,0,,,,
LFP_normal_vin_457_vin_457_discharge_3,D:\作业\论文复现\基线模型\mtad-gat-pytorch\datasets\CH-BATTERY\LFP\normal\vin_457\vin_457_discharge_3.csv,LFP/normal/vin_457/vin_457_discharge_3.csv,LFP,normal,vin_457,discharge,3,0,,,,
LFP_normal_vin_457_vin_457_discharge_4,D:\作业\论文复现\基线模型\mtad-gat-pytorch\datasets\CH-BATTERY\LFP\normal\vin_457\vin_457_discharge_4.csv,LFP/normal/vin_457/vin_457_discharge_4.csv,LFP,normal,vin_457,discharge,4,0,,,,
LFP_normal_vin_457_vin_457_discharge_5,D:\作业\论文复现\基线模型\mtad-gat-pytorch\datasets\CH-BATTERY\LFP\normal\vin_457\vin_457_discharge_5.csv,LFP/normal/vin_457/vin_457_discharge_5.csv,LFP,normal,vin_457,discharge,5,0,,,,
LFP_normal_vin_457_vin_457_discharge_6,D:\作业\论文复现\基线模型\mtad-gat-pytorch\datasets\CH-BATTERY\LFP\normal\vin_457\vin_457_discharge_6.csv,LFP/normal/vin_457/vin_457_discharge_6.csv,LFP,normal,vin_457,discharge,6,0,,,,
LFP_normal_vin_457_vin_457_discharge_7,D:\作业\论文复现\基线模型\mtad-gat-pytorch\datasets\CH-BATTERY\LFP\normal\vin_457\vin_457_discharge_7.csv,LFP/normal/vin_457/vin_457_discharge_7.csv,LFP,normal,vin_457,discharge,7,0,,,,
LFP_normal_vin_457_vin_457_discharge_8,D:\作业\论文复现\基线模型\mtad-gat-pytorch\datasets\CH-BATTERY\LFP\normal\vin_457\vin_457_discharge_8.csv,LFP/normal/vin_457/vin_457_discharge_8.csv,LFP,normal,vin_457,discharge,8,0,,,,
LFP_normal_vin_457_vin_457_discharge_9,D:\作业\论文复现\基线模型\mtad-gat-pytorch\datasets\CH-BATTERY\LFP\normal\vin_457\vin_457_discharge_9.csv,LFP/normal/vin_457/vin_457_discharge_9.csv,LFP,normal,vin_457,discharge,9,0,,,,
LFP_normal_vin_457_vin_457_discharge_10,D:\作业\论文复现\基线模型\mtad-gat-pytorch\datasets\CH-BATTERY\LFP\normal\vin_457\vin_457_discharge_10.csv,LFP/normal/vin_457/vin_457_discharge_10.csv,LFP,normal,vin_457,discharge,10,0,,,,
LFP_normal_vin_458_vin_458_discharge_1,D:\作业\论文复现\基线模型\mtad-gat-pytorch\datasets\CH-BATTERY\LFP\normal\vin_458\vin_458_discharge_1.csv,LFP/normal/vin_458/vin_458_discharge_1.csv,LFP,normal,vin_458,discharge,1,0,,,,
LFP_normal_vin_458_vin_458_discharge_2,D:\作业\论文复现\基线模型\mtad-gat-pytorch\datasets\CH-BATTERY\LFP\normal\vin_458\vin_458_discharge_2.csv,LFP/normal/vin_458/vin_458_discharge_2.csv,LFP,normal,vin_458,discharge,2,0,,,,
LFP_normal_vin_458_vin_458_discharge_3,D:\作业\论文复现\基线模型\mtad-gat-pytorch\datasets\CH-BATTERY\LFP\normal\vin_458\vin_458_discharge_3.csv,LFP/normal/vin_458/vin_458_discharge_3.csv,LFP,normal,vin_458,discharge,3,0,,,,
LFP_normal_vin_458_vin_458_discharge_4,D:\作业\论文复现\基线模型\mtad-gat-pytorch\datasets\CH-BATTERY\LFP\normal\vin_458\vin_458_discharge_4.csv,LFP/normal/vin_458/vin_458_discharge_4.csv,LFP,normal,vin_458,discharge,4,0,,,,
LFP_normal_vin_458_vin_458_discharge_5,D:\作业\论文复现\基线模型\mtad-gat-pytorch\datasets\CH-BATTERY\LFP\normal\vin_458\vin_458_discharge_5.csv,LFP/normal/vin_458/vin_458_discharge_5.csv,LFP,normal,vin_458,discharge,5,0,,,,
LFP_normal_vin_458_vin_458_discharge_6,D:\作业\论文复现\基线模型\mtad-gat-pytorch\datasets\CH-BATTERY\LFP\normal\vin_458\vin_458_discharge_6.csv,LFP/normal/vin_458/vin_458_discharge_6.csv,LFP,normal,vin_458,discharge,6,0,,,,
LFP_normal_vin_458_vin_458_discharge_7,D:\作业\论文复现\基线模型\mtad-gat-pytorch\datasets\CH-BATTERY\LFP\normal\vin_458\vin_458_discharge_7.csv,LFP/normal/vin_458/vin_458_discharge_7.csv,LFP,normal,vin_458,discharge,7,0,,,,
LFP_normal_vin_458_vin_458_discharge_8,D:\作业\论文复现\基线模型\mtad-gat-pytorch\datasets\CH-BATTERY\LFP\normal\vin_458\vin_458_discharge_8.csv,LFP/normal/vin_458/vin_458_discharge_8.csv,LFP,normal,vin_458,discharge,8,0,,,,
LFP_normal_vin_458_vin_458_discharge_9,D:\作业\论文复现\基线模型\mtad-gat-pytorch\datasets\CH-BATTERY\LFP\normal\vin_458\vin_458_discharge_9.csv,LFP/normal/vin_458/vin_458_discharge_9.csv,LFP,normal,vin_458,discharge,9,0,,,,
LFP_normal_vin_458_vin_458_discharge_10,D:\作业\论文复现\基线模型\mtad-gat-pytorch\datasets\CH-BATTERY\LFP\normal\vin_458\vin_458_discharge_10.csv,LFP/normal/vin_458/vin_458_discharge_10.csv,LFP,normal,vin_458,discharge,10,0,,,,
LFP_normal_vin_459_vin_459_discharge_1,D:\作业\论文复现\基线模型\mtad-gat-pytorch\datasets\CH-BATTERY\LFP\normal\vin_459\vin_459_discharge_1.csv,LFP/normal/vin_459/vin_459_discharge_1.csv,LFP,normal,vin_459,discharge,1,0,,,,
LFP_normal_vin_459_vin_459_discharge_2,D:\作业\论文复现\基线模型\mtad-gat-pytorch\datasets\CH-BATTERY\LFP\normal\vin_459\vin_459_discharge_2.csv,LFP/normal/vin_459/vin_459_discharge_2.csv,LFP,normal,vin_459,discharge,2,0,,,,
LFP_normal_vin_459_vin_459_discharge_3,D:\作业\论文复现\基线模型\mtad-gat-pytorch\datasets\CH-BATTERY\LFP\normal\vin_459\vin_459_discharge_3.csv,LFP/normal/vin_459/vin_459_discharge_3.csv,LFP,normal,vin_459,discharge,3,0,,,,
LFP_normal_vin_459_vin_459_discharge_4,D:\作业\论文复现\基线模型\mtad-gat-pytorch\datasets\CH-BATTERY\LFP\normal\vin_459\vin_459_discharge_4.csv,LFP/normal/vin_459/vin_459_discharge_4.csv,LFP,normal,vin_459,discharge,4,0,,,,
LFP_normal_vin_459_vin_459_discharge_5,D:\作业\论文复现\基线模型\mtad-gat-pytorch\datasets\CH-BATTERY\LFP\normal\vin_459\vin_459_discharge_5.csv,LFP/normal/vin_459/vin_459_discharge_5.csv,LFP,normal,vin_459,discharge,5,0,,,,
LFP_normal_vin_459_vin_459_discharge_6,D:\作业\论文复现\基线模型\mtad-gat-pytorch\datasets\CH-BATTERY\LFP\normal\vin_459\vin_459_discharge_6.csv,LFP/normal/vin_459/vin_459_discharge_6.csv,LFP,normal,vin_459,discharge,6,0,,,,
LFP_normal_vin_459_vin_459_discharge_7,D:\作业\论文复现\基线模型\mtad-gat-pytorch\datasets\CH-BATTERY\LFP\normal\vin_459\vin_459_discharge_7.csv,LFP/normal/vin_459/vin_459_discharge_7.csv,LFP,normal,vin_459,discharge,7,0,,,,
LFP_normal_vin_459_vin_459_discharge_8,D:\作业\论文复现\基线模型\mtad-gat-pytorch\datasets\CH-BATTERY\LFP\normal\vin_459\vin_459_discharge_8.csv,LFP/normal/vin_459/vin_459_discharge_8.csv,LFP,normal,vin_459,discharge,8,0,,,,
LFP_normal_vin_459_vin_459_discharge_9,D:\作业\论文复现\基线模型\mtad-gat-pytorch\datasets\CH-BATTERY\LFP\normal\vin_459\vin_459_discharge_9.csv,LFP/normal/vin_459/vin_459_discharge_9.csv,LFP,normal,vin_459,discharge,9,0,,,,
LFP_normal_vin_459_vin_459_discharge_10,D:\作业\论文复现\基线模型\mtad-gat-pytorch\datasets\CH-BATTERY\LFP\normal\vin_459\vin_459_discharge_10.csv,LFP/normal/vin_459/vin_459_discharge_10.csv,LFP,normal,vin_459,discharge,10,0,,,,
LFP_normal_vin_460_vin_460_discharge_1,D:\作业\论文复现\基线模型\mtad-gat-pytorch\datasets\CH-BATTERY\LFP\normal\vin_460\vin_460_discharge_1.csv,LFP/normal/vin_460/vin_460_discharge_1.csv,LFP,normal,vin_460,discharge,1,0,,,,
LFP_normal_vin_460_vin_460_discharge_2,D:\作业\论文复现\基线模型\mtad-gat-pytorch\datasets\CH-BATTERY\LFP\normal\vin_460\vin_460_discharge_2.csv,LFP/normal/vin_460/vin_460_discharge_2.csv,LFP,normal,vin_460,discharge,2,0,,,,
LFP_normal_vin_460_vin_460_discharge_3,D:\作业\论文复现\基线模型\mtad-gat-pytorch\datasets\CH-BATTERY\LFP\normal\vin_460\vin_460_discharge_3.csv,LFP/normal/vin_460/vin_460_discharge_3.csv,LFP,normal,vin_460,discharge,3,0,,,,
LFP_normal_vin_460_vin_460_discharge_4,D:\作业\论文复现\基线模型\mtad-gat-pytorch\datasets\CH-BATTERY\LFP\normal\vin_460\vin_460_discharge_4.csv,LFP/normal/vin_460/vin_460_discharge_4.csv,LFP,normal,vin_460,discharge,4,0,,,,
LFP_normal_vin_460_vin_460_discharge_5,D:\作业\论文复现\基线模型\mtad-gat-pytorch\datasets\CH-BATTERY\LFP\normal\vin_460\vin_460_discharge_5.csv,LFP/normal/vin_460/vin_460_discharge_5.csv,LFP,normal,vin_460,discharge,5,0,,,,
LFP_normal_vin_460_vin_460_discharge_6,D:\作业\论文复现\基线模型\mtad-gat-pytorch\datasets\CH-BATTERY\LFP\normal\vin_460\vin_460_discharge_6.csv,LFP/normal/vin_460/vin_460_discharge_6.csv,LFP,normal,vin_460,discharge,6,0,,,,
LFP_normal_vin_460_vin_460_discharge_7,D:\作业\论文复现\基线模型\mtad-gat-pytorch\datasets\CH-BATTERY\LFP\normal\vin_460\vin_460_discharge_7.csv,LFP/normal/vin_460/vin_460_discharge_7.csv,LFP,normal,vin_460,discharge,7,0,,,,
LFP_normal_vin_460_vin_460_discharge_8,D:\作业\论文复现\基线模型\mtad-gat-pytorch\datasets\CH-BATTERY\LFP\normal\vin_460\vin_460_discharge_8.csv,LFP/normal/vin_460/vin_460_discharge_8.csv,LFP,normal,vin_460,discharge,8,0,,,,
LFP_normal_vin_460_vin_460_discharge_9,D:\作业\论文复现\基线模型\mtad-gat-pytorch\datasets\CH-BATTERY\LFP\normal\vin_460\vin_460_discharge_9.csv,LFP/normal/vin_460/vin_460_discharge_9.csv,LFP,normal,vin_460,discharge,9,0,,,,
LFP_normal_vin_460_vin_460_discharge_10,D:\作业\论文复现\基线模型\mtad-gat-pytorch\datasets\CH-BATTERY\LFP\normal\vin_460\vin_460_discharge_10.csv,LFP/normal/vin_460/vin_460_discharge_10.csv,LFP,normal,vin_460,discharge,10,0,,,,
LFP_normal_vin_462_vin_462_discharge_1,D:\作业\论文复现\基线模型\mtad-gat-pytorch\datasets\CH-BATTERY\LFP\normal\vin_462\vin_462_discharge_1.csv,LFP/normal/vin_462/vin_462_discharge_1.csv,LFP,normal,vin_462,discharge,1,0,,,,
LFP_normal_vin_462_vin_462_discharge_2,D:\作业\论文复现\基线模型\mtad-gat-pytorch\datasets\CH-BATTERY\LFP\normal\vin_462\vin_462_discharge_2.csv,LFP/normal/vin_462/vin_462_discharge_2.csv,LFP,normal,vin_462,discharge,2,0,,,,
LFP_normal_vin_462_vin_462_discharge_3,D:\作业\论文复现\基线模型\mtad-gat-pytorch\datasets\CH-BATTERY\LFP\normal\vin_462\vin_462_discharge_3.csv,LFP/normal/vin_462/vin_462_discharge_3.csv,LFP,normal,vin_462,discharge,3,0,,,,
LFP_normal_vin_462_vin_462_discharge_4,D:\作业\论文复现\基线模型\mtad-gat-pytorch\datasets\CH-BATTERY\LFP\normal\vin_462\vin_462_discharge_4.csv,LFP/normal/vin_462/vin_462_discharge_4.csv,LFP,normal,vin_462,discharge,4,0,,,,
LFP_normal_vin_462_vin_462_discharge_5,D:\作业\论文复现\基线模型\mtad-gat-pytorch\datasets\CH-BATTERY\LFP\normal\vin_462\vin_462_discharge_5.csv,LFP/normal/vin_462/vin_462_discharge_5.csv,LFP,normal,vin_462,discharge,5,0,,,,
LFP_normal_vin_462_vin_462_discharge_6,D:\作业\论文复现\基线模型\mtad-gat-pytorch\datasets\CH-BATTERY\LFP\normal\vin_462\vin_462_discharge_6.csv,LFP/normal/vin_462/vin_462_discharge_6.csv,LFP,normal,vin_462,discharge,6,0,,,,
LFP_normal_vin_462_vin_462_discharge_7,D:\作业\论文复现\基线模型\mtad-gat-pytorch\datasets\CH-BATTERY\LFP\normal\vin_462\vin_462_discharge_7.csv,LFP/normal/vin_462/vin_462_discharge_7.csv,LFP,normal,vin_462,discharge,7,0,,,,
LFP_normal_vin_462_vin_462_discharge_8,D:\作业\论文复现\基线模型\mtad-gat-pytorch\datasets\CH-BATTERY\LFP\normal\vin_462\vin_462_discharge_8.csv,LFP/normal/vin_462/vin_462_discharge_8.csv,LFP,normal,vin_462,discharge,8,0,,,,
LFP_normal_vin_462_vin_462_discharge_9,D:\作业\论文复现\基线模型\mtad-gat-pytorch\datasets\CH-BATTERY\LFP\normal\vin_462\vin_462_discharge_9.csv,LFP/normal/vin_462/vin_462_discharge_9.csv,LFP,normal,vin_462,discharge,9,0,,,,
LFP_normal_vin_462_vin_462_discharge_10,D:\作业\论文复现\基线模型\mtad-gat-pytorch\datasets\CH-BATTERY\LFP\normal\vin_462\vin_462_discharge_10.csv,LFP/normal/vin_462/vin_462_discharge_10.csv,LFP,normal,vin_462,discharge,10,0,,,,
LFP_normal_vin_463_vin_463_discharge_1,D:\作业\论文复现\基线模型\mtad-gat-pytorch\datasets\CH-BATTERY\LFP\normal\vin_463\vin_463_discharge_1.csv,LFP/normal/vin_463/vin_463_discharge_1.csv,LFP,normal,vin_463,discharge,1,0,,,,
LFP_normal_vin_463_vin_463_discharge_2,D:\作业\论文复现\基线模型\mtad-gat-pytorch\datasets\CH-BATTERY\LFP\normal\vin_463\vin_463_discharge_2.csv,LFP/normal/vin_463/vin_463_discharge_2.csv,LFP,normal,vin_463,discharge,2,0,,,,
LFP_normal_vin_463_vin_463_discharge_3,D:\作业\论文复现\基线模型\mtad-gat-pytorch\datasets\CH-BATTERY\LFP\normal\vin_463\vin_463_discharge_3.csv,LFP/normal/vin_463/vin_463_discharge_3.csv,LFP,normal,vin_463,discharge,3,0,,,,
LFP_normal_vin_463_vin_463_discharge_4,D:\作业\论文复现\基线模型\mtad-gat-pytorch\datasets\CH-BATTERY\LFP\normal\vin_463\vin_463_discharge_4.csv,LFP/normal/vin_463/vin_463_discharge_4.csv,LFP,normal,vin_463,discharge,4,0,,,,
LFP_normal_vin_463_vin_463_discharge_5,D:\作业\论文复现\基线模型\mtad-gat-pytorch\datasets\CH-BATTERY\LFP\normal\vin_463\vin_463_discharge_5.csv,LFP/normal/vin_463/vin_463_discharge_5.csv,LFP,normal,vin_463,discharge,5,0,,,,
LFP_normal_vin_463_vin_463_discharge_6,D:\作业\论文复现\基线模型\mtad-gat-pytorch\datasets\CH-BATTERY\LFP\normal\vin_463\vin_463_discharge_6.csv,LFP/normal/vin_463/vin_463_discharge_6.csv,LFP,normal,vin_463,discharge,6,0,,,,
LFP_normal_vin_463_vin_463_discharge_7,D:\作业\论文复现\基线模型\mtad-gat-pytorch\datasets\CH-BATTERY\LFP\normal\vin_463\vin_463_discharge_7.csv,LFP/normal/vin_463/vin_463_discharge_7.csv,LFP,normal,vin_463,discharge,7,0,,,,
LFP_normal_vin_463_vin_463_discharge_8,D:\作业\论文复现\基线模型\mtad-gat-pytorch\datasets\CH-BATTERY\LFP\normal\vin_463\vin_463_discharge_8.csv,LFP/normal/vin_463/vin_463_discharge_8.csv,LFP,normal,vin_463,discharge,8,0,,,,
LFP_normal_vin_463_vin_463_discharge_9,D:\作业\论文复现\基线模型\mtad-gat-pytorch\datasets\CH-BATTERY\LFP\normal\vin_463\vin_463_discharge_9.csv,LFP/normal/vin_463/vin_463_discharge_9.csv,LFP,normal,vin_463,discharge,9,0,,,,
LFP_normal_vin_463_vin_463_discharge_10,D:\作业\论文复现\基线模型\mtad-gat-pytorch\datasets\CH-BATTERY\LFP\normal\vin_463\vin_463_discharge_10.csv,LFP/normal/vin_463/vin_463_discharge_10.csv,LFP,normal,vin_463,discharge,10,0,,,,
LFP_normal_vin_464_vin_464_discharge_1,D:\作业\论文复现\基线模型\mtad-gat-pytorch\datasets\CH-BATTERY\LFP\normal\vin_464\vin_464_discharge_1.csv,LFP/normal/vin_464/vin_464_discharge_1.csv,LFP,normal,vin_464,discharge,1,0,,,,
LFP_normal_vin_464_vin_464_discharge_2,D:\作业\论文复现\基线模型\mtad-gat-pytorch\datasets\CH-BATTERY\LFP\normal\vin_464\vin_464_discharge_2.csv,LFP/normal/vin_464/vin_464_discharge_2.csv,LFP,normal,vin_464,discharge,2,0,,,,
LFP_normal_vin_464_vin_464_discharge_3,D:\作业\论文复现\基线模型\mtad-gat-pytorch\datasets\CH-BATTERY\LFP\normal\vin_464\vin_464_discharge_3.csv,LFP/normal/vin_464/vin_464_discharge_3.csv,LFP,normal,vin_464,discharge,3,0,,,,
LFP_normal_vin_464_vin_464_discharge_4,D:\作业\论文复现\基线模型\mtad-gat-pytorch\datasets\CH-BATTERY\LFP\normal\vin_464\vin_464_discharge_4.csv,LFP/normal/vin_464/vin_464_discharge_4.csv,LFP,normal,vin_464,discharge,4,0,,,,
LFP_normal_vin_464_vin_464_discharge_5,D:\作业\论文复现\基线模型\mtad-gat-pytorch\datasets\CH-BATTERY\LFP\normal\vin_464\vin_464_discharge_5.csv,LFP/normal/vin_464/vin_464_discharge_5.csv,LFP,normal,vin_464,discharge,5,0,,,,
LFP_normal_vin_464_vin_464_discharge_6,D:\作业\论文复现\基线模型\mtad-gat-pytorch\datasets\CH-BATTERY\LFP\normal\vin_464\vin_464_discharge_6.csv,LFP/normal/vin_464/vin_464_discharge_6.csv,LFP,normal,vin_464,discharge,6,0,,,,
LFP_normal_vin_464_vin_464_discharge_7,D:\作业\论文复现\基线模型\mtad-gat-pytorch\datasets\CH-BATTERY\LFP\normal\vin_464\vin_464_discharge_7.csv,LFP/normal/vin_464/vin_464_discharge_7.csv,LFP,normal,vin_464,discharge,7,0,,,,
LFP_normal_vin_464_vin_464_discharge_8,D:\作业\论文复现\基线模型\mtad-gat-pytorch\datasets\CH-BATTERY\LFP\normal\vin_464\vin_464_discharge_8.csv,LFP/normal/vin_464/vin_464_discharge_8.csv,LFP,normal,vin_464,discharge,8,0,,,,
LFP_normal_vin_464_vin_464_discharge_9,D:\作业\论文复现\基线模型\mtad-gat-pytorch\datasets\CH-BATTERY\LFP\normal\vin_464\vin_464_discharge_9.csv,LFP/normal/vin_464/vin_464_discharge_9.csv,LFP,normal,vin_464,discharge,9,0,,,,
LFP_normal_vin_464_vin_464_discharge_10,D:\作业\论文复现\基线模型\mtad-gat-pytorch\datasets\CH-BATTERY\LFP\normal\vin_464\vin_464_discharge_10.csv,LFP/normal/vin_464/vin_464_discharge_10.csv,LFP,normal,vin_464,discharge,10,0,,,,
LFP_normal_vin_466_vin_466_discharge_1,D:\作业\论文复现\基线模型\mtad-gat-pytorch\datasets\CH-BATTERY\LFP\normal\vin_466\vin_466_discharge_1.csv,LFP/normal/vin_466/vin_466_discharge_1.csv,LFP,normal,vin_466,discharge,1,0,,,,
LFP_normal_vin_466_vin_466_discharge_2,D:\作业\论文复现\基线模型\mtad-gat-pytorch\datasets\CH-BATTERY\LFP\normal\vin_466\vin_466_discharge_2.csv,LFP/normal/vin_466/vin_466_discharge_2.csv,LFP,normal,vin_466,discharge,2,0,,,,
LFP_normal_vin_466_vin_466_discharge_3,D:\作业\论文复现\基线模型\mtad-gat-pytorch\datasets\CH-BATTERY\LFP\normal\vin_466\vin_466_discharge_3.csv,LFP/normal/vin_466/vin_466_discharge_3.csv,LFP,normal,vin_466,discharge,3,0,,,,
LFP_normal_vin_466_vin_466_discharge_4,D:\作业\论文复现\基线模型\mtad-gat-pytorch\datasets\CH-BATTERY\LFP\normal\vin_466\vin_466_discharge_4.csv,LFP/normal/vin_466/vin_466_discharge_4.csv,LFP,normal,vin_466,discharge,4,0,,,,
LFP_normal_vin_466_vin_466_discharge_5,D:\作业\论文复现\基线模型\mtad-gat-pytorch\datasets\CH-BATTERY\LFP\normal\vin_466\vin_466_discharge_5.csv,LFP/normal/vin_466/vin_466_discharge_5.csv,LFP,normal,vin_466,discharge,5,0,,,,
LFP_normal_vin_466_vin_466_discharge_6,D:\作业\论文复现\基线模型\mtad-gat-pytorch\datasets\CH-BATTERY\LFP\normal\vin_466\vin_466_discharge_6.csv,LFP/normal/vin_466/vin_466_discharge_6.csv,LFP,normal,vin_466,discharge,6,0,,,,
LFP_normal_vin_466_vin_466_discharge_7,D:\作业\论文复现\基线模型\mtad-gat-pytorch\datasets\CH-BATTERY\LFP\normal\vin_466\vin_466_discharge_7.csv,LFP/normal/vin_466/vin_466_discharge_7.csv,LFP,normal,vin_466,discharge,7,0,,,,
LFP_normal_vin_466_vin_466_discharge_8,D:\作业\论文复现\基线模型\mtad-gat-pytorch\datasets\CH-BATTERY\LFP\normal\vin_466\vin_466_discharge_8.csv,LFP/normal/vin_466/vin_466_discharge_8.csv,LFP,normal,vin_466,discharge,8,0,,,,
LFP_normal_vin_466_vin_466_discharge_9,D:\作业\论文复现\基线模型\mtad-gat-pytorch\datasets\CH-BATTERY\LFP\normal\vin_466\vin_466_discharge_9.csv,LFP/normal/vin_466/vin_466_discharge_9.csv,LFP,normal,vin_466,discharge,9,0,,,,
LFP_normal_vin_466_vin_466_discharge_10,D:\作业\论文复现\基线模型\mtad-gat-pytorch\datasets\CH-BATTERY\LFP\normal\vin_466\vin_466_discharge_10.csv,LFP/normal/vin_466/vin_466_discharge_10.csv,LFP,normal,vin_466,discharge,10,0,,,,
LFP_normal_vin_467_vin_467_discharge_1,D:\作业\论文复现\基线模型\mtad-gat-pytorch\datasets\CH-BATTERY\LFP\normal\vin_467\vin_467_discharge_1.csv,LFP/normal/vin_467/vin_467_discharge_1.csv,LFP,normal,vin_467,discharge,1,0,,,,
LFP_normal_vin_467_vin_467_discharge_2,D:\作业\论文复现\基线模型\mtad-gat-pytorch\datasets\CH-BATTERY\LFP\normal\vin_467\vin_467_discharge_2.csv,LFP/normal/vin_467/vin_467_discharge_2.csv,LFP,normal,vin_467,discharge,2,0,,,,
LFP_normal_vin_467_vin_467_discharge_3,D:\作业\论文复现\基线模型\mtad-gat-pytorch\datasets\CH-BATTERY\LFP\normal\vin_467\vin_467_discharge_3.csv,LFP/normal/vin_467/vin_467_discharge_3.csv,LFP,normal,vin_467,discharge,3,0,,,,
LFP_normal_vin_467_vin_467_discharge_4,D:\作业\论文复现\基线模型\mtad-gat-pytorch\datasets\CH-BATTERY\LFP\normal\vin_467\vin_467_discharge_4.csv,LFP/normal/vin_467/vin_467_discharge_4.csv,LFP,normal,vin_467,discharge,4,0,,,,
LFP_normal_vin_467_vin_467_discharge_5,D:\作业\论文复现\基线模型\mtad-gat-pytorch\datasets\CH-BATTERY\LFP\normal\vin_467\vin_467_discharge_5.csv,LFP/normal/vin_467/vin_467_discharge_5.csv,LFP,normal,vin_467,discharge,5,0,,,,
LFP_normal_vin_467_vin_467_discharge_6,D:\作业\论文复现\基线模型\mtad-gat-pytorch\datasets\CH-BATTERY\LFP\normal\vin_467\vin_467_discharge_6.csv,LFP/normal/vin_467/vin_467_discharge_6.csv,LFP,normal,vin_467,discharge,6,0,,,,
LFP_normal_vin_467_vin_467_discharge_7,D:\作业\论文复现\基线模型\mtad-gat-pytorch\datasets\CH-BATTERY\LFP\normal\vin_467\vin_467_discharge_7.csv,LFP/normal/vin_467/vin_467_discharge_7.csv,LFP,normal,vin_467,discharge,7,0,,,,
LFP_normal_vin_467_vin_467_discharge_8,D:\作业\论文复现\基线模型\mtad-gat-pytorch\datasets\CH-BATTERY\LFP\normal\vin_467\vin_467_discharge_8.csv,LFP/normal/vin_467/vin_467_discharge_8.csv,LFP,normal,vin_467,discharge,8,0,,,,
LFP_normal_vin_467_vin_467_discharge_9,D:\作业\论文复现\基线模型\mtad-gat-pytorch\datasets\CH-BATTERY\LFP\normal\vin_467\vin_467_discharge_9.csv,LFP/normal/vin_467/vin_467_discharge_9.csv,LFP,normal,vin_467,discharge,9,0,,,,
LFP_normal_vin_467_vin_467_discharge_10,D:\作业\论文复现\基线模型\mtad-gat-pytorch\datasets\CH-BATTERY\LFP\normal\vin_467\vin_467_discharge_10.csv,LFP/normal/vin_467/vin_467_discharge_10.csv,LFP,normal,vin_467,discharge,10,0,,,,
LFP_normal_vin_470_vin_470_discharge_1,D:\作业\论文复现\基线模型\mtad-gat-pytorch\datasets\CH-BATTERY\LFP\normal\vin_470\vin_470_discharge_1.csv,LFP/normal/vin_470/vin_470_discharge_1.csv,LFP,normal,vin_470,discharge,1,0,,,,
LFP_normal_vin_470_vin_470_discharge_2,D:\作业\论文复现\基线模型\mtad-gat-pytorch\datasets\CH-BATTERY\LFP\normal\vin_470\vin_470_discharge_2.csv,LFP/normal/vin_470/vin_470_discharge_2.csv,LFP,normal,vin_470,discharge,2,0,,,,
LFP_normal_vin_470_vin_470_discharge_3,D:\作业\论文复现\基线模型\mtad-gat-pytorch\datasets\CH-BATTERY\LFP\normal\vin_470\vin_470_discharge_3.csv,LFP/normal/vin_470/vin_470_discharge_3.csv,LFP,normal,vin_470,discharge,3,0,,,,
LFP_normal_vin_470_vin_470_discharge_4,D:\作业\论文复现\基线模型\mtad-gat-pytorch\datasets\CH-BATTERY\LFP\normal\vin_470\vin_470_discharge_4.csv,LFP/normal/vin_470/vin_470_discharge_4.csv,LFP,normal,vin_470,discharge,4,0,,,,
LFP_normal_vin_470_vin_470_discharge_5,D:\作业\论文复现\基线模型\mtad-gat-pytorch\datasets\CH-BATTERY\LFP\normal\vin_470\vin_470_discharge_5.csv,LFP/normal/vin_470/vin_470_discharge_5.csv,LFP,normal,vin_470,discharge,5,0,,,,
LFP_normal_vin_470_vin_470_discharge_6,D:\作业\论文复现\基线模型\mtad-gat-pytorch\datasets\CH-BATTERY\LFP\normal\vin_470\vin_470_discharge_6.csv,LFP/normal/vin_470/vin_470_discharge_6.csv,LFP,normal,vin_470,discharge,6,0,,,,
LFP_normal_vin_470_vin_470_discharge_7,D:\作业\论文复现\基线模型\mtad-gat-pytorch\datasets\CH-BATTERY\LFP\normal\vin_470\vin_470_discharge_7.csv,LFP/normal/vin_470/vin_470_discharge_7.csv,LFP,normal,vin_470,discharge,7,0,,,,
LFP_normal_vin_470_vin_470_discharge_8,D:\作业\论文复现\基线模型\mtad-gat-pytorch\datasets\CH-BATTERY\LFP\normal\vin_470\vin_470_discharge_8.csv,LFP/normal/vin_470/vin_470_discharge_8.csv,LFP,normal,vin_470,discharge,8,0,,,,
LFP_normal_vin_470_vin_470_discharge_9,D:\作业\论文复现\基线模型\mtad-gat-pytorch\datasets\CH-BATTERY\LFP\normal\vin_470\vin_470_discharge_9.csv,LFP/normal/vin_470/vin_470_discharge_9.csv,LFP,normal,vin_470,discharge,9,0,,,,
LFP_normal_vin_470_vin_470_discharge_10,D:\作业\论文复现\基线模型\mtad-gat-pytorch\datasets\CH-BATTERY\LFP\normal\vin_470\vin_470_discharge_10.csv,LFP/normal/vin_470/vin_470_discharge_10.csv,LFP,normal,vin_470,discharge,10,0,,,,
LFP_normal_vin_471_vin_471_discharge_1,D:\作业\论文复现\基线模型\mtad-gat-pytorch\datasets\CH-BATTERY\LFP\normal\vin_471\vin_471_discharge_1.csv,LFP/normal/vin_471/vin_471_discharge_1.csv,LFP,normal,vin_471,discharge,1,0,,,,
LFP_normal_vin_471_vin_471_discharge_2,D:\作业\论文复现\基线模型\mtad-gat-pytorch\datasets\CH-BATTERY\LFP\normal\vin_471\vin_471_discharge_2.csv,LFP/normal/vin_471/vin_471_discharge_2.csv,LFP,normal,vin_471,discharge,2,0,,,,
LFP_normal_vin_471_vin_471_discharge_3,D:\作业\论文复现\基线模型\mtad-gat-pytorch\datasets\CH-BATTERY\LFP\normal\vin_471\vin_471_discharge_3.csv,LFP/normal/vin_471/vin_471_discharge_3.csv,LFP,normal,vin_471,discharge,3,0,,,,
LFP_normal_vin_471_vin_471_discharge_4,D:\作业\论文复现\基线模型\mtad-gat-pytorch\datasets\CH-BATTERY\LFP\normal\vin_471\vin_471_discharge_4.csv,LFP/normal/vin_471/vin_471_discharge_4.csv,LFP,normal,vin_471,discharge,4,0,,,,
LFP_normal_vin_471_vin_471_discharge_5,D:\作业\论文复现\基线模型\mtad-gat-pytorch\datasets\CH-BATTERY\LFP\normal\vin_471\vin_471_discharge_5.csv,LFP/normal/vin_471/vin_471_discharge_5.csv,LFP,normal,vin_471,discharge,5,0,,,,
LFP_normal_vin_471_vin_471_discharge_6,D:\作业\论文复现\基线模型\mtad-gat-pytorch\datasets\CH-BATTERY\LFP\normal\vin_471\vin_471_discharge_6.csv,LFP/normal/vin_471/vin_471_discharge_6.csv,LFP,normal,vin_471,discharge,6,0,,,,
LFP_normal_vin_471_vin_471_discharge_7,D:\作业\论文复现\基线模型\mtad-gat-pytorch\datasets\CH-BATTERY\LFP\normal\vin_471\vin_471_discharge_7.csv,LFP/normal/vin_471/vin_471_discharge_7.csv,LFP,normal,vin_471,discharge,7,0,,,,
LFP_normal_vin_471_vin_471_discharge_8,D:\作业\论文复现\基线模型\mtad-gat-pytorch\datasets\CH-BATTERY\LFP\normal\vin_471\vin_471_discharge_8.csv,LFP/normal/vin_471/vin_471_discharge_8.csv,LFP,normal,vin_471,discharge,8,0,,,,
LFP_normal_vin_471_vin_471_discharge_9,D:\作业\论文复现\基线模型\mtad-gat-pytorch\datasets\CH-BATTERY\LFP\normal\vin_471\vin_471_discharge_9.csv,LFP/normal/vin_471/vin_471_discharge_9.csv,LFP,normal,vin_471,discharge,9,0,,,,
LFP_normal_vin_471_vin_471_discharge_10,D:\作业\论文复现\基线模型\mtad-gat-pytorch\datasets\CH-BATTERY\LFP\normal\vin_471\vin_471_discharge_10.csv,LFP/normal/vin_471/vin_471_discharge_10.csv,LFP,normal,vin_471,discharge,10,0,,,,
LFP_normal_vin_473_vin_473_discharge_1,D:\作业\论文复现\基线模型\mtad-gat-pytorch\datasets\CH-BATTERY\LFP\normal\vin_473\vin_473_discharge_1.csv,LFP/normal/vin_473/vin_473_discharge_1.csv,LFP,normal,vin_473,discharge,1,0,,,,
LFP_normal_vin_473_vin_473_discharge_2,D:\作业\论文复现\基线模型\mtad-gat-pytorch\datasets\CH-BATTERY\LFP\normal\vin_473\vin_473_discharge_2.csv,LFP/normal/vin_473/vin_473_discharge_2.csv,LFP,normal,vin_473,discharge,2,0,,,,
LFP_normal_vin_473_vin_473_discharge_3,D:\作业\论文复现\基线模型\mtad-gat-pytorch\datasets\CH-BATTERY\LFP\normal\vin_473\vin_473_discharge_3.csv,LFP/normal/vin_473/vin_473_discharge_3.csv,LFP,normal,vin_473,discharge,3,0,,,,
LFP_normal_vin_473_vin_473_discharge_4,D:\作业\论文复现\基线模型\mtad-gat-pytorch\datasets\CH-BATTERY\LFP\normal\vin_473\vin_473_discharge_4.csv,LFP/normal/vin_473/vin_473_discharge_4.csv,LFP,normal,vin_473,discharge,4,0,,,,
LFP_normal_vin_473_vin_473_discharge_5,D:\作业\论文复现\基线模型\mtad-gat-pytorch\datasets\CH-BATTERY\LFP\normal\vin_473\vin_473_discharge_5.csv,LFP/normal/vin_473/vin_473_discharge_5.csv,LFP,normal,vin_473,discharge,5,0,,,,
LFP_normal_vin_473_vin_473_discharge_6,D:\作业\论文复现\基线模型\mtad-gat-pytorch\datasets\CH-BATTERY\LFP\normal\vin_473\vin_473_discharge_6.csv,LFP/normal/vin_473/vin_473_discharge_6.csv,LFP,normal,vin_473,discharge,6,0,,,,
LFP_normal_vin_473_vin_473_discharge_7,D:\作业\论文复现\基线模型\mtad-gat-pytorch\datasets\CH-BATTERY\LFP\normal\vin_473\vin_473_discharge_7.csv,LFP/normal/vin_473/vin_473_discharge_7.csv,LFP,normal,vin_473,discharge,7,0,,,,
LFP_normal_vin_473_vin_473_discharge_8,D:\作业\论文复现\基线模型\mtad-gat-pytorch\datasets\CH-BATTERY\LFP\normal\vin_473\vin_473_discharge_8.csv,LFP/normal/vin_473/vin_473_discharge_8.csv,LFP,normal,vin_473,discharge,8,0,,,,
LFP_normal_vin_473_vin_473_discharge_9,D:\作业\论文复现\基线模型\mtad-gat-pytorch\datasets\CH-BATTERY\LFP\normal\vin_473\vin_473_discharge_9.csv,LFP/normal/vin_473/vin_473_discharge_9.csv,LFP,normal,vin_473,discharge,9,0,,,,
LFP_normal_vin_473_vin_473_discharge_10,D:\作业\论文复现\基线模型\mtad-gat-pytorch\datasets\CH-BATTERY\LFP\normal\vin_473\vin_473_discharge_10.csv,LFP/normal/vin_473/vin_473_discharge_10.csv,LFP,normal,vin_473,discharge,10,0,,,,
LFP_normal_vin_475_vin_475_discharge_1,D:\作业\论文复现\基线模型\mtad-gat-pytorch\datasets\CH-BATTERY\LFP\normal\vin_475\vin_475_discharge_1.csv,LFP/normal/vin_475/vin_475_discharge_1.csv,LFP,normal,vin_475,discharge,1,0,,,,
LFP_normal_vin_475_vin_475_discharge_2,D:\作业\论文复现\基线模型\mtad-gat-pytorch\datasets\CH-BATTERY\LFP\normal\vin_475\vin_475_discharge_2.csv,LFP/normal/vin_475/vin_475_discharge_2.csv,LFP,normal,vin_475,discharge,2,0,,,,
LFP_normal_vin_475_vin_475_discharge_3,D:\作业\论文复现\基线模型\mtad-gat-pytorch\datasets\CH-BATTERY\LFP\normal\vin_475\vin_475_discharge_3.csv,LFP/normal/vin_475/vin_475_discharge_3.csv,LFP,normal,vin_475,discharge,3,0,,,,
LFP_normal_vin_475_vin_475_discharge_4,D:\作业\论文复现\基线模型\mtad-gat-pytorch\datasets\CH-BATTERY\LFP\normal\vin_475\vin_475_discharge_4.csv,LFP/normal/vin_475/vin_475_discharge_4.csv,LFP,normal,vin_475,discharge,4,0,,,,
LFP_normal_vin_475_vin_475_discharge_5,D:\作业\论文复现\基线模型\mtad-gat-pytorch\datasets\CH-BATTERY\LFP\normal\vin_475\vin_475_discharge_5.csv,LFP/normal/vin_475/vin_475_discharge_5.csv,LFP,normal,vin_475,discharge,5,0,,,,
LFP_normal_vin_475_vin_475_discharge_6,D:\作业\论文复现\基线模型\mtad-gat-pytorch\datasets\CH-BATTERY\LFP\normal\vin_475\vin_475_discharge_6.csv,LFP/normal/vin_475/vin_475_discharge_6.csv,LFP,normal,vin_475,discharge,6,0,,,,
LFP_normal_vin_475_vin_475_discharge_7,D:\作业\论文复现\基线模型\mtad-gat-pytorch\datasets\CH-BATTERY\LFP\normal\vin_475\vin_475_discharge_7.csv,LFP/normal/vin_475/vin_475_discharge_7.csv,LFP,normal,vin_475,discharge,7,0,,,,
LFP_normal_vin_475_vin_475_discharge_8,D:\作业\论文复现\基线模型\mtad-gat-pytorch\datasets\CH-BATTERY\LFP\normal\vin_475\vin_475_discharge_8.csv,LFP/normal/vin_475/vin_475_discharge_8.csv,LFP,normal,vin_475,discharge,8,0,,,,
LFP_normal_vin_475_vin_475_discharge_9,D:\作业\论文复现\基线模型\mtad-gat-pytorch\datasets\CH-BATTERY\LFP\normal\vin_475\vin_475_discharge_9.csv,LFP/normal/vin_475/vin_475_discharge_9.csv,LFP,normal,vin_475,discharge,9,0,,,,
LFP_normal_vin_475_vin_475_discharge_10,D:\作业\论文复现\基线模型\mtad-gat-pytorch\datasets\CH-BATTERY\LFP\normal\vin_475\vin_475_discharge_10.csv,LFP/normal/vin_475/vin_475_discharge_10.csv,LFP,normal,vin_475,discharge,10,0,,,,
LFP_normal_vin_476_vin_476_discharge_1,D:\作业\论文复现\基线模型\mtad-gat-pytorch\datasets\CH-BATTERY\LFP\normal\vin_476\vin_476_discharge_1.csv,LFP/normal/vin_476/vin_476_discharge_1.csv,LFP,normal,vin_476,discharge,1,0,,,,
LFP_normal_vin_476_vin_476_discharge_2,D:\作业\论文复现\基线模型\mtad-gat-pytorch\datasets\CH-BATTERY\LFP\normal\vin_476\vin_476_discharge_2.csv,LFP/normal/vin_476/vin_476_discharge_2.csv,LFP,normal,vin_476,discharge,2,0,,,,
LFP_normal_vin_476_vin_476_discharge_3,D:\作业\论文复现\基线模型\mtad-gat-pytorch\datasets\CH-BATTERY\LFP\normal\vin_476\vin_476_discharge_3.csv,LFP/normal/vin_476/vin_476_discharge_3.csv,LFP,normal,vin_476,discharge,3,0,,,,
LFP_normal_vin_476_vin_476_discharge_4,D:\作业\论文复现\基线模型\mtad-gat-pytorch\datasets\CH-BATTERY\LFP\normal\vin_476\vin_476_discharge_4.csv,LFP/normal/vin_476/vin_476_discharge_4.csv,LFP,normal,vin_476,discharge,4,0,,,,
LFP_normal_vin_476_vin_476_discharge_5,D:\作业\论文复现\基线模型\mtad-gat-pytorch\datasets\CH-BATTERY\LFP\normal\vin_476\vin_476_discharge_5.csv,LFP/normal/vin_476/vin_476_discharge_5.csv,LFP,normal,vin_476,discharge,5,0,,,,
LFP_normal_vin_476_vin_476_discharge_6,D:\作业\论文复现\基线模型\mtad-gat-pytorch\datasets\CH-BATTERY\LFP\normal\vin_476\vin_476_discharge_6.csv,LFP/normal/vin_476/vin_476_discharge_6.csv,LFP,normal,vin_476,discharge,6,0,,,,
LFP_normal_vin_476_vin_476_discharge_7,D:\作业\论文复现\基线模型\mtad-gat-pytorch\datasets\CH-BATTERY\LFP\normal\vin_476\vin_476_discharge_7.csv,LFP/normal/vin_476/vin_476_discharge_7.csv,LFP,normal,vin_476,discharge,7,0,,,,
LFP_normal_vin_476_vin_476_discharge_8,D:\作业\论文复现\基线模型\mtad-gat-pytorch\datasets\CH-BATTERY\LFP\normal\vin_476\vin_476_discharge_8.csv,LFP/normal/vin_476/vin_476_discharge_8.csv,LFP,normal,vin_476,discharge,8,0,,,,
LFP_normal_vin_476_vin_476_discharge_9,D:\作业\论文复现\基线模型\mtad-gat-pytorch\datasets\CH-BATTERY\LFP\normal\vin_476\vin_476_discharge_9.csv,LFP/normal/vin_476/vin_476_discharge_9.csv,LFP,normal,vin_476,discharge,9,0,,,,
LFP_normal_vin_476_vin_476_discharge_10,D:\作业\论文复现\基线模型\mtad-gat-pytorch\datasets\CH-BATTERY\LFP\normal\vin_476\vin_476_discharge_10.csv,LFP/normal/vin_476/vin_476_discharge_10.csv,LFP,normal,vin_476,discharge,10,0,,,,
LFP_normal_vin_478_vin_478_discharge_1,D:\作业\论文复现\基线模型\mtad-gat-pytorch\datasets\CH-BATTERY\LFP\normal\vin_478\vin_478_discharge_1.csv,LFP/normal/vin_478/vin_478_discharge_1.csv,LFP,normal,vin_478,discharge,1,0,,,,
LFP_normal_vin_478_vin_478_discharge_2,D:\作业\论文复现\基线模型\mtad-gat-pytorch\datasets\CH-BATTERY\LFP\normal\vin_478\vin_478_discharge_2.csv,LFP/normal/vin_478/vin_478_discharge_2.csv,LFP,normal,vin_478,discharge,2,0,,,,
LFP_normal_vin_478_vin_478_discharge_3,D:\作业\论文复现\基线模型\mtad-gat-pytorch\datasets\CH-BATTERY\LFP\normal\vin_478\vin_478_discharge_3.csv,LFP/normal/vin_478/vin_478_discharge_3.csv,LFP,normal,vin_478,discharge,3,0,,,,
LFP_normal_vin_478_vin_478_discharge_4,D:\作业\论文复现\基线模型\mtad-gat-pytorch\datasets\CH-BATTERY\LFP\normal\vin_478\vin_478_discharge_4.csv,LFP/normal/vin_478/vin_478_discharge_4.csv,LFP,normal,vin_478,discharge,4,0,,,,
LFP_normal_vin_478_vin_478_discharge_5,D:\作业\论文复现\基线模型\mtad-gat-pytorch\datasets\CH-BATTERY\LFP\normal\vin_478\vin_478_discharge_5.csv,LFP/normal/vin_478/vin_478_discharge_5.csv,LFP,normal,vin_478,discharge,5,0,,,,
LFP_normal_vin_478_vin_478_discharge_6,D:\作业\论文复现\基线模型\mtad-gat-pytorch\datasets\CH-BATTERY\LFP\normal\vin_478\vin_478_discharge_6.csv,LFP/normal/vin_478/vin_478_discharge_6.csv,LFP,normal,vin_478,discharge,6,0,,,,
LFP_normal_vin_478_vin_478_discharge_7,D:\作业\论文复现\基线模型\mtad-gat-pytorch\datasets\CH-BATTERY\LFP\normal\vin_478\vin_478_discharge_7.csv,LFP/normal/vin_478/vin_478_discharge_7.csv,LFP,normal,vin_478,discharge,7,0,,,,
LFP_normal_vin_478_vin_478_discharge_8,D:\作业\论文复现\基线模型\mtad-gat-pytorch\datasets\CH-BATTERY\LFP\normal\vin_478\vin_478_discharge_8.csv,LFP/normal/vin_478/vin_478_discharge_8.csv,LFP,normal,vin_478,discharge,8,0,,,,
LFP_normal_vin_478_vin_478_discharge_9,D:\作业\论文复现\基线模型\mtad-gat-pytorch\datasets\CH-BATTERY\LFP\normal\vin_478\vin_478_discharge_9.csv,LFP/normal/vin_478/vin_478_discharge_9.csv,LFP,normal,vin_478,discharge,9,0,,,,
LFP_normal_vin_478_vin_478_discharge_10,D:\作业\论文复现\基线模型\mtad-gat-pytorch\datasets\CH-BATTERY\LFP\normal\vin_478\vin_478_discharge_10.csv,LFP/normal/vin_478/vin_478_discharge_10.csv,LFP,normal,vin_478,discharge,10,0,,,,
LFP_normal_vin_479_vin_479_discharge_1,D:\作业\论文复现\基线模型\mtad-gat-pytorch\datasets\CH-BATTERY\LFP\normal\vin_479\vin_479_discharge_1.csv,LFP/normal/vin_479/vin_479_discharge_1.csv,LFP,normal,vin_479,discharge,1,0,,,,
LFP_normal_vin_479_vin_479_discharge_2,D:\作业\论文复现\基线模型\mtad-gat-pytorch\datasets\CH-BATTERY\LFP\normal\vin_479\vin_479_discharge_2.csv,LFP/normal/vin_479/vin_479_discharge_2.csv,LFP,normal,vin_479,discharge,2,0,,,,
LFP_normal_vin_479_vin_479_discharge_3,D:\作业\论文复现\基线模型\mtad-gat-pytorch\datasets\CH-BATTERY\LFP\normal\vin_479\vin_479_discharge_3.csv,LFP/normal/vin_479/vin_479_discharge_3.csv,LFP,normal,vin_479,discharge,3,0,,,,
LFP_normal_vin_479_vin_479_discharge_4,D:\作业\论文复现\基线模型\mtad-gat-pytorch\datasets\CH-BATTERY\LFP\normal\vin_479\vin_479_discharge_4.csv,LFP/normal/vin_479/vin_479_discharge_4.csv,LFP,normal,vin_479,discharge,4,0,,,,
LFP_normal_vin_479_vin_479_discharge_5,D:\作业\论文复现\基线模型\mtad-gat-pytorch\datasets\CH-BATTERY\LFP\normal\vin_479\vin_479_discharge_5.csv,LFP/normal/vin_479/vin_479_discharge_5.csv,LFP,normal,vin_479,discharge,5,0,,,,
LFP_normal_vin_479_vin_479_discharge_6,D:\作业\论文复现\基线模型\mtad-gat-pytorch\datasets\CH-BATTERY\LFP\normal\vin_479\vin_479_discharge_6.csv,LFP/normal/vin_479/vin_479_discharge_6.csv,LFP,normal,vin_479,discharge,6,0,,,,
LFP_normal_vin_479_vin_479_discharge_7,D:\作业\论文复现\基线模型\mtad-gat-pytorch\datasets\CH-BATTERY\LFP\normal\vin_479\vin_479_discharge_7.csv,LFP/normal/vin_479/vin_479_discharge_7.csv,LFP,normal,vin_479,discharge,7,0,,,,
LFP_normal_vin_479_vin_479_discharge_8,D:\作业\论文复现\基线模型\mtad-gat-pytorch\datasets\CH-BATTERY\LFP\normal\vin_479\vin_479_discharge_8.csv,LFP/normal/vin_479/vin_479_discharge_8.csv,LFP,normal,vin_479,discharge,8,0,,,,
LFP_normal_vin_479_vin_479_discharge_9,D:\作业\论文复现\基线模型\mtad-gat-pytorch\datasets\CH-BATTERY\LFP\normal\vin_479\vin_479_discharge_9.csv,LFP/normal/vin_479/vin_479_discharge_9.csv,LFP,normal,vin_479,discharge,9,0,,,,
LFP_normal_vin_479_vin_479_discharge_10,D:\作业\论文复现\基线模型\mtad-gat-pytorch\datasets\CH-BATTERY\LFP\normal\vin_479\vin_479_discharge_10.csv,LFP/normal/vin_479/vin_479_discharge_10.csv,LFP,normal,vin_479,discharge,10,0,,,,
LFP_normal_vin_480_vin_480_discharge_1,D:\作业\论文复现\基线模型\mtad-gat-pytorch\datasets\CH-BATTERY\LFP\normal\vin_480\vin_480_discharge_1.csv,LFP/normal/vin_480/vin_480_discharge_1.csv,LFP,normal,vin_480,discharge,1,0,,,,
LFP_normal_vin_480_vin_480_discharge_2,D:\作业\论文复现\基线模型\mtad-gat-pytorch\datasets\CH-BATTERY\LFP\normal\vin_480\vin_480_discharge_2.csv,LFP/normal/vin_480/vin_480_discharge_2.csv,LFP,normal,vin_480,discharge,2,0,,,,
LFP_normal_vin_480_vin_480_discharge_3,D:\作业\论文复现\基线模型\mtad-gat-pytorch\datasets\CH-BATTERY\LFP\normal\vin_480\vin_480_discharge_3.csv,LFP/normal/vin_480/vin_480_discharge_3.csv,LFP,normal,vin_480,discharge,3,0,,,,
LFP_normal_vin_480_vin_480_discharge_4,D:\作业\论文复现\基线模型\mtad-gat-pytorch\datasets\CH-BATTERY\LFP\normal\vin_480\vin_480_discharge_4.csv,LFP/normal/vin_480/vin_480_discharge_4.csv,LFP,normal,vin_480,discharge,4,0,,,,
LFP_normal_vin_480_vin_480_discharge_5,D:\作业\论文复现\基线模型\mtad-gat-pytorch\datasets\CH-BATTERY\LFP\normal\vin_480\vin_480_discharge_5.csv,LFP/normal/vin_480/vin_480_discharge_5.csv,LFP,normal,vin_480,discharge,5,0,,,,
LFP_normal_vin_480_vin_480_discharge_6,D:\作业\论文复现\基线模型\mtad-gat-pytorch\datasets\CH-BATTERY\LFP\normal\vin_480\vin_480_discharge_6.csv,LFP/normal/vin_480/vin_480_discharge_6.csv,LFP,normal,vin_480,discharge,6,0,,,,
LFP_normal_vin_480_vin_480_discharge_7,D:\作业\论文复现\基线模型\mtad-gat-pytorch\datasets\CH-BATTERY\LFP\normal\vin_480\vin_480_discharge_7.csv,LFP/normal/vin_480/vin_480_discharge_7.csv,LFP,normal,vin_480,discharge,7,0,,,,
LFP_normal_vin_480_vin_480_discharge_8,D:\作业\论文复现\基线模型\mtad-gat-pytorch\datasets\CH-BATTERY\LFP\normal\vin_480\vin_480_discharge_8.csv,LFP/normal/vin_480/vin_480_discharge_8.csv,LFP,normal,vin_480,discharge,8,0,,,,
LFP_normal_vin_480_vin_480_discharge_9,D:\作业\论文复现\基线模型\mtad-gat-pytorch\datasets\CH-BATTERY\LFP\normal\vin_480\vin_480_discharge_9.csv,LFP/normal/vin_480/vin_480_discharge_9.csv,LFP,normal,vin_480,discharge,9,0,,,,
LFP_normal_vin_480_vin_480_discharge_10,D:\作业\论文复现\基线模型\mtad-gat-pytorch\datasets\CH-BATTERY\LFP\normal\vin_480\vin_480_discharge_10.csv,LFP/normal/vin_480/vin_480_discharge_10.csv,LFP,normal,vin_480,discharge,10,0,,,,
LFP_normal_vin_482_vin_482_discharge_1,D:\作业\论文复现\基线模型\mtad-gat-pytorch\datasets\CH-BATTERY\LFP\normal\vin_482\vin_482_discharge_1.csv,LFP/normal/vin_482/vin_482_discharge_1.csv,LFP,normal,vin_482,discharge,1,0,,,,
LFP_normal_vin_482_vin_482_discharge_2,D:\作业\论文复现\基线模型\mtad-gat-pytorch\datasets\CH-BATTERY\LFP\normal\vin_482\vin_482_discharge_2.csv,LFP/normal/vin_482/vin_482_discharge_2.csv,LFP,normal,vin_482,discharge,2,0,,,,
LFP_normal_vin_482_vin_482_discharge_3,D:\作业\论文复现\基线模型\mtad-gat-pytorch\datasets\CH-BATTERY\LFP\normal\vin_482\vin_482_discharge_3.csv,LFP/normal/vin_482/vin_482_discharge_3.csv,LFP,normal,vin_482,discharge,3,0,,,,
LFP_normal_vin_482_vin_482_discharge_4,D:\作业\论文复现\基线模型\mtad-gat-pytorch\datasets\CH-BATTERY\LFP\normal\vin_482\vin_482_discharge_4.csv,LFP/normal/vin_482/vin_482_discharge_4.csv,LFP,normal,vin_482,discharge,4,0,,,,
LFP_normal_vin_482_vin_482_discharge_5,D:\作业\论文复现\基线模型\mtad-gat-pytorch\datasets\CH-BATTERY\LFP\normal\vin_482\vin_482_discharge_5.csv,LFP/normal/vin_482/vin_482_discharge_5.csv,LFP,normal,vin_482,discharge,5,0,,,,
LFP_normal_vin_482_vin_482_discharge_6,D:\作业\论文复现\基线模型\mtad-gat-pytorch\datasets\CH-BATTERY\LFP\normal\vin_482\vin_482_discharge_6.csv,LFP/normal/vin_482/vin_482_discharge_6.csv,LFP,normal,vin_482,discharge,6,0,,,,
LFP_normal_vin_482_vin_482_discharge_7,D:\作业\论文复现\基线模型\mtad-gat-pytorch\datasets\CH-BATTERY\LFP\normal\vin_482\vin_482_discharge_7.csv,LFP/normal/vin_482/vin_482_discharge_7.csv,LFP,normal,vin_482,discharge,7,0,,,,
LFP_normal_vin_482_vin_482_discharge_8,D:\作业\论文复现\基线模型\mtad-gat-pytorch\datasets\CH-BATTERY\LFP\normal\vin_482\vin_482_discharge_8.csv,LFP/normal/vin_482/vin_482_discharge_8.csv,LFP,normal,vin_482,discharge,8,0,,,,
LFP_normal_vin_482_vin_482_discharge_9,D:\作业\论文复现\基线模型\mtad-gat-pytorch\datasets\CH-BATTERY\LFP\normal\vin_482\vin_482_discharge_9.csv,LFP/normal/vin_482/vin_482_discharge_9.csv,LFP,normal,vin_482,discharge,9,0,,,,
LFP_normal_vin_482_vin_482_discharge_10,D:\作业\论文复现\基线模型\mtad-gat-pytorch\datasets\CH-BATTERY\LFP\normal\vin_482\vin_482_discharge_10.csv,LFP/normal/vin_482/vin_482_discharge_10.csv,LFP,normal,vin_482,discharge,10,0,,,,
LFP_normal_vin_483_vin_483_discharge_1,D:\作业\论文复现\基线模型\mtad-gat-pytorch\datasets\CH-BATTERY\LFP\normal\vin_483\vin_483_discharge_1.csv,LFP/normal/vin_483/vin_483_discharge_1.csv,LFP,normal,vin_483,discharge,1,0,,,,
LFP_normal_vin_483_vin_483_discharge_2,D:\作业\论文复现\基线模型\mtad-gat-pytorch\datasets\CH-BATTERY\LFP\normal\vin_483\vin_483_discharge_2.csv,LFP/normal/vin_483/vin_483_discharge_2.csv,LFP,normal,vin_483,discharge,2,0,,,,
LFP_normal_vin_483_vin_483_discharge_3,D:\作业\论文复现\基线模型\mtad-gat-pytorch\datasets\CH-BATTERY\LFP\normal\vin_483\vin_483_discharge_3.csv,LFP/normal/vin_483/vin_483_discharge_3.csv,LFP,normal,vin_483,discharge,3,0,,,,
LFP_normal_vin_483_vin_483_discharge_4,D:\作业\论文复现\基线模型\mtad-gat-pytorch\datasets\CH-BATTERY\LFP\normal\vin_483\vin_483_discharge_4.csv,LFP/normal/vin_483/vin_483_discharge_4.csv,LFP,normal,vin_483,discharge,4,0,,,,
LFP_normal_vin_483_vin_483_discharge_5,D:\作业\论文复现\基线模型\mtad-gat-pytorch\datasets\CH-BATTERY\LFP\normal\vin_483\vin_483_discharge_5.csv,LFP/normal/vin_483/vin_483_discharge_5.csv,LFP,normal,vin_483,discharge,5,0,,,,
LFP_normal_vin_483_vin_483_discharge_6,D:\作业\论文复现\基线模型\mtad-gat-pytorch\datasets\CH-BATTERY\LFP\normal\vin_483\vin_483_discharge_6.csv,LFP/normal/vin_483/vin_483_discharge_6.csv,LFP,normal,vin_483,discharge,6,0,,,,
LFP_normal_vin_483_vin_483_discharge_7,D:\作业\论文复现\基线模型\mtad-gat-pytorch\datasets\CH-BATTERY\LFP\normal\vin_483\vin_483_discharge_7.csv,LFP/normal/vin_483/vin_483_discharge_7.csv,LFP,normal,vin_483,discharge,7,0,,,,
LFP_normal_vin_483_vin_483_discharge_8,D:\作业\论文复现\基线模型\mtad-gat-pytorch\datasets\CH-BATTERY\LFP\normal\vin_483\vin_483_discharge_8.csv,LFP/normal/vin_483/vin_483_discharge_8.csv,LFP,normal,vin_483,discharge,8,0,,,,
LFP_normal_vin_483_vin_483_discharge_9,D:\作业\论文复现\基线模型\mtad-gat-pytorch\datasets\CH-BATTERY\LFP\normal\vin_483\vin_483_discharge_9.csv,LFP/normal/vin_483/vin_483_discharge_9.csv,LFP,normal,vin_483,discharge,9,0,,,,
LFP_normal_vin_483_vin_483_discharge_10,D:\作业\论文复现\基线模型\mtad-gat-pytorch\datasets\CH-BATTERY\LFP\normal\vin_483\vin_483_discharge_10.csv,LFP/normal/vin_483/vin_483_discharge_10.csv,LFP,normal,vin_483,discharge,10,0,,,,
LFP_normal_vin_485_vin_485_discharge_1,D:\作业\论文复现\基线模型\mtad-gat-pytorch\datasets\CH-BATTERY\LFP\normal\vin_485\vin_485_discharge_1.csv,LFP/normal/vin_485/vin_485_discharge_1.csv,LFP,normal,vin_485,discharge,1,0,,,,
LFP_normal_vin_485_vin_485_discharge_2,D:\作业\论文复现\基线模型\mtad-gat-pytorch\datasets\CH-BATTERY\LFP\normal\vin_485\vin_485_discharge_2.csv,LFP/normal/vin_485/vin_485_discharge_2.csv,LFP,normal,vin_485,discharge,2,0,,,,
LFP_normal_vin_485_vin_485_discharge_3,D:\作业\论文复现\基线模型\mtad-gat-pytorch\datasets\CH-BATTERY\LFP\normal\vin_485\vin_485_discharge_3.csv,LFP/normal/vin_485/vin_485_discharge_3.csv,LFP,normal,vin_485,discharge,3,0,,,,
LFP_normal_vin_485_vin_485_discharge_4,D:\作业\论文复现\基线模型\mtad-gat-pytorch\datasets\CH-BATTERY\LFP\normal\vin_485\vin_485_discharge_4.csv,LFP/normal/vin_485/vin_485_discharge_4.csv,LFP,normal,vin_485,discharge,4,0,,,,
LFP_normal_vin_485_vin_485_discharge_5,D:\作业\论文复现\基线模型\mtad-gat-pytorch\datasets\CH-BATTERY\LFP\normal\vin_485\vin_485_discharge_5.csv,LFP/normal/vin_485/vin_485_discharge_5.csv,LFP,normal,vin_485,discharge,5,0,,,,
LFP_normal_vin_485_vin_485_discharge_6,D:\作业\论文复现\基线模型\mtad-gat-pytorch\datasets\CH-BATTERY\LFP\normal\vin_485\vin_485_discharge_6.csv,LFP/normal/vin_485/vin_485_discharge_6.csv,LFP,normal,vin_485,discharge,6,0,,,,
LFP_normal_vin_485_vin_485_discharge_7,D:\作业\论文复现\基线模型\mtad-gat-pytorch\datasets\CH-BATTERY\LFP\normal\vin_485\vin_485_discharge_7.csv,LFP/normal/vin_485/vin_485_discharge_7.csv,LFP,normal,vin_485,discharge,7,0,,,,
LFP_normal_vin_485_vin_485_discharge_8,D:\作业\论文复现\基线模型\mtad-gat-pytorch\datasets\CH-BATTERY\LFP\normal\vin_485\vin_485_discharge_8.csv,LFP/normal/vin_485/vin_485_discharge_8.csv,LFP,normal,vin_485,discharge,8,0,,,,
LFP_normal_vin_485_vin_485_discharge_9,D:\作业\论文复现\基线模型\mtad-gat-pytorch\datasets\CH-BATTERY\LFP\normal\vin_485\vin_485_discharge_9.csv,LFP/normal/vin_485/vin_485_discharge_9.csv,LFP,normal,vin_485,discharge,9,0,,,,
LFP_normal_vin_485_vin_485_discharge_10,D:\作业\论文复现\基线模型\mtad-gat-pytorch\datasets\CH-BATTERY\LFP\normal\vin_485\vin_485_discharge_10.csv,LFP/normal/vin_485/vin_485_discharge_10.csv,LFP,normal,vin_485,discharge,10,0,,,,
LFP_normal_vin_486_vin_486_discharge_1,D:\作业\论文复现\基线模型\mtad-gat-pytorch\datasets\CH-BATTERY\LFP\normal\vin_486\vin_486_discharge_1.csv,LFP/normal/vin_486/vin_486_discharge_1.csv,LFP,normal,vin_486,discharge,1,0,,,,
LFP_normal_vin_486_vin_486_discharge_2,D:\作业\论文复现\基线模型\mtad-gat-pytorch\datasets\CH-BATTERY\LFP\normal\vin_486\vin_486_discharge_2.csv,LFP/normal/vin_486/vin_486_discharge_2.csv,LFP,normal,vin_486,discharge,2,0,,,,
LFP_normal_vin_486_vin_486_discharge_3,D:\作业\论文复现\基线模型\mtad-gat-pytorch\datasets\CH-BATTERY\LFP\normal\vin_486\vin_486_discharge_3.csv,LFP/normal/vin_486/vin_486_discharge_3.csv,LFP,normal,vin_486,discharge,3,0,,,,
LFP_normal_vin_486_vin_486_discharge_4,D:\作业\论文复现\基线模型\mtad-gat-pytorch\datasets\CH-BATTERY\LFP\normal\vin_486\vin_486_discharge_4.csv,LFP/normal/vin_486/vin_486_discharge_4.csv,LFP,normal,vin_486,discharge,4,0,,,,
LFP_normal_vin_486_vin_486_discharge_5,D:\作业\论文复现\基线模型\mtad-gat-pytorch\datasets\CH-BATTERY\LFP\normal\vin_486\vin_486_discharge_5.csv,LFP/normal/vin_486/vin_486_discharge_5.csv,LFP,normal,vin_486,discharge,5,0,,,,
LFP_normal_vin_486_vin_486_discharge_6,D:\作业\论文复现\基线模型\mtad-gat-pytorch\datasets\CH-BATTERY\LFP\normal\vin_486\vin_486_discharge_6.csv,LFP/normal/vin_486/vin_486_discharge_6.csv,LFP,normal,vin_486,discharge,6,0,,,,
LFP_normal_vin_486_vin_486_discharge_7,D:\作业\论文复现\基线模型\mtad-gat-pytorch\datasets\CH-BATTERY\LFP\normal\vin_486\vin_486_discharge_7.csv,LFP/normal/vin_486/vin_486_discharge_7.csv,LFP,normal,vin_486,discharge,7,0,,,,
LFP_normal_vin_486_vin_486_discharge_8,D:\作业\论文复现\基线模型\mtad-gat-pytorch\datasets\CH-BATTERY\LFP\normal\vin_486\vin_486_discharge_8.csv,LFP/normal/vin_486/vin_486_discharge_8.csv,LFP,normal,vin_486,discharge,8,0,,,,
LFP_normal_vin_486_vin_486_discharge_9,D:\作业\论文复现\基线模型\mtad-gat-pytorch\datasets\CH-BATTERY\LFP\normal\vin_486\vin_486_discharge_9.csv,LFP/normal/vin_486/vin_486_discharge_9.csv,LFP,normal,vin_486,discharge,9,0,,,,
LFP_normal_vin_486_vin_486_discharge_10,D:\作业\论文复现\基线模型\mtad-gat-pytorch\datasets\CH-BATTERY\LFP\normal\vin_486\vin_486_discharge_10.csv,LFP/normal/vin_486/vin_486_discharge_10.csv,LFP,normal,vin_486,discharge,10,0,,,,
LFP_normal_vin_487_vin_487_discharge_1,D:\作业\论文复现\基线模型\mtad-gat-pytorch\datasets\CH-BATTERY\LFP\normal\vin_487\vin_487_discharge_1.csv,LFP/normal/vin_487/vin_487_discharge_1.csv,LFP,normal,vin_487,discharge,1,0,,,,
LFP_normal_vin_487_vin_487_discharge_2,D:\作业\论文复现\基线模型\mtad-gat-pytorch\datasets\CH-BATTERY\LFP\normal\vin_487\vin_487_discharge_2.csv,LFP/normal/vin_487/vin_487_discharge_2.csv,LFP,normal,vin_487,discharge,2,0,,,,
LFP_normal_vin_487_vin_487_discharge_3,D:\作业\论文复现\基线模型\mtad-gat-pytorch\datasets\CH-BATTERY\LFP\normal\vin_487\vin_487_discharge_3.csv,LFP/normal/vin_487/vin_487_discharge_3.csv,LFP,normal,vin_487,discharge,3,0,,,,
LFP_normal_vin_487_vin_487_discharge_4,D:\作业\论文复现\基线模型\mtad-gat-pytorch\datasets\CH-BATTERY\LFP\normal\vin_487\vin_487_discharge_4.csv,LFP/normal/vin_487/vin_487_discharge_4.csv,LFP,normal,vin_487,discharge,4,0,,,,
LFP_normal_vin_487_vin_487_discharge_5,D:\作业\论文复现\基线模型\mtad-gat-pytorch\datasets\CH-BATTERY\LFP\normal\vin_487\vin_487_discharge_5.csv,LFP/normal/vin_487/vin_487_discharge_5.csv,LFP,normal,vin_487,discharge,5,0,,,,
LFP_normal_vin_487_vin_487_discharge_6,D:\作业\论文复现\基线模型\mtad-gat-pytorch\datasets\CH-BATTERY\LFP\normal\vin_487\vin_487_discharge_6.csv,LFP/normal/vin_487/vin_487_discharge_6.csv,LFP,normal,vin_487,discharge,6,0,,,,
LFP_normal_vin_487_vin_487_discharge_7,D:\作业\论文复现\基线模型\mtad-gat-pytorch\datasets\CH-BATTERY\LFP\normal\vin_487\vin_487_discharge_7.csv,LFP/normal/vin_487/vin_487_discharge_7.csv,LFP,normal,vin_487,discharge,7,0,,,,
LFP_normal_vin_487_vin_487_discharge_8,D:\作业\论文复现\基线模型\mtad-gat-pytorch\datasets\CH-BATTERY\LFP\normal\vin_487\vin_487_discharge_8.csv,LFP/normal/vin_487/vin_487_discharge_8.csv,LFP,normal,vin_487,discharge,8,0,,,,
LFP_normal_vin_487_vin_487_discharge_9,D:\作业\论文复现\基线模型\mtad-gat-pytorch\datasets\CH-BATTERY\LFP\normal\vin_487\vin_487_discharge_9.csv,LFP/normal/vin_487/vin_487_discharge_9.csv,LFP,normal,vin_487,discharge,9,0,,,,
LFP_normal_vin_487_vin_487_discharge_10,D:\作业\论文复现\基线模型\mtad-gat-pytorch\datasets\CH-BATTERY\LFP\normal\vin_487\vin_487_discharge_10.csv,LFP/normal/vin_487/vin_487_discharge_10.csv,LFP,normal,vin_487,discharge,10,0,,,,
LFP_normal_vin_488_vin_488_discharge_1,D:\作业\论文复现\基线模型\mtad-gat-pytorch\datasets\CH-BATTERY\LFP\normal\vin_488\vin_488_discharge_1.csv,LFP/normal/vin_488/vin_488_discharge_1.csv,LFP,normal,vin_488,discharge,1,0,,,,
LFP_normal_vin_488_vin_488_discharge_2,D:\作业\论文复现\基线模型\mtad-gat-pytorch\datasets\CH-BATTERY\LFP\normal\vin_488\vin_488_discharge_2.csv,LFP/normal/vin_488/vin_488_discharge_2.csv,LFP,normal,vin_488,discharge,2,0,,,,
LFP_normal_vin_488_vin_488_discharge_3,D:\作业\论文复现\基线模型\mtad-gat-pytorch\datasets\CH-BATTERY\LFP\normal\vin_488\vin_488_discharge_3.csv,LFP/normal/vin_488/vin_488_discharge_3.csv,LFP,normal,vin_488,discharge,3,0,,,,
LFP_normal_vin_488_vin_488_discharge_4,D:\作业\论文复现\基线模型\mtad-gat-pytorch\datasets\CH-BATTERY\LFP\normal\vin_488\vin_488_discharge_4.csv,LFP/normal/vin_488/vin_488_discharge_4.csv,LFP,normal,vin_488,discharge,4,0,,,,
LFP_normal_vin_488_vin_488_discharge_5,D:\作业\论文复现\基线模型\mtad-gat-pytorch\datasets\CH-BATTERY\LFP\normal\vin_488\vin_488_discharge_5.csv,LFP/normal/vin_488/vin_488_discharge_5.csv,LFP,normal,vin_488,discharge,5,0,,,,
LFP_normal_vin_488_vin_488_discharge_6,D:\作业\论文复现\基线模型\mtad-gat-pytorch\datasets\CH-BATTERY\LFP\normal\vin_488\vin_488_discharge_6.csv,LFP/normal/vin_488/vin_488_discharge_6.csv,LFP,normal,vin_488,discharge,6,0,,,,
LFP_normal_vin_488_vin_488_discharge_7,D:\作业\论文复现\基线模型\mtad-gat-pytorch\datasets\CH-BATTERY\LFP\normal\vin_488\vin_488_discharge_7.csv,LFP/normal/vin_488/vin_488_discharge_7.csv,LFP,normal,vin_488,discharge,7,0,,,,
LFP_normal_vin_488_vin_488_discharge_8,D:\作业\论文复现\基线模型\mtad-gat-pytorch\datasets\CH-BATTERY\LFP\normal\vin_488\vin_488_discharge_8.csv,LFP/normal/vin_488/vin_488_discharge_8.csv,LFP,normal,vin_488,discharge,8,0,,,,
LFP_normal_vin_488_vin_488_discharge_9,D:\作业\论文复现\基线模型\mtad-gat-pytorch\datasets\CH-BATTERY\LFP\normal\vin_488\vin_488_discharge_9.csv,LFP/normal/vin_488/vin_488_discharge_9.csv,LFP,normal,vin_488,discharge,9,0,,,,
LFP_normal_vin_488_vin_488_discharge_10,D:\作业\论文复现\基线模型\mtad-gat-pytorch\datasets\CH-BATTERY\LFP\normal\vin_488\vin_488_discharge_10.csv,LFP/normal/vin_488/vin_488_discharge_10.csv,LFP,normal,vin_488,discharge,10,0,,,,
LFP_normal_vin_489_vin_489_discharge_1,D:\作业\论文复现\基线模型\mtad-gat-pytorch\datasets\CH-BATTERY\LFP\normal\vin_489\vin_489_discharge_1.csv,LFP/normal/vin_489/vin_489_discharge_1.csv,LFP,normal,vin_489,discharge,1,0,,,,
LFP_normal_vin_489_vin_489_discharge_2,D:\作业\论文复现\基线模型\mtad-gat-pytorch\datasets\CH-BATTERY\LFP\normal\vin_489\vin_489_discharge_2.csv,LFP/normal/vin_489/vin_489_discharge_2.csv,LFP,normal,vin_489,discharge,2,0,,,,
LFP_normal_vin_489_vin_489_discharge_3,D:\作业\论文复现\基线模型\mtad-gat-pytorch\datasets\CH-BATTERY\LFP\normal\vin_489\vin_489_discharge_3.csv,LFP/normal/vin_489/vin_489_discharge_3.csv,LFP,normal,vin_489,discharge,3,0,,,,
LFP_normal_vin_489_vin_489_discharge_4,D:\作业\论文复现\基线模型\mtad-gat-pytorch\datasets\CH-BATTERY\LFP\normal\vin_489\vin_489_discharge_4.csv,LFP/normal/vin_489/vin_489_discharge_4.csv,LFP,normal,vin_489,discharge,4,0,,,,
LFP_normal_vin_489_vin_489_discharge_5,D:\作业\论文复现\基线模型\mtad-gat-pytorch\datasets\CH-BATTERY\LFP\normal\vin_489\vin_489_discharge_5.csv,LFP/normal/vin_489/vin_489_discharge_5.csv,LFP,normal,vin_489,discharge,5,0,,,,
LFP_normal_vin_489_vin_489_discharge_6,D:\作业\论文复现\基线模型\mtad-gat-pytorch\datasets\CH-BATTERY\LFP\normal\vin_489\vin_489_discharge_6.csv,LFP/normal/vin_489/vin_489_discharge_6.csv,LFP,normal,vin_489,discharge,6,0,,,,
LFP_normal_vin_489_vin_489_discharge_7,D:\作业\论文复现\基线模型\mtad-gat-pytorch\datasets\CH-BATTERY\LFP\normal\vin_489\vin_489_discharge_7.csv,LFP/normal/vin_489/vin_489_discharge_7.csv,LFP,normal,vin_489,discharge,7,0,,,,
LFP_normal_vin_489_vin_489_discharge_8,D:\作业\论文复现\基线模型\mtad-gat-pytorch\datasets\CH-BATTERY\LFP\normal\vin_489\vin_489_discharge_8.csv,LFP/normal/vin_489/vin_489_discharge_8.csv,LFP,normal,vin_489,discharge,8,0,,,,
LFP_normal_vin_489_vin_489_discharge_9,D:\作业\论文复现\基线模型\mtad-gat-pytorch\datasets\CH-BATTERY\LFP\normal\vin_489\vin_489_discharge_9.csv,LFP/normal/vin_489/vin_489_discharge_9.csv,LFP,normal,vin_489,discharge,9,0,,,,
LFP_normal_vin_489_vin_489_discharge_10,D:\作业\论文复现\基线模型\mtad-gat-pytorch\datasets\CH-BATTERY\LFP\normal\vin_489\vin_489_discharge_10.csv,LFP/normal/vin_489/vin_489_discharge_10.csv,LFP,normal,vin_489,discharge,10,0,,,,
LFP_normal_vin_490_vin_490_discharge_1,D:\作业\论文复现\基线模型\mtad-gat-pytorch\datasets\CH-BATTERY\LFP\normal\vin_490\vin_490_discharge_1.csv,LFP/normal/vin_490/vin_490_discharge_1.csv,LFP,normal,vin_490,discharge,1,0,,,,
LFP_normal_vin_490_vin_490_discharge_2,D:\作业\论文复现\基线模型\mtad-gat-pytorch\datasets\CH-BATTERY\LFP\normal\vin_490\vin_490_discharge_2.csv,LFP/normal/vin_490/vin_490_discharge_2.csv,LFP,normal,vin_490,discharge,2,0,,,,
LFP_normal_vin_490_vin_490_discharge_3,D:\作业\论文复现\基线模型\mtad-gat-pytorch\datasets\CH-BATTERY\LFP\normal\vin_490\vin_490_discharge_3.csv,LFP/normal/vin_490/vin_490_discharge_3.csv,LFP,normal,vin_490,discharge,3,0,,,,
LFP_normal_vin_490_vin_490_discharge_4,D:\作业\论文复现\基线模型\mtad-gat-pytorch\datasets\CH-BATTERY\LFP\normal\vin_490\vin_490_discharge_4.csv,LFP/normal/vin_490/vin_490_discharge_4.csv,LFP,normal,vin_490,discharge,4,0,,,,
LFP_normal_vin_490_vin_490_discharge_5,D:\作业\论文复现\基线模型\mtad-gat-pytorch\datasets\CH-BATTERY\LFP\normal\vin_490\vin_490_discharge_5.csv,LFP/normal/vin_490/vin_490_discharge_5.csv,LFP,normal,vin_490,discharge,5,0,,,,
LFP_normal_vin_490_vin_490_discharge_6,D:\作业\论文复现\基线模型\mtad-gat-pytorch\datasets\CH-BATTERY\LFP\normal\vin_490\vin_490_discharge_6.csv,LFP/normal/vin_490/vin_490_discharge_6.csv,LFP,normal,vin_490,discharge,6,0,,,,
LFP_normal_vin_490_vin_490_discharge_7,D:\作业\论文复现\基线模型\mtad-gat-pytorch\datasets\CH-BATTERY\LFP\normal\vin_490\vin_490_discharge_7.csv,LFP/normal/vin_490/vin_490_discharge_7.csv,LFP,normal,vin_490,discharge,7,0,,,,
LFP_normal_vin_490_vin_490_discharge_8,D:\作业\论文复现\基线模型\mtad-gat-pytorch\datasets\CH-BATTERY\LFP\normal\vin_490\vin_490_discharge_8.csv,LFP/normal/vin_490/vin_490_discharge_8.csv,LFP,normal,vin_490,discharge,8,0,,,,
LFP_normal_vin_490_vin_490_discharge_9,D:\作业\论文复现\基线模型\mtad-gat-pytorch\datasets\CH-BATTERY\LFP\normal\vin_490\vin_490_discharge_9.csv,LFP/normal/vin_490/vin_490_discharge_9.csv,LFP,normal,vin_490,discharge,9,0,,,,
LFP_normal_vin_490_vin_490_discharge_10,D:\作业\论文复现\基线模型\mtad-gat-pytorch\datasets\CH-BATTERY\LFP\normal\vin_490\vin_490_discharge_10.csv,LFP/normal/vin_490/vin_490_discharge_10.csv,LFP,normal,vin_490,discharge,10,0,,,,
LFP_normal_vin_491_vin_491_discharge_1,D:\作业\论文复现\基线模型\mtad-gat-pytorch\datasets\CH-BATTERY\LFP\normal\vin_491\vin_491_discharge_1.csv,LFP/normal/vin_491/vin_491_discharge_1.csv,LFP,normal,vin_491,discharge,1,0,,,,
LFP_normal_vin_491_vin_491_discharge_2,D:\作业\论文复现\基线模型\mtad-gat-pytorch\datasets\CH-BATTERY\LFP\normal\vin_491\vin_491_discharge_2.csv,LFP/normal/vin_491/vin_491_discharge_2.csv,LFP,normal,vin_491,discharge,2,0,,,,
LFP_normal_vin_491_vin_491_discharge_3,D:\作业\论文复现\基线模型\mtad-gat-pytorch\datasets\CH-BATTERY\LFP\normal\vin_491\vin_491_discharge_3.csv,LFP/normal/vin_491/vin_491_discharge_3.csv,LFP,normal,vin_491,discharge,3,0,,,,
LFP_normal_vin_491_vin_491_discharge_4,D:\作业\论文复现\基线模型\mtad-gat-pytorch\datasets\CH-BATTERY\LFP\normal\vin_491\vin_491_discharge_4.csv,LFP/normal/vin_491/vin_491_discharge_4.csv,LFP,normal,vin_491,discharge,4,0,,,,
LFP_normal_vin_491_vin_491_discharge_5,D:\作业\论文复现\基线模型\mtad-gat-pytorch\datasets\CH-BATTERY\LFP\normal\vin_491\vin_491_discharge_5.csv,LFP/normal/vin_491/vin_491_discharge_5.csv,LFP,normal,vin_491,discharge,5,0,,,,
LFP_normal_vin_491_vin_491_discharge_6,D:\作业\论文复现\基线模型\mtad-gat-pytorch\datasets\CH-BATTERY\LFP\normal\vin_491\vin_491_discharge_6.csv,LFP/normal/vin_491/vin_491_discharge_6.csv,LFP,normal,vin_491,discharge,6,0,,,,
LFP_normal_vin_491_vin_491_discharge_7,D:\作业\论文复现\基线模型\mtad-gat-pytorch\datasets\CH-BATTERY\LFP\normal\vin_491\vin_491_discharge_7.csv,LFP/normal/vin_491/vin_491_discharge_7.csv,LFP,normal,vin_491,discharge,7,0,,,,
LFP_normal_vin_491_vin_491_discharge_8,D:\作业\论文复现\基线模型\mtad-gat-pytorch\datasets\CH-BATTERY\LFP\normal\vin_491\vin_491_discharge_8.csv,LFP/normal/vin_491/vin_491_discharge_8.csv,LFP,normal,vin_491,discharge,8,0,,,,
LFP_normal_vin_491_vin_491_discharge_9,D:\作业\论文复现\基线模型\mtad-gat-pytorch\datasets\CH-BATTERY\LFP\normal\vin_491\vin_491_discharge_9.csv,LFP/normal/vin_491/vin_491_discharge_9.csv,LFP,normal,vin_491,discharge,9,0,,,,
LFP_normal_vin_491_vin_491_discharge_10,D:\作业\论文复现\基线模型\mtad-gat-pytorch\datasets\CH-BATTERY\LFP\normal\vin_491\vin_491_discharge_10.csv,LFP/normal/vin_491/vin_491_discharge_10.csv,LFP,normal,vin_491,discharge,10,0,,,,
LFP_normal_vin_492_vin_492_discharge_1,D:\作业\论文复现\基线模型\mtad-gat-pytorch\datasets\CH-BATTERY\LFP\normal\vin_492\vin_492_discharge_1.csv,LFP/normal/vin_492/vin_492_discharge_1.csv,LFP,normal,vin_492,discharge,1,0,,,,
LFP_normal_vin_492_vin_492_discharge_2,D:\作业\论文复现\基线模型\mtad-gat-pytorch\datasets\CH-BATTERY\LFP\normal\vin_492\vin_492_discharge_2.csv,LFP/normal/vin_492/vin_492_discharge_2.csv,LFP,normal,vin_492,discharge,2,0,,,,
LFP_normal_vin_492_vin_492_discharge_3,D:\作业\论文复现\基线模型\mtad-gat-pytorch\datasets\CH-BATTERY\LFP\normal\vin_492\vin_492_discharge_3.csv,LFP/normal/vin_492/vin_492_discharge_3.csv,LFP,normal,vin_492,discharge,3,0,,,,
LFP_normal_vin_492_vin_492_discharge_4,D:\作业\论文复现\基线模型\mtad-gat-pytorch\datasets\CH-BATTERY\LFP\normal\vin_492\vin_492_discharge_4.csv,LFP/normal/vin_492/vin_492_discharge_4.csv,LFP,normal,vin_492,discharge,4,0,,,,
LFP_normal_vin_492_vin_492_discharge_5,D:\作业\论文复现\基线模型\mtad-gat-pytorch\datasets\CH-BATTERY\LFP\normal\vin_492\vin_492_discharge_5.csv,LFP/normal/vin_492/vin_492_discharge_5.csv,LFP,normal,vin_492,discharge,5,0,,,,
LFP_normal_vin_492_vin_492_discharge_6,D:\作业\论文复现\基线模型\mtad-gat-pytorch\datasets\CH-BATTERY\LFP\normal\vin_492\vin_492_discharge_6.csv,LFP/normal/vin_492/vin_492_discharge_6.csv,LFP,normal,vin_492,discharge,6,0,,,,
LFP_normal_vin_492_vin_492_discharge_7,D:\作业\论文复现\基线模型\mtad-gat-pytorch\datasets\CH-BATTERY\LFP\normal\vin_492\vin_492_discharge_7.csv,LFP/normal/vin_492/vin_492_discharge_7.csv,LFP,normal,vin_492,discharge,7,0,,,,
LFP_normal_vin_492_vin_492_discharge_8,D:\作业\论文复现\基线模型\mtad-gat-pytorch\datasets\CH-BATTERY\LFP\normal\vin_492\vin_492_discharge_8.csv,LFP/normal/vin_492/vin_492_discharge_8.csv,LFP,normal,vin_492,discharge,8,0,,,,
LFP_normal_vin_492_vin_492_discharge_9,D:\作业\论文复现\基线模型\mtad-gat-pytorch\datasets\CH-BATTERY\LFP\normal\vin_492\vin_492_discharge_9.csv,LFP/normal/vin_492/vin_492_discharge_9.csv,LFP,normal,vin_492,discharge,9,0,,,,
LFP_normal_vin_492_vin_492_discharge_10,D:\作业\论文复现\基线模型\mtad-gat-pytorch\datasets\CH-BATTERY\LFP\normal\vin_492\vin_492_discharge_10.csv,LFP/normal/vin_492/vin_492_discharge_10.csv,LFP,normal,vin_492,discharge,10,0,,,,
LFP_normal_vin_493_vin_493_discharge_1,D:\作业\论文复现\基线模型\mtad-gat-pytorch\datasets\CH-BATTERY\LFP\normal\vin_493\vin_493_discharge_1.csv,LFP/normal/vin_493/vin_493_discharge_1.csv,LFP,normal,vin_493,discharge,1,0,,,,
LFP_normal_vin_493_vin_493_discharge_2,D:\作业\论文复现\基线模型\mtad-gat-pytorch\datasets\CH-BATTERY\LFP\normal\vin_493\vin_493_discharge_2.csv,LFP/normal/vin_493/vin_493_discharge_2.csv,LFP,normal,vin_493,discharge,2,0,,,,
LFP_normal_vin_493_vin_493_discharge_3,D:\作业\论文复现\基线模型\mtad-gat-pytorch\datasets\CH-BATTERY\LFP\normal\vin_493\vin_493_discharge_3.csv,LFP/normal/vin_493/vin_493_discharge_3.csv,LFP,normal,vin_493,discharge,3,0,,,,
LFP_normal_vin_493_vin_493_discharge_4,D:\作业\论文复现\基线模型\mtad-gat-pytorch\datasets\CH-BATTERY\LFP\normal\vin_493\vin_493_discharge_4.csv,LFP/normal/vin_493/vin_493_discharge_4.csv,LFP,normal,vin_493,discharge,4,0,,,,
LFP_normal_vin_493_vin_493_discharge_5,D:\作业\论文复现\基线模型\mtad-gat-pytorch\datasets\CH-BATTERY\LFP\normal\vin_493\vin_493_discharge_5.csv,LFP/normal/vin_493/vin_493_discharge_5.csv,LFP,normal,vin_493,discharge,5,0,,,,
LFP_normal_vin_493_vin_493_discharge_6,D:\作业\论文复现\基线模型\mtad-gat-pytorch\datasets\CH-BATTERY\LFP\normal\vin_493\vin_493_discharge_6.csv,LFP/normal/vin_493/vin_493_discharge_6.csv,LFP,normal,vin_493,discharge,6,0,,,,
LFP_normal_vin_493_vin_493_discharge_7,D:\作业\论文复现\基线模型\mtad-gat-pytorch\datasets\CH-BATTERY\LFP\normal\vin_493\vin_493_discharge_7.csv,LFP/normal/vin_493/vin_493_discharge_7.csv,LFP,normal,vin_493,discharge,7,0,,,,
LFP_normal_vin_493_vin_493_discharge_8,D:\作业\论文复现\基线模型\mtad-gat-pytorch\datasets\CH-BATTERY\LFP\normal\vin_493\vin_493_discharge_8.csv,LFP/normal/vin_493/vin_493_discharge_8.csv,LFP,normal,vin_493,discharge,8,0,,,,
LFP_normal_vin_493_vin_493_discharge_9,D:\作业\论文复现\基线模型\mtad-gat-pytorch\datasets\CH-BATTERY\LFP\normal\vin_493\vin_493_discharge_9.csv,LFP/normal/vin_493/vin_493_discharge_9.csv,LFP,normal,vin_493,discharge,9,0,,,,
LFP_normal_vin_493_vin_493_discharge_10,D:\作业\论文复现\基线模型\mtad-gat-pytorch\datasets\CH-BATTERY\LFP\normal\vin_493\vin_493_discharge_10.csv,LFP/normal/vin_493/vin_493_discharge_10.csv,LFP,normal,vin_493,discharge,10,0,,,,
LFP_normal_vin_494_vin_494_discharge_1,D:\作业\论文复现\基线模型\mtad-gat-pytorch\datasets\CH-BATTERY\LFP\normal\vin_494\vin_494_discharge_1.csv,LFP/normal/vin_494/vin_494_discharge_1.csv,LFP,normal,vin_494,discharge,1,0,,,,
LFP_normal_vin_494_vin_494_discharge_2,D:\作业\论文复现\基线模型\mtad-gat-pytorch\datasets\CH-BATTERY\LFP\normal\vin_494\vin_494_discharge_2.csv,LFP/normal/vin_494/vin_494_discharge_2.csv,LFP,normal,vin_494,discharge,2,0,,,,
LFP_normal_vin_494_vin_494_discharge_3,D:\作业\论文复现\基线模型\mtad-gat-pytorch\datasets\CH-BATTERY\LFP\normal\vin_494\vin_494_discharge_3.csv,LFP/normal/vin_494/vin_494_discharge_3.csv,LFP,normal,vin_494,discharge,3,0,,,,
LFP_normal_vin_494_vin_494_discharge_4,D:\作业\论文复现\基线模型\mtad-gat-pytorch\datasets\CH-BATTERY\LFP\normal\vin_494\vin_494_discharge_4.csv,LFP/normal/vin_494/vin_494_discharge_4.csv,LFP,normal,vin_494,discharge,4,0,,,,
LFP_normal_vin_494_vin_494_discharge_5,D:\作业\论文复现\基线模型\mtad-gat-pytorch\datasets\CH-BATTERY\LFP\normal\vin_494\vin_494_discharge_5.csv,LFP/normal/vin_494/vin_494_discharge_5.csv,LFP,normal,vin_494,discharge,5,0,,,,
LFP_normal_vin_494_vin_494_discharge_6,D:\作业\论文复现\基线模型\mtad-gat-pytorch\datasets\CH-BATTERY\LFP\normal\vin_494\vin_494_discharge_6.csv,LFP/normal/vin_494/vin_494_discharge_6.csv,LFP,normal,vin_494,discharge,6,0,,,,
LFP_normal_vin_494_vin_494_discharge_7,D:\作业\论文复现\基线模型\mtad-gat-pytorch\datasets\CH-BATTERY\LFP\normal\vin_494\vin_494_discharge_7.csv,LFP/normal/vin_494/vin_494_discharge_7.csv,LFP,normal,vin_494,discharge,7,0,,,,
LFP_normal_vin_494_vin_494_discharge_8,D:\作业\论文复现\基线模型\mtad-gat-pytorch\datasets\CH-BATTERY\LFP\normal\vin_494\vin_494_discharge_8.csv,LFP/normal/vin_494/vin_494_discharge_8.csv,LFP,normal,vin_494,discharge,8,0,,,,
LFP_normal_vin_494_vin_494_discharge_9,D:\作业\论文复现\基线模型\mtad-gat-pytorch\datasets\CH-BATTERY\LFP\normal\vin_494\vin_494_discharge_9.csv,LFP/normal/vin_494/vin_494_discharge_9.csv,LFP,normal,vin_494,discharge,9,0,,,,
LFP_normal_vin_494_vin_494_discharge_10,D:\作业\论文复现\基线模型\mtad-gat-pytorch\datasets\CH-BATTERY\LFP\normal\vin_494\vin_494_discharge_10.csv,LFP/normal/vin_494/vin_494_discharge_10.csv,LFP,normal,vin_494,discharge,10,0,,,,
LFP_normal_vin_495_vin_495_discharge_1,D:\作业\论文复现\基线模型\mtad-gat-pytorch\datasets\CH-BATTERY\LFP\normal\vin_495\vin_495_discharge_1.csv,LFP/normal/vin_495/vin_495_discharge_1.csv,LFP,normal,vin_495,discharge,1,0,,,,
LFP_normal_vin_495_vin_495_discharge_2,D:\作业\论文复现\基线模型\mtad-gat-pytorch\datasets\CH-BATTERY\LFP\normal\vin_495\vin_495_discharge_2.csv,LFP/normal/vin_495/vin_495_discharge_2.csv,LFP,normal,vin_495,discharge,2,0,,,,
LFP_normal_vin_495_vin_495_discharge_3,D:\作业\论文复现\基线模型\mtad-gat-pytorch\datasets\CH-BATTERY\LFP\normal\vin_495\vin_495_discharge_3.csv,LFP/normal/vin_495/vin_495_discharge_3.csv,LFP,normal,vin_495,discharge,3,0,,,,
LFP_normal_vin_495_vin_495_discharge_4,D:\作业\论文复现\基线模型\mtad-gat-pytorch\datasets\CH-BATTERY\LFP\normal\vin_495\vin_495_discharge_4.csv,LFP/normal/vin_495/vin_495_discharge_4.csv,LFP,normal,vin_495,discharge,4,0,,,,
LFP_normal_vin_495_vin_495_discharge_5,D:\作业\论文复现\基线模型\mtad-gat-pytorch\datasets\CH-BATTERY\LFP\normal\vin_495\vin_495_discharge_5.csv,LFP/normal/vin_495/vin_495_discharge_5.csv,LFP,normal,vin_495,discharge,5,0,,,,
LFP_normal_vin_495_vin_495_discharge_6,D:\作业\论文复现\基线模型\mtad-gat-pytorch\datasets\CH-BATTERY\LFP\normal\vin_495\vin_495_discharge_6.csv,LFP/normal/vin_495/vin_495_discharge_6.csv,LFP,normal,vin_495,discharge,6,0,,,,
LFP_normal_vin_495_vin_495_discharge_7,D:\作业\论文复现\基线模型\mtad-gat-pytorch\datasets\CH-BATTERY\LFP\normal\vin_495\vin_495_discharge_7.csv,LFP/normal/vin_495/vin_495_discharge_7.csv,LFP,normal,vin_495,discharge,7,0,,,,
LFP_normal_vin_495_vin_495_discharge_8,D:\作业\论文复现\基线模型\mtad-gat-pytorch\datasets\CH-BATTERY\LFP\normal\vin_495\vin_495_discharge_8.csv,LFP/normal/vin_495/vin_495_discharge_8.csv,LFP,normal,vin_495,discharge,8,0,,,,
LFP_normal_vin_495_vin_495_discharge_9,D:\作业\论文复现\基线模型\mtad-gat-pytorch\datasets\CH-BATTERY\LFP\normal\vin_495\vin_495_discharge_9.csv,LFP/normal/vin_495/vin_495_discharge_9.csv,LFP,normal,vin_495,discharge,9,0,,,,
LFP_normal_vin_495_vin_495_discharge_10,D:\作业\论文复现\基线模型\mtad-gat-pytorch\datasets\CH-BATTERY\LFP\normal\vin_495\vin_495_discharge_10.csv,LFP/normal/vin_495/vin_495_discharge_10.csv,LFP,normal,vin_495,discharge,10,0,,,,
LFP_normal_vin_496_vin_496_discharge_1,D:\作业\论文复现\基线模型\mtad-gat-pytorch\datasets\CH-BATTERY\LFP\normal\vin_496\vin_496_discharge_1.csv,LFP/normal/vin_496/vin_496_discharge_1.csv,LFP,normal,vin_496,discharge,1,0,,,,
LFP_normal_vin_496_vin_496_discharge_2,D:\作业\论文复现\基线模型\mtad-gat-pytorch\datasets\CH-BATTERY\LFP\normal\vin_496\vin_496_discharge_2.csv,LFP/normal/vin_496/vin_496_discharge_2.csv,LFP,normal,vin_496,discharge,2,0,,,,
LFP_normal_vin_496_vin_496_discharge_3,D:\作业\论文复现\基线模型\mtad-gat-pytorch\datasets\CH-BATTERY\LFP\normal\vin_496\vin_496_discharge_3.csv,LFP/normal/vin_496/vin_496_discharge_3.csv,LFP,normal,vin_496,discharge,3,0,,,,
LFP_normal_vin_496_vin_496_discharge_4,D:\作业\论文复现\基线模型\mtad-gat-pytorch\datasets\CH-BATTERY\LFP\normal\vin_496\vin_496_discharge_4.csv,LFP/normal/vin_496/vin_496_discharge_4.csv,LFP,normal,vin_496,discharge,4,0,,,,
LFP_normal_vin_496_vin_496_discharge_5,D:\作业\论文复现\基线模型\mtad-gat-pytorch\datasets\CH-BATTERY\LFP\normal\vin_496\vin_496_discharge_5.csv,LFP/normal/vin_496/vin_496_discharge_5.csv,LFP,normal,vin_496,discharge,5,0,,,,
LFP_normal_vin_496_vin_496_discharge_6,D:\作业\论文复现\基线模型\mtad-gat-pytorch\datasets\CH-BATTERY\LFP\normal\vin_496\vin_496_discharge_6.csv,LFP/normal/vin_496/vin_496_discharge_6.csv,LFP,normal,vin_496,discharge,6,0,,,,
LFP_normal_vin_496_vin_496_discharge_7,D:\作业\论文复现\基线模型\mtad-gat-pytorch\datasets\CH-BATTERY\LFP\normal\vin_496\vin_496_discharge_7.csv,LFP/normal/vin_496/vin_496_discharge_7.csv,LFP,normal,vin_496,discharge,7,0,,,,
LFP_normal_vin_496_vin_496_discharge_8,D:\作业\论文复现\基线模型\mtad-gat-pytorch\datasets\CH-BATTERY\LFP\normal\vin_496\vin_496_discharge_8.csv,LFP/normal/vin_496/vin_496_discharge_8.csv,LFP,normal,vin_496,discharge,8,0,,,,
LFP_normal_vin_496_vin_496_discharge_9,D:\作业\论文复现\基线模型\mtad-gat-pytorch\datasets\CH-BATTERY\LFP\normal\vin_496\vin_496_discharge_9.csv,LFP/normal/vin_496/vin_496_discharge_9.csv,LFP,normal,vin_496,discharge,9,0,,,,
LFP_normal_vin_496_vin_496_discharge_10,D:\作业\论文复现\基线模型\mtad-gat-pytorch\datasets\CH-BATTERY\LFP\normal\vin_496\vin_496_discharge_10.csv,LFP/normal/vin_496/vin_496_discharge_10.csv,LFP,normal,vin_496,discharge,10,0,,,,
LFP_normal_vin_497_vin_497_discharge_1,D:\作业\论文复现\基线模型\mtad-gat-pytorch\datasets\CH-BATTERY\LFP\normal\vin_497\vin_497_discharge_1.csv,LFP/normal/vin_497/vin_497_discharge_1.csv,LFP,normal,vin_497,discharge,1,0,,,,
LFP_normal_vin_497_vin_497_discharge_2,D:\作业\论文复现\基线模型\mtad-gat-pytorch\datasets\CH-BATTERY\LFP\normal\vin_497\vin_497_discharge_2.csv,LFP/normal/vin_497/vin_497_discharge_2.csv,LFP,normal,vin_497,discharge,2,0,,,,
LFP_normal_vin_497_vin_497_discharge_3,D:\作业\论文复现\基线模型\mtad-gat-pytorch\datasets\CH-BATTERY\LFP\normal\vin_497\vin_497_discharge_3.csv,LFP/normal/vin_497/vin_497_discharge_3.csv,LFP,normal,vin_497,discharge,3,0,,,,
LFP_normal_vin_497_vin_497_discharge_4,D:\作业\论文复现\基线模型\mtad-gat-pytorch\datasets\CH-BATTERY\LFP\normal\vin_497\vin_497_discharge_4.csv,LFP/normal/vin_497/vin_497_discharge_4.csv,LFP,normal,vin_497,discharge,4,0,,,,
LFP_normal_vin_497_vin_497_discharge_5,D:\作业\论文复现\基线模型\mtad-gat-pytorch\datasets\CH-BATTERY\LFP\normal\vin_497\vin_497_discharge_5.csv,LFP/normal/vin_497/vin_497_discharge_5.csv,LFP,normal,vin_497,discharge,5,0,,,,
LFP_normal_vin_497_vin_497_discharge_6,D:\作业\论文复现\基线模型\mtad-gat-pytorch\datasets\CH-BATTERY\LFP\normal\vin_497\vin_497_discharge_6.csv,LFP/normal/vin_497/vin_497_discharge_6.csv,LFP,normal,vin_497,discharge,6,0,,,,
LFP_normal_vin_497_vin_497_discharge_7,D:\作业\论文复现\基线模型\mtad-gat-pytorch\datasets\CH-BATTERY\LFP\normal\vin_497\vin_497_discharge_7.csv,LFP/normal/vin_497/vin_497_discharge_7.csv,LFP,normal,vin_497,discharge,7,0,,,,
LFP_normal_vin_497_vin_497_discharge_8,D:\作业\论文复现\基线模型\mtad-gat-pytorch\datasets\CH-BATTERY\LFP\normal\vin_497\vin_497_discharge_8.csv,LFP/normal/vin_497/vin_497_discharge_8.csv,LFP,normal,vin_497,discharge,8,0,,,,
LFP_normal_vin_497_vin_497_discharge_9,D:\作业\论文复现\基线模型\mtad-gat-pytorch\datasets\CH-BATTERY\LFP\normal\vin_497\vin_497_discharge_9.csv,LFP/normal/vin_497/vin_497_discharge_9.csv,LFP,normal,vin_497,discharge,9,0,,,,
LFP_normal_vin_497_vin_497_discharge_10,D:\作业\论文复现\基线模型\mtad-gat-pytorch\datasets\CH-BATTERY\LFP\normal\vin_497\vin_497_discharge_10.csv,LFP/normal/vin_497/vin_497_discharge_10.csv,LFP,normal,vin_497,discharge,10,0,,,,
LFP_normal_vin_498_vin_498_discharge_1,D:\作业\论文复现\基线模型\mtad-gat-pytorch\datasets\CH-BATTERY\LFP\normal\vin_498\vin_498_discharge_1.csv,LFP/normal/vin_498/vin_498_discharge_1.csv,LFP,normal,vin_498,discharge,1,0,,,,
LFP_normal_vin_498_vin_498_discharge_2,D:\作业\论文复现\基线模型\mtad-gat-pytorch\datasets\CH-BATTERY\LFP\normal\vin_498\vin_498_discharge_2.csv,LFP/normal/vin_498/vin_498_discharge_2.csv,LFP,normal,vin_498,discharge,2,0,,,,
LFP_normal_vin_498_vin_498_discharge_3,D:\作业\论文复现\基线模型\mtad-gat-pytorch\datasets\CH-BATTERY\LFP\normal\vin_498\vin_498_discharge_3.csv,LFP/normal/vin_498/vin_498_discharge_3.csv,LFP,normal,vin_498,discharge,3,0,,,,
LFP_normal_vin_498_vin_498_discharge_4,D:\作业\论文复现\基线模型\mtad-gat-pytorch\datasets\CH-BATTERY\LFP\normal\vin_498\vin_498_discharge_4.csv,LFP/normal/vin_498/vin_498_discharge_4.csv,LFP,normal,vin_498,discharge,4,0,,,,
LFP_normal_vin_498_vin_498_discharge_5,D:\作业\论文复现\基线模型\mtad-gat-pytorch\datasets\CH-BATTERY\LFP\normal\vin_498\vin_498_discharge_5.csv,LFP/normal/vin_498/vin_498_discharge_5.csv,LFP,normal,vin_498,discharge,5,0,,,,
LFP_normal_vin_498_vin_498_discharge_6,D:\作业\论文复现\基线模型\mtad-gat-pytorch\datasets\CH-BATTERY\LFP\normal\vin_498\vin_498_discharge_6.csv,LFP/normal/vin_498/vin_498_discharge_6.csv,LFP,normal,vin_498,discharge,6,0,,,,
LFP_normal_vin_498_vin_498_discharge_7,D:\作业\论文复现\基线模型\mtad-gat-pytorch\datasets\CH-BATTERY\LFP\normal\vin_498\vin_498_discharge_7.csv,LFP/normal/vin_498/vin_498_discharge_7.csv,LFP,normal,vin_498,discharge,7,0,,,,
LFP_normal_vin_498_vin_498_discharge_8,D:\作业\论文复现\基线模型\mtad-gat-pytorch\datasets\CH-BATTERY\LFP\normal\vin_498\vin_498_discharge_8.csv,LFP/normal/vin_498/vin_498_discharge_8.csv,LFP,normal,vin_498,discharge,8,0,,,,
LFP_normal_vin_498_vin_498_discharge_9,D:\作业\论文复现\基线模型\mtad-gat-pytorch\datasets\CH-BATTERY\LFP\normal\vin_498\vin_498_discharge_9.csv,LFP/normal/vin_498/vin_498_discharge_9.csv,LFP,normal,vin_498,discharge,9,0,,,,
LFP_normal_vin_498_vin_498_discharge_10,D:\作业\论文复现\基线模型\mtad-gat-pytorch\datasets\CH-BATTERY\LFP\normal\vin_498\vin_498_discharge_10.csv,LFP/normal/vin_498/vin_498_discharge_10.csv,LFP,normal,vin_498,discharge,10,0,,,,
LFP_normal_vin_500_vin_500_discharge_1,D:\作业\论文复现\基线模型\mtad-gat-pytorch\datasets\CH-BATTERY\LFP\normal\vin_500\vin_500_discharge_1.csv,LFP/normal/vin_500/vin_500_discharge_1.csv,LFP,normal,vin_500,discharge,1,0,,,,
LFP_normal_vin_500_vin_500_discharge_2,D:\作业\论文复现\基线模型\mtad-gat-pytorch\datasets\CH-BATTERY\LFP\normal\vin_500\vin_500_discharge_2.csv,LFP/normal/vin_500/vin_500_discharge_2.csv,LFP,normal,vin_500,discharge,2,0,,,,
LFP_normal_vin_500_vin_500_discharge_3,D:\作业\论文复现\基线模型\mtad-gat-pytorch\datasets\CH-BATTERY\LFP\normal\vin_500\vin_500_discharge_3.csv,LFP/normal/vin_500/vin_500_discharge_3.csv,LFP,normal,vin_500,discharge,3,0,,,,
LFP_normal_vin_500_vin_500_discharge_4,D:\作业\论文复现\基线模型\mtad-gat-pytorch\datasets\CH-BATTERY\LFP\normal\vin_500\vin_500_discharge_4.csv,LFP/normal/vin_500/vin_500_discharge_4.csv,LFP,normal,vin_500,discharge,4,0,,,,
LFP_normal_vin_500_vin_500_discharge_5,D:\作业\论文复现\基线模型\mtad-gat-pytorch\datasets\CH-BATTERY\LFP\normal\vin_500\vin_500_discharge_5.csv,LFP/normal/vin_500/vin_500_discharge_5.csv,LFP,normal,vin_500,discharge,5,0,,,,
LFP_normal_vin_500_vin_500_discharge_6,D:\作业\论文复现\基线模型\mtad-gat-pytorch\datasets\CH-BATTERY\LFP\normal\vin_500\vin_500_discharge_6.csv,LFP/normal/vin_500/vin_500_discharge_6.csv,LFP,normal,vin_500,discharge,6,0,,,,
LFP_normal_vin_500_vin_500_discharge_7,D:\作业\论文复现\基线模型\mtad-gat-pytorch\datasets\CH-BATTERY\LFP\normal\vin_500\vin_500_discharge_7.csv,LFP/normal/vin_500/vin_500_discharge_7.csv,LFP,normal,vin_500,discharge,7,0,,,,
LFP_normal_vin_500_vin_500_discharge_8,D:\作业\论文复现\基线模型\mtad-gat-pytorch\datasets\CH-BATTERY\LFP\normal\vin_500\vin_500_discharge_8.csv,LFP/normal/vin_500/vin_500_discharge_8.csv,LFP,normal,vin_500,discharge,8,0,,,,
LFP_normal_vin_500_vin_500_discharge_9,D:\作业\论文复现\基线模型\mtad-gat-pytorch\datasets\CH-BATTERY\LFP\normal\vin_500\vin_500_discharge_9.csv,LFP/normal/vin_500/vin_500_discharge_9.csv,LFP,normal,vin_500,discharge,9,0,,,,
LFP_normal_vin_500_vin_500_discharge_10,D:\作业\论文复现\基线模型\mtad-gat-pytorch\datasets\CH-BATTERY\LFP\normal\vin_500\vin_500_discharge_10.csv,LFP/normal/vin_500/vin_500_discharge_10.csv,LFP,normal,vin_500,discharge,10,0,,,,
